state,district,market,crop_name,Arrival_Date,min_price,max_price,suggested_price
Andhra Pradesh,Chittor,Kalikiri,Tomato,23-08-2025,3500,4150,3900
Andhra Pradesh,Chittor,Mulakalacheruvu,Tomato,23-08-2025,1800,3600,2800
Andhra Pradesh,Chittor,Palamaner,Cabbage,23-08-2025,600,1100,900
Andhra Pradesh,Chittor,Palamaner,Potato,23-08-2025,1000,2000,1500
Andhra Pradesh,Chittor,Punganur,Tomato,23-08-2025,3000,4000,3500
Andhra Pradesh,East Godavari,Ambajipeta,Banana,23-08-2025,960,2000,1345
Andhra Pradesh,East Godavari,Ravulapelem,Banana,23-08-2025,2200,2900,2700
Andhra Pradesh,Guntur,Pidugurala(Palnadu),Dry Chillies,23-08-2025,12000,15000,14500
Andhra Pradesh,West Godavari,Chintalapudi,Lemon,23-08-2025,1500,2100,1800
Chandigarh,Chandigarh,Chandigarh(Grain/Fruit),Cucumbar(Kheera),23-08-2025,800,1600,1200
Gujarat,Ahmedabad,Ahmedabad,Bitter gourd,23-08-2025,600,2000,1450
Gujarat,Ahmedabad,Ahmedabad,Bottle gourd,23-08-2025,800,2500,1850
Gujarat,Ahmedabad,Ahmedabad,Carrot,23-08-2025,1000,3000,2200
Gujarat,Ahmedabad,Ahmedabad,Ginger(Green),23-08-2025,3500,7000,6400
Gujarat,Ahmedabad,Ahmedabad,Pumpkin,23-08-2025,400,600,500
Gujarat,Ahmedabad,Sanad,Paddy(Dhan)(Common),23-08-2025,2117,2493,2305
Gujarat,Amreli,Rajula,Bajra(Pearl Millet/Cumbu),23-08-2025,2000,2660,2330
Gujarat,Amreli,Rajula,Green Gram (Moong)(Whole),23-08-2025,7100,7100,7100
Gujarat,Amreli,Rajula,Wheat,23-08-2025,2950,2950,2950
Gujarat,Anand,Umreth,Bajra(Pearl Millet/Cumbu),23-08-2025,2400,2525,2515
Gujarat,Banaskanth,Amirgadh,Bajra(Pearl Millet/Cumbu),23-08-2025,1890,2520,2200
Gujarat,Banaskanth,Deesa,Rajgir,23-08-2025,5255,5820,5675
Gujarat,Banaskanth,Deesa(Deesa Veg Yard),Bhindi(Ladies Finger),23-08-2025,600,800,700
Gujarat,Banaskanth,Deesa(Deesa Veg Yard),Chikoos(Sapota),23-08-2025,3000,4000,3500
Gujarat,Banaskanth,Deesa(Deesa Veg Yard),Orange,23-08-2025,5000,5500,5250
Gujarat,Banaskanth,Deesa(Deesa Veg Yard),Pineapple,23-08-2025,4500,5000,4750
Gujarat,Banaskanth,Lakhani,Bajra(Pearl Millet/Cumbu),23-08-2025,1805,2520,2162
Gujarat,Banaskanth,Lakhani,Mustard,23-08-2025,6355,6600,6477
Gujarat,Banaskanth,Tharad,Cummin Seed(Jeera),23-08-2025,15500,19500,18000
Gujarat,Banaskanth,Tharad(Rah),Bajra(Pearl Millet/Cumbu),23-08-2025,2150,2550,2400
Gujarat,Banaskanth,Vav,Castor Seed,23-08-2025,6500,6590,6550
Gujarat,Banaskanth,Vav,Cummin Seed(Jeera),23-08-2025,15500,19150,18500
Gujarat,Botad,Botad,Arhar (Tur/Red Gram)(Whole),23-08-2025,3725,5000,4400
Gujarat,Botad,Botad,Bengal Gram(Gram)(Whole),23-08-2025,4625,5745,5200
Gujarat,Botad,Botad,Jowar(Sorghum),23-08-2025,3850,3850,3850
Gujarat,Chhota Udaipur,Kalediya,Cotton,23-08-2025,6750,7025,6850
Gujarat,Chhota Udaipur,Modasar        ,Cotton,23-08-2025,6800,7025,6900
Gujarat,Dahod,Dahod,Green Gram (Moong)(Whole),23-08-2025,7000,7700,7400
Gujarat,Dahod,Dahod,Wheat,23-08-2025,2760,2770,2765
Gujarat,Dahod,Dahod(Veg. Market),Brinjal,23-08-2025,200,4000,2100
Gujarat,Dahod,Dahod(Veg. Market),Cucumbar(Kheera),23-08-2025,600,2000,1300
Gujarat,Dahod,Dahod(Veg. Market),Pointed gourd (Parval),23-08-2025,2500,3500,3000
Gujarat,Dahod,Dahod(Veg. Market),Tomato,23-08-2025,2000,3500,2750
Gujarat,Gandhinagar,Kalol,Bajra(Pearl Millet/Cumbu),23-08-2025,2200,2350,2250
Gujarat,Gandhinagar,Mansa,Bajra(Pearl Millet/Cumbu),23-08-2025,2455,2540,2515
Gujarat,Gandhinagar,Mansa,Wheat,23-08-2025,2635,2700,2675
Gujarat,Gandhinagar,Mansa(Manas Veg Yard),Ridgeguard(Tori),23-08-2025,3000,3000,3000
Gujarat,Gir Somnath,Talalagir,Tomato,23-08-2025,3000,5000,4000
Gujarat,Kheda,Kapadvanj,Brinjal,23-08-2025,1000,1500,1250
Gujarat,Kheda,Kapadvanj,Tomato,23-08-2025,3000,4000,3200
Gujarat,Kheda,Kapadvanj,Wheat,23-08-2025,2500,2625,2560
Gujarat,Kheda,Nadiyad(Piplag),Coriander(Leaves),23-08-2025,900,1300,1200
Gujarat,Kheda,Nadiyad(Piplag),Tomato,23-08-2025,2000,2400,2100
Gujarat,Kheda,Nadiyad(Piplag),Tomato,23-08-2025,1500,1800,1600
Gujarat,Mehsana,Kadi,Bajra(Pearl Millet/Cumbu),23-08-2025,2150,2650,2550
Gujarat,Mehsana,Mehsana,Mustard,23-08-2025,5350,6435,6400
Gujarat,Mehsana,Mehsana(Jornang),Bajra(Pearl Millet/Cumbu),23-08-2025,1205,2355,2250
Gujarat,Mehsana,Mehsana(Jornang),Castor Seed,23-08-2025,6450,6500,6475
Gujarat,Mehsana,Mehsana(Mehsana Veg),Onion,23-08-2025,1000,1800,1500
Gujarat,Mehsana,Mehsana(Mehsana Veg),Potato,23-08-2025,200,1300,1100
Gujarat,Mehsana,Unjha,"Sesamum(Sesame,Gingelly,Til)",23-08-2025,6760,10500,9550
Gujarat,Mehsana,Visnagar,Bajra(Pearl Millet/Cumbu),23-08-2025,1750,2560,2155
Gujarat,Morbi,Morbi,Cummin Seed(Jeera),23-08-2025,16500,17950,17225
Gujarat,Morbi,Morbi,Tomato,23-08-2025,3000,4000,3500
Gujarat,Navsari,Bilimora,Green Chilli,23-08-2025,4000,6000,5000
Gujarat,Navsari,Bilimora,Potato,23-08-2025,1500,2000,1800
Gujarat,Navsari,Navsari,Cauliflower,23-08-2025,3000,3500,3250
Gujarat,Navsari,Navsari,Pointed gourd (Parval),23-08-2025,2500,3000,2750
Gujarat,Patan,Radhanpur,Cummin Seed(Jeera),23-08-2025,14700,19525,18500
Gujarat,Porbandar,Porbandar,Cummin Seed(Jeera),23-08-2025,15000,15000,15000
Gujarat,Porbandar,Porbandar,Mousambi(Sweet Lime),23-08-2025,3000,4000,3500
Gujarat,Sabarkantha,Modasa(Tintoi),Maize,23-08-2025,2200,2450,2450
Gujarat,Surat,Mandvi,"Sesamum(Sesame,Gingelly,Til)",23-08-2025,9500,9500,9500
Gujarat,Surat,Songadh,Bhindi(Ladies Finger),23-08-2025,1860,3200,2750
Gujarat,Surat,Songadh(Badarpada),Bhindi(Ladies Finger),23-08-2025,1860,3200,2750
Gujarat,Surat,Songadh(Badarpada),Guar,23-08-2025,3500,4250,3990
Gujarat,Surendranagar,Dhragradhra,Corriander seed,23-08-2025,5880,6320,6000
Gujarat,Surendranagar,Dhragradhra,"Sesamum(Sesame,Gingelly,Til)",23-08-2025,6600,9160,8500
Gujarat,Surendranagar,Dhragradhra,Wheat,23-08-2025,2350,2350,2350
Gujarat,Surendranagar,Vadhvan,Carrot,23-08-2025,2000,2500,2250
Gujarat,Surendranagar,Vadhvan,Drumstick,23-08-2025,6000,6500,6250
Gujarat,Vadodara(Baroda),Padra,Colacasia,23-08-2025,2500,3750,3150
Gujarat,Vadodara(Baroda),Padra,Coriander(Leaves),23-08-2025,2500,3250,2900
Gujarat,Vadodara(Baroda),Padra,Drumstick,23-08-2025,3500,4500,4000
Gujarat,Vadodara(Baroda),Padra,Potato,23-08-2025,1500,2100,1800
Gujarat,Vadodara(Baroda),Padra,Ridgeguard(Tori),23-08-2025,1000,1750,1400
Gujarat,Vadodara(Baroda),Padra,Spinach,23-08-2025,1750,2250,2000
Haryana,Ambala,Ambala Cantt.,Brinjal,23-08-2025,1500,2500,2200
Haryana,Ambala,Ambala Cantt.,Capsicum,23-08-2025,2000,3000,2500
Haryana,Ambala,Ambala Cantt.,Green Fodder,23-08-2025,180,300,250
Haryana,Ambala,Ambala Cantt.,Mousambi(Sweet Lime),23-08-2025,2500,3000,2800
Haryana,Ambala,Ambala Cantt.,Pear(Marasebu),23-08-2025,3000,4000,3500
Haryana,Ambala,Ambala Cantt.,Plum,23-08-2025,5000,5500,5200
Haryana,Ambala,Ambala Cantt.,Pumpkin,23-08-2025,800,1200,1000
Haryana,Ambala,Naraingarh,Onion,23-08-2025,1500,2000,1600
Haryana,Ambala,Naraingarh,Peas Wet,23-08-2025,5000,10000,7000
Haryana,Ambala,Shahzadpur,Brinjal,23-08-2025,2000,2000,2000
Haryana,Ambala,Shahzadpur,Colacasia,23-08-2025,2100,2100,2100
Haryana,Ambala,Shahzadpur,Potato,23-08-2025,800,1000,800
Haryana,Bhiwani,Bhiwani,Banana,23-08-2025,5740,6210,5980
Haryana,Faridabad,Ballabhgarh,Bhindi(Ladies Finger),23-08-2025,1200,1800,1500
Haryana,Faridabad,Ballabhgarh,Bitter gourd,23-08-2025,1500,2000,1500
Haryana,Faridabad,Ballabhgarh,Capsicum,23-08-2025,4000,6000,5000
Haryana,Faridabad,Ballabhgarh,Ridgeguard(Tori),23-08-2025,1500,2000,1800
Haryana,Gurgaon,Gurgaon,Bhindi(Ladies Finger),23-08-2025,1000,2000,1500
Haryana,Gurgaon,Gurgaon,Bitter gourd,23-08-2025,1500,2500,2000
Haryana,Gurgaon,Gurgaon,Bottle gourd,23-08-2025,1000,2000,1500
Haryana,Gurgaon,Gurgaon,Potato,23-08-2025,800,1200,1000
Haryana,Gurgaon,Gurgaon,Tomato,23-08-2025,2000,4000,3000
Haryana,Hissar,Barwala(Hisar),Bottle gourd,23-08-2025,800,1000,900
Haryana,Hissar,Barwala(Hisar),Onion,23-08-2025,1600,2000,1800
Haryana,Hissar,Barwala(Hisar),Pomegranate,23-08-2025,10000,12000,11000
Haryana,Hissar,Hansi,Bhindi(Ladies Finger),23-08-2025,2000,2500,2300
Haryana,Hissar,Hansi,Bitter gourd,23-08-2025,3000,4000,3500
Haryana,Hissar,Hansi,Cabbage,23-08-2025,2000,2500,2300
Haryana,Hissar,Hansi,Cucumbar(Kheera),23-08-2025,2000,3000,2500
Haryana,Hissar,Hansi,Mango,23-08-2025,10000,12000,11000
Haryana,Hissar,Hansi,Pomegranate,23-08-2025,5000,10000,8000
Haryana,Hissar,Uklana,Bhindi(Ladies Finger),23-08-2025,2500,2500,2500
Haryana,Hissar,Uklana,Bottle gourd,23-08-2025,1000,1000,1000
Haryana,Hissar,Uklana,Mousambi(Sweet Lime),23-08-2025,4000,4500,4500
Haryana,Jind,Jind,Tomato,23-08-2025,3500,5000,4500
Haryana,Jind,Narwana,Onion,23-08-2025,1400,1600,1500
Haryana,Jind,Safidon,Potato,23-08-2025,1000,1000,1000
Haryana,Kaithal,Cheeka,Potato,23-08-2025,800,900,850
Haryana,Kaithal,Dhand,Tomato,23-08-2025,3500,4000,3800
Haryana,Kaithal,Kaithal,Apple,23-08-2025,3500,8000,5750
Haryana,Kaithal,Kaithal,Cauliflower,23-08-2025,1500,4200,2850
Haryana,Karnal,Indri,Tomato,23-08-2025,4000,4000,4000
Haryana,Karnal,Tarori,Potato,23-08-2025,1000,1200,1100
Haryana,Kurukshetra,Ladwa,Apple,23-08-2025,6000,9000,8500
Haryana,Kurukshetra,Ladwa,Bottle gourd,23-08-2025,800,2500,1200
Haryana,Kurukshetra,Ladwa,Onion,23-08-2025,1500,2000,1800
Haryana,Kurukshetra,Ladwa,Pomegranate,23-08-2025,8000,9000,8200
Haryana,Kurukshetra,Ladwa,Ridgeguard(Tori),23-08-2025,2000,2000,2000
Haryana,Kurukshetra,Shahabad,Banana,23-08-2025,2500,3000,2700
Haryana,Kurukshetra,Shahabad,Bhindi(Ladies Finger),23-08-2025,2000,3000,2500
Haryana,Kurukshetra,Shahabad,Bottle gourd,23-08-2025,1200,2000,1500
Haryana,Kurukshetra,Shahabad,Capsicum,23-08-2025,3000,6000,4500
Haryana,Kurukshetra,Shahabad,Colacasia,23-08-2025,1500,2400,2000
Haryana,Kurukshetra,Shahabad,Guava,23-08-2025,500,4000,2000
Haryana,Kurukshetra,Shahabad,Orange,23-08-2025,10000,10000,10000
Haryana,Kurukshetra,Shahabad,Tinda,23-08-2025,4000,4200,4100
Haryana,Mahendragarh-Narnaul,Narnaul,Brinjal,23-08-2025,2000,2500,2500
Haryana,Mahendragarh-Narnaul,Narnaul,Cabbage,23-08-2025,1000,2500,2000
Haryana,Mahendragarh-Narnaul,Narnaul,Cucumbar(Kheera),23-08-2025,1000,2500,2000
Haryana,Mahendragarh-Narnaul,Narnaul,Guava,23-08-2025,1500,2500,2500
Haryana,Mahendragarh-Narnaul,Narnaul,Onion,23-08-2025,2000,2000,2000
Haryana,Mahendragarh-Narnaul,Narnaul,Pomegranate,23-08-2025,8000,12000,12000
Haryana,Mahendragarh-Narnaul,Narnaul,Potato,23-08-2025,1300,1300,1300
Haryana,Mahendragarh-Narnaul,Narnaul,Sponge gourd,23-08-2025,1000,2000,1500
Haryana,Mewat,FerozpurZirkha(Nagina),Lemon,23-08-2025,1800,2200,2000
Haryana,Mewat,Punhana,Potato,23-08-2025,1200,1200,1200
Haryana,Mewat,Punhana,Tomato,23-08-2025,4000,5000,4500
Haryana,Palwal,Hassanpur,Potato,23-08-2025,1500,1500,1500
Haryana,Panchkula,Panchkul(Kalka),Potato,23-08-2025,1800,2500,2000
Haryana,Panchkula,Raipur Rai,Potato,23-08-2025,1000,1200,1000
Haryana,Panchkula,Raipur Rai,Spinach,23-08-2025,1400,1500,1400
Haryana,Panipat,Madlauda,Potato,23-08-2025,1000,1000,1000
Haryana,Panipat,Panipat,Brinjal,23-08-2025,1000,2000,1500
Haryana,Panipat,Panipat,Chikoos(Sapota),23-08-2025,3200,3400,3300
Haryana,Panipat,Panipat,Onion,23-08-2025,1100,1500,1300
Haryana,Panipat,Panipat,Potato,23-08-2025,500,1300,900
Haryana,Panipat,Samalkha,Tomato,23-08-2025,3000,3000,3000
Haryana,Rohtak,Meham,Cucumbar(Kheera),23-08-2025,1600,1600,1600
Haryana,Rohtak,Meham,Spinach,23-08-2025,2000,2000,2000
Haryana,Rohtak,Sampla,Apple,23-08-2025,5000,8000,6000
Haryana,Rohtak,Sampla,Banana,23-08-2025,2500,2500,2500
Haryana,Rohtak,Sampla,Tomato,23-08-2025,5000,5000,5000
Haryana,Sirsa,Sirsa,Apple,23-08-2025,3500,15000,5500
Haryana,Sirsa,Sirsa,Tomato,23-08-2025,2500,4000,3500
Haryana,Sonipat,Ganaur,Garlic,23-08-2025,8000,9000,8500
Haryana,Sonipat,Ganaur,Lemon,23-08-2025,7000,8000,7500
Haryana,Sonipat,Ganaur,Peas Wet,23-08-2025,9000,10000,9500
Haryana,Sonipat,Ganaur,Ridgeguard(Tori),23-08-2025,2400,2500,2400
Haryana,Sonipat,Gohana,Bhindi(Ladies Finger),23-08-2025,2000,3000,2500
Haryana,Sonipat,Gohana,Guava,23-08-2025,1000,2000,1500
Haryana,Sonipat,Gohana,Peas cod,23-08-2025,8000,10000,9000
Haryana,Sonipat,Sonepat,Banana,23-08-2025,3300,3600,3300
Haryana,Sonipat,Sonepat,Bhindi(Ladies Finger),23-08-2025,1900,2300,1900
Haryana,Sonipat,Sonepat,Bitter gourd,23-08-2025,2400,4100,2400
Haryana,Sonipat,Sonepat,Cabbage,23-08-2025,1600,4200,1600
Haryana,Sonipat,Sonepat(Kharkhoda),Tomato,23-08-2025,3000,4000,3500
Haryana,Yamuna Nagar,Mustafabad,Onion,23-08-2025,1500,2000,1800
Haryana,Yamuna Nagar,Radaur,Bhindi(Ladies Finger),23-08-2025,1500,2000,1800
Haryana,Yamuna Nagar,Radaur,Bitter gourd,23-08-2025,2100,2500,2200
Haryana,Yamuna Nagar,Radaur,Bottle gourd,23-08-2025,1200,1600,1400
Haryana,Yamuna Nagar,Radaur,Pumpkin,23-08-2025,800,1000,900
Haryana,Yamuna Nagar,Sadhaura,Banana,23-08-2025,2200,2500,2300
Himachal Pradesh,Bilaspur,Bilaspur,Capsicum,23-08-2025,5000,7000,6000
Himachal Pradesh,Chamba,Chamba,Capsicum,23-08-2025,5500,6000,5750
Himachal Pradesh,Chamba,Chamba,Lemon,23-08-2025,6000,8000,7000
Himachal Pradesh,Hamirpur,Hamirpur,Apple,23-08-2025,3500,5000,4200
Himachal Pradesh,Hamirpur,Hamirpur,Green Chilli,23-08-2025,6000,6500,6200
Himachal Pradesh,Hamirpur,Hamirpur,Mousambi(Sweet Lime),23-08-2025,5000,5500,5200
Himachal Pradesh,Hamirpur,Hamirpur,Peas Wet,23-08-2025,15000,15000,15000
Himachal Pradesh,Hamirpur,Hamirpur,Pineapple,23-08-2025,5000,5000,5000
Himachal Pradesh,Hamirpur,Hamirpur(Nadaun),Apple,23-08-2025,3500,5000,4200
Himachal Pradesh,Hamirpur,Hamirpur(Nadaun),Bhindi(Ladies Finger),23-08-2025,3000,3500,3200
Himachal Pradesh,Hamirpur,Hamirpur(Nadaun),Bitter gourd,23-08-2025,4000,6000,5000
Himachal Pradesh,Hamirpur,Hamirpur(Nadaun),Cucumbar(Kheera),23-08-2025,4000,5000,4500
Himachal Pradesh,Hamirpur,Hamirpur(Nadaun),Pomegranate,23-08-2025,14000,18000,16000
Himachal Pradesh,Hamirpur,Hamirpur(Nadaun),Sponge gourd,23-08-2025,4000,4000,4000
Himachal Pradesh,Hamirpur,Hamirpur(Nadaun),Tomato,23-08-2025,6500,7000,6700
Himachal Pradesh,Kangra,Dharamshala,Cabbage,23-08-2025,3200,3500,3350
Himachal Pradesh,Kangra,Dharamshala,Capsicum,23-08-2025,8000,9000,8500
Himachal Pradesh,Kangra,Dharamshala,Cauliflower,23-08-2025,6000,7000,6500
Himachal Pradesh,Kangra,Dharamshala,Cucumbar(Kheera),23-08-2025,3500,5000,4250
Himachal Pradesh,Kangra,Dharamshala,Green Chilli,23-08-2025,6000,7500,6800
Himachal Pradesh,Kangra,Dharamshala,Mousambi(Sweet Lime),23-08-2025,5000,5500,5250
Himachal Pradesh,Kangra,Kangra,Bhindi(Ladies Finger),23-08-2025,3500,4000,3700
Himachal Pradesh,Kangra,Kangra,Bottle gourd,23-08-2025,3000,6000,4000
Himachal Pradesh,Kangra,Kangra,Cabbage,23-08-2025,2000,3000,2500
Himachal Pradesh,Kangra,Kangra,Onion,23-08-2025,2600,2700,2700
Himachal Pradesh,Kangra,Kangra,Potato,23-08-2025,1100,2200,1500
Himachal Pradesh,Kangra,Kangra(Baijnath),Bhindi(Ladies Finger),23-08-2025,3800,4000,4000
Himachal Pradesh,Kangra,Kangra(Baijnath),Cabbage,23-08-2025,3000,3000,3000
Himachal Pradesh,Kangra,Kangra(Baijnath),Capsicum,23-08-2025,8000,8200,8200
Himachal Pradesh,Kangra,Kangra(Jaisinghpur),Apple,23-08-2025,5000,12000,9000
Himachal Pradesh,Kangra,Kangra(Jaisinghpur),Bhindi(Ladies Finger),23-08-2025,4000,4500,4200
Himachal Pradesh,Kangra,Kangra(Jaisinghpur),Capsicum,23-08-2025,7000,7500,7200
Himachal Pradesh,Kangra,Kangra(Jaisinghpur),Coriander(Leaves),23-08-2025,26000,30000,28000
Himachal Pradesh,Kangra,Kangra(Jaisinghpur),Garlic,23-08-2025,10000,12500,11500
Himachal Pradesh,Kangra,Kangra(Jaisinghpur),Pear(Marasebu),23-08-2025,7000,7500,7200
Himachal Pradesh,Kangra,Kangra(Jassour),Banana,23-08-2025,4000,4500,4200
Himachal Pradesh,Kangra,Kangra(Jassour),Bhindi(Ladies Finger),23-08-2025,3000,3500,3250
Himachal Pradesh,Kangra,Kangra(Jassour),Bitter gourd,23-08-2025,1500,2000,1800
Himachal Pradesh,Kangra,Kangra(Jassour),Cauliflower,23-08-2025,4000,4500,4250
Himachal Pradesh,Kangra,Kangra(Jassour),Lemon,23-08-2025,3500,4000,3800
Himachal Pradesh,Kangra,Kangra(Jassour),Tomato,23-08-2025,4000,5000,4500
Himachal Pradesh,Kangra,Kangra(Nagrota Bagwan),Brinjal,23-08-2025,2500,3500,3000
Himachal Pradesh,Kangra,Kangra(Nagrota Bagwan),Cauliflower,23-08-2025,6000,7000,6500
Himachal Pradesh,Kangra,Kangra(Nagrota Bagwan),Ginger(Green),23-08-2025,7500,8000,7700
Himachal Pradesh,Kangra,Kangra(Nagrota Bagwan),Pear(Marasebu),23-08-2025,4000,6000,5000
Himachal Pradesh,Kangra,Kangra(Nagrota Bagwan),Sponge gourd,23-08-2025,3000,3500,3200
Himachal Pradesh,Kangra,Palampur,Cabbage,23-08-2025,2800,3000,2900
Himachal Pradesh,Kangra,Palampur,Carrot,23-08-2025,2800,3000,2900
Himachal Pradesh,Kangra,Palampur,French Beans (Frasbean),23-08-2025,8000,9000,8500
Himachal Pradesh,Kangra,Palampur,Mashrooms,23-08-2025,19000,20000,19500
Himachal Pradesh,Kangra,Palampur,Mousambi(Sweet Lime),23-08-2025,5000,5300,5100
Himachal Pradesh,Kangra,Palampur,Papaya,23-08-2025,3200,3500,3300
Himachal Pradesh,Kangra,Palampur,Peas Wet,23-08-2025,11000,12000,11500
Himachal Pradesh,Kangra,Palampur,Pineapple,23-08-2025,5000,5500,5200
Himachal Pradesh,Kangra,Palampur,Pomegranate,23-08-2025,7000,13000,10000
Himachal Pradesh,Kangra,Palampur,Sponge gourd,23-08-2025,3500,4000,3700
Himachal Pradesh,Kullu,Kullu,French Beans (Frasbean),23-08-2025,2500,3000,2800
Himachal Pradesh,Kullu,Kullu,Garlic,23-08-2025,5000,12000,8000
Himachal Pradesh,Kullu,Kullu,Ginger(Dry),23-08-2025,8000,10000,9000
Himachal Pradesh,Kullu,Kullu,Lemon,23-08-2025,7000,8000,7500
Himachal Pradesh,Kullu,Kullu,Papaya,23-08-2025,4000,4500,4300
Himachal Pradesh,Kullu,Kullu,Pumpkin,23-08-2025,2000,2500,2300
Himachal Pradesh,Mandi,Dhanotu (Mandi),Bhindi(Ladies Finger),23-08-2025,3500,4000,3750
Himachal Pradesh,Mandi,Dhanotu (Mandi),Cabbage,23-08-2025,1000,1500,1250
Himachal Pradesh,Mandi,Dhanotu (Mandi),Cucumbar(Kheera),23-08-2025,2000,2500,2250
Himachal Pradesh,Mandi,Dhanotu (Mandi),Ginger(Dry),23-08-2025,5000,7000,6000
Himachal Pradesh,Mandi,Dhanotu (Mandi),Potato,23-08-2025,1200,2500,1850
Himachal Pradesh,Mandi,Dhanotu (Mandi),Sponge gourd,23-08-2025,2000,2500,2250
Himachal Pradesh,Mandi,Mandi(Mandi),Apple,23-08-2025,5000,10000,6000
Himachal Pradesh,Mandi,Mandi(Mandi),Banana,23-08-2025,2500,4200,3500
Himachal Pradesh,Mandi,Mandi(Mandi),Capsicum,23-08-2025,4000,8000,6000
Himachal Pradesh,Mandi,Mandi(Mandi),Green Chilli,23-08-2025,6000,7000,7000
Himachal Pradesh,Mandi,Mandi(Mandi),Mashrooms,23-08-2025,17500,20000,20000
Himachal Pradesh,Mandi,Mandi(Mandi),Onion,23-08-2025,2200,2800,2500
Himachal Pradesh,Mandi,Mandi(Mandi),Papaya,23-08-2025,3000,4000,4000
Himachal Pradesh,Mandi,Mandi(Mandi),Pomegranate,23-08-2025,8000,15000,10000
Himachal Pradesh,Sirmore,Nahan,Banana,23-08-2025,3000,4000,3500
Himachal Pradesh,Sirmore,Nahan,Bitter gourd,23-08-2025,4000,5000,4500
Himachal Pradesh,Sirmore,Nahan,Bottle gourd,23-08-2025,2500,3000,2800
Himachal Pradesh,Sirmore,Nahan,Capsicum,23-08-2025,6000,7000,6500
Himachal Pradesh,Sirmore,Nahan,French Beans (Frasbean),23-08-2025,9000,10000,9500
Himachal Pradesh,Sirmore,Nahan,Mousambi(Sweet Lime),23-08-2025,6000,7000,6500
Himachal Pradesh,Sirmore,Paonta Sahib,Apple,23-08-2025,3000,15000,7500
Himachal Pradesh,Sirmore,Paonta Sahib,Banana,23-08-2025,4500,5000,4800
Himachal Pradesh,Sirmore,Paonta Sahib,Bhindi(Ladies Finger),23-08-2025,2500,3000,2800
Himachal Pradesh,Sirmore,Paonta Sahib,Capsicum,23-08-2025,6000,8000,7000
Himachal Pradesh,Sirmore,Paonta Sahib,Carrot,23-08-2025,2500,3500,3000
Himachal Pradesh,Sirmore,Paonta Sahib,Raddish,23-08-2025,1000,2000,1500
Himachal Pradesh,Solan,Solan,Banana,23-08-2025,2000,3000,2700
Himachal Pradesh,Solan,Solan,Bitter gourd,23-08-2025,3000,3500,3200
Himachal Pradesh,Solan,Solan,Colacasia,23-08-2025,2500,2800,2600
Himachal Pradesh,Solan,Solan,Guava,23-08-2025,4000,4500,4200
Himachal Pradesh,Solan,Solan,Mashrooms,23-08-2025,10000,12000,11500
Himachal Pradesh,Solan,Solan,Pear(Marasebu),23-08-2025,4000,7000,6000
Himachal Pradesh,Solan,Solan(Nalagarh),Capsicum,23-08-2025,6000,8000,7000
Himachal Pradesh,Solan,Solan(Nalagarh),Cucumbar(Kheera),23-08-2025,1400,1800,1600
Himachal Pradesh,Solan,Solan(Nalagarh),Onion,23-08-2025,2000,2500,2300
Himachal Pradesh,Solan,Solan(Nalagarh),Sponge gourd,23-08-2025,1800,2000,1900
Himachal Pradesh,Una,Santoshgarh,Brinjal,23-08-2025,800,1700,1250
Himachal Pradesh,Una,Santoshgarh,Tomato,23-08-2025,5000,5500,5250
Himachal Pradesh,Una,Una,Bottle gourd,23-08-2025,2500,4000,3200
Himachal Pradesh,Una,Una,Cucumbar(Kheera),23-08-2025,1800,2500,2200
Himachal Pradesh,Una,Una,French Beans (Frasbean),23-08-2025,3000,7000,5000
Himachal Pradesh,Una,Una,Guava,23-08-2025,5000,6000,5500
Himachal Pradesh,Una,Una,Onion,23-08-2025,2100,2500,2300
Himachal Pradesh,Una,Una,Sponge gourd,23-08-2025,3000,3500,3250
Jammu and Kashmir,Anantnag,Kulgam,Apple,23-08-2025,4411.76,5588.24,5000
Jammu and Kashmir,Anantnag,Kulgam,Pear(Marasebu),23-08-2025,1900,2500,2250
Jammu and Kashmir,Baramulla,Nowpora,Pear(Marasebu),23-08-2025,3700,5500,4600
Jammu and Kashmir,Jammu,Batote,Bhindi(Ladies Finger),23-08-2025,2300,2500,2400
Jammu and Kashmir,Jammu,Batote,Capsicum,23-08-2025,2000,2200,2100
Jammu and Kashmir,Jammu,Batote,Green Chilli,23-08-2025,4500,4700,4600
Jammu and Kashmir,Jammu,Batote,Pomegranate,23-08-2025,9000,9200,9100
Jammu and Kashmir,Jammu,Batote,Potato,23-08-2025,1900,2100,2000
Jammu and Kashmir,Jammu,Batote,Raddish,23-08-2025,1400,1600,1500
Jammu and Kashmir,Jammu,Narwal Jammu (F&V),Apple,23-08-2025,4800,6000,5400
Jammu and Kashmir,Kathua,Kathua,Banana,23-08-2025,4000,4500,4250
Jammu and Kashmir,Kathua,Kathua,Garlic,23-08-2025,13000,14000,13500
Jammu and Kashmir,Kathua,Kathua,Ginger(Green),23-08-2025,8000,9000,8500
Jammu and Kashmir,Kathua,Kathua,Indian Beans (Seam),23-08-2025,9000,10000,9500
Jammu and Kashmir,Kathua,Kathua,Knool Khol,23-08-2025,2000,2500,2250
Jammu and Kashmir,Kathua,Kathua,Mousambi(Sweet Lime),23-08-2025,5000,6000,5500
Jammu and Kashmir,Rajouri,Rajouri (F&V),Green Chilli,23-08-2025,6000,6200,6100
Jammu and Kashmir,Rajouri,Rajouri (F&V),Onion,23-08-2025,2600,2700,2650
Jammu and Kashmir,Rajouri,Rajouri (F&V),Papaya,23-08-2025,4000,4200,4100
Jammu and Kashmir,Rajouri,Rajouri (F&V),Spinach,23-08-2025,4000,4200,4100
Jammu and Kashmir,Srinagar,Parimpore,Bitter gourd,23-08-2025,4000,4500,4250
Jammu and Kashmir,Srinagar,Parimpore,Bottle gourd,23-08-2025,2400,3000,2700
Jammu and Kashmir,Srinagar,Parimpore,Brinjal,23-08-2025,1000,1200,1100
Jammu and Kashmir,Srinagar,Parimpore,Capsicum,23-08-2025,2200,2400,2300
Jammu and Kashmir,Srinagar,Parimpore,Cucumbar(Kheera),23-08-2025,2500,3000,2750
Jammu and Kashmir,Srinagar,Parimpore,Ginger(Green),23-08-2025,10000,11000,10500
Jammu and Kashmir,Srinagar,Parimpore,Knool Khol,23-08-2025,2500,3500,3000
Jammu and Kashmir,Srinagar,Parimpore,Peas Wet,23-08-2025,6500,7500,7000
Jammu and Kashmir,Srinagar,Parimpore,Pineapple,23-08-2025,8500,9500,9000
Jammu and Kashmir,Srinagar,Parimpore,Potato,23-08-2025,1800,2000,1900
Jammu and Kashmir,Srinagar,Parimpore,Potato,23-08-2025,800,1000,900
Jammu and Kashmir,Srinagar,Parimpore,Spinach,23-08-2025,1800,2200,2000
Jammu and Kashmir,Udhampur,Udhampur,Banana,23-08-2025,4200,4600,4400
Kerala,Alappuzha,Aroor,Banana,23-08-2025,5000,5200,5100
Kerala,Alappuzha,Aroor,Bhindi(Ladies Finger),23-08-2025,4000,4200,4100
Kerala,Alappuzha,Aroor,Bitter gourd,23-08-2025,6000,6200,6100
Kerala,Alappuzha,Aroor,Cowpea(Veg),23-08-2025,5000,5200,5100
Kerala,Alappuzha,Aroor,Cucumbar(Kheera),23-08-2025,3600,3800,3700
Kerala,Alappuzha,Aroor,Lemon,23-08-2025,6000,6200,6100
Kerala,Alappuzha,Aroor,Potato,23-08-2025,3400,3600,3500
Kerala,Alappuzha,Chengannur,Brinjal,23-08-2025,3900,4200,4000
Kerala,Alappuzha,Chengannur,Drumstick,23-08-2025,3800,4300,4000
Kerala,Alappuzha,Chengannur,Potato,23-08-2025,3800,4100,4000
Kerala,Alappuzha,Chengannur,Tomato,23-08-2025,4900,5200,5000
Kerala,Alappuzha,Cherthala,Brinjal,23-08-2025,3200,3400,3300
Kerala,Alappuzha,Cherthala,Carrot,23-08-2025,6000,6200,6100
Kerala,Alappuzha,Cherthala,Colacasia,23-08-2025,6500,6700,6600
Kerala,Alappuzha,Harippad,Amaranthus,23-08-2025,5000,5500,5000
Kerala,Alappuzha,Harippad,Banana,23-08-2025,5000,5500,5000
Kerala,Alappuzha,Harippad,Brinjal,23-08-2025,4000,4500,4000
Kerala,Alappuzha,Harippad,Colacasia,23-08-2025,8000,8600,8000
Kerala,Alappuzha,Harippad,Green Chilli,23-08-2025,4000,4600,4000
Kerala,Alappuzha,Harippad,Onion,23-08-2025,5000,5500,5000
Kerala,Alappuzha,Kayamkulam,Ashgourd,23-08-2025,1400,1600,1500
Kerala,Alappuzha,Kayamkulam,Carrot,23-08-2025,5400,5600,5500
Kerala,Alappuzha,Kayamkulam,French Beans (Frasbean),23-08-2025,5900,6100,6000
Kerala,Alappuzha,Kayamkulam,Ginger(Green),23-08-2025,5700,5900,5800
Kerala,Alappuzha,Kayamkulam,Green Chilli,23-08-2025,5500,5700,5600
Kerala,Alappuzha,Kayamkulam,Pumpkin,23-08-2025,1600,1800,1700
Kerala,Alappuzha,Mannar,Amphophalus,23-08-2025,5000,5200,5100
Kerala,Ernakulam,Aluva,Bhindi(Ladies Finger),23-08-2025,4000,6000,5000
Kerala,Ernakulam,Aluva,Cucumbar(Kheera),23-08-2025,3000,4000,3500
Kerala,Ernakulam,Aluva,Green Chilli,23-08-2025,6000,8000,7000
Kerala,Ernakulam,Aluva,Little gourd (Kundru),23-08-2025,6000,7000,6500
Kerala,Ernakulam,Aluva,Mango (Raw-Ripe),23-08-2025,5000,6000,5500
Kerala,Ernakulam,Mazhuvannur VFPCK,Elephant Yam (Suran),23-08-2025,4000,4300,4100
Kerala,Ernakulam,North Paravur,Alsandikai,23-08-2025,5500,6000,5800
Kerala,Ernakulam,North Paravur,Amla(Nelli Kai),23-08-2025,5000,6000,5500
Kerala,Ernakulam,North Paravur,Beetroot,23-08-2025,3000,4000,3500
Kerala,Ernakulam,North Paravur,Indian Beans (Seam),23-08-2025,4800,5500,5000
Kerala,Ernakulam,North Paravur,Snakeguard,23-08-2025,3500,4500,4000
Kerala,Ernakulam,Perumbavoor,Cowpea(Veg),23-08-2025,5000,6000,5500
Kerala,Ernakulam,Perumbavoor,Little gourd (Kundru),23-08-2025,3600,4600,4000
Kerala,Ernakulam,Perumbavoor,Mango (Raw-Ripe),23-08-2025,6000,7000,6500
Kerala,Ernakulam,Perumbavoor,Onion,23-08-2025,1800,2800,2200
Kerala,Ernakulam,Thrippunithura,Cabbage,23-08-2025,4000,5000,4200
Kerala,Ernakulam,Thrippunithura,Cluster beans,23-08-2025,5000,7000,5200
Kerala,Ernakulam,Thrippunithura,Green Chilli,23-08-2025,6500,10000,7500
Kerala,Ernakulam,Thrippunithura,Little gourd (Kundru),23-08-2025,6000,7000,6200
Kerala,Ernakulam,Thrippunithura,Mango (Raw-Ripe),23-08-2025,9000,10000,9200
Kerala,Ernakulam,Thrippunithura,Tapioca,23-08-2025,3000,3500,3200
Kerala,Idukki,Adimali,Ashgourd,23-08-2025,3000,3000,3000
Kerala,Idukki,Adimali,Cluster beans,23-08-2025,8000,8000,8000
Kerala,Idukki,Adimali,Colacasia,23-08-2025,8000,10000,10000
Kerala,Idukki,Adimali,Cucumbar(Kheera),23-08-2025,5000,5000,5000
Kerala,Idukki,KANTHALOOR VFPCK,Cabbage,23-08-2025,1200,1800,1500
Kerala,Idukki,Vandiperiyar,Brinjal,23-08-2025,4500,4800,4800
Kerala,Idukki,Vandiperiyar,Cabbage,23-08-2025,2800,3000,3000
Kerala,Idukki,Vandiperiyar,Cauliflower,23-08-2025,5200,5500,5500
Kerala,Idukki,Vandiperiyar,Elephant Yam (Suran),23-08-2025,6000,6200,6200
Kerala,Idukki,Vandiperiyar,Onion,23-08-2025,2700,2800,2800
Kerala,Kannur,Kannur,Cowpea(Veg),23-08-2025,4700,5100,4900
Kerala,Kannur,Payyannur,Black pepper,23-08-2025,64000,66000,65000
Kerala,Kannur,Payyannur,Tapioca,23-08-2025,4000,4200,4100
Kerala,Kollam,Anchal,Banana,23-08-2025,2800,3000,2900
Kerala,Kollam,Anchal,Beetroot,23-08-2025,3700,3900,3800
Kerala,Kollam,Anchal,Bitter gourd,23-08-2025,5600,5800,5700
Kerala,Kollam,Anchal,Coconut,23-08-2025,5700,5900,5800
Kerala,Kollam,Anchal,Elephant Yam (Suran),23-08-2025,4800,5000,4900
Kerala,Kollam,Anchal,Onion,23-08-2025,3600,3800,3700
Kerala,Kollam,Anchal,Tapioca,23-08-2025,2700,2900,2800
Kerala,Kottayam,Ettumanoor,Coconut,23-08-2025,7000,7500,7300
Kerala,Kottayam,Ettumanoor,Onion,23-08-2025,4200,4600,4400
Kerala,Kottayam,Kottayam,Banana,23-08-2025,5000,5400,5200
Kerala,Kottayam,Kottayam,Banana,23-08-2025,8000,8400,8200
Kerala,Kottayam,Kottayam,Bhindi(Ladies Finger),23-08-2025,3400,3800,3600
Kerala,Kottayam,Kottayam,Carrot,23-08-2025,7200,7600,7400
Kerala,Kottayam,Kuruppanthura,Ginger(Green),23-08-2025,6000,8000,7000
Kerala,Kottayam,Pampady,Banana,23-08-2025,6000,7500,7000
Kerala,Kottayam,Pampady,Bitter gourd,23-08-2025,4300,6500,6000
Kerala,Kottayam,Pampady,Drumstick,23-08-2025,3000,4600,4000
Kerala,Kottayam,Pampady,Indian Beans (Seam),23-08-2025,6000,7500,6500
Kerala,Kottayam,Pampady,Little gourd (Kundru),23-08-2025,5000,6500,6000
Kerala,Kottayam,Pampady,Onion,23-08-2025,2300,4000,3500
Kerala,Kozhikode(Calicut),Kallachi,Brinjal,23-08-2025,3800,4200,4000
Kerala,Kozhikode(Calicut),Kallachi,Cowpea(Veg),23-08-2025,4800,5200,5000
Kerala,Kozhikode(Calicut),Kallachi,Drumstick,23-08-2025,3800,4200,4000
Kerala,Kozhikode(Calicut),Mukkom,Banana,23-08-2025,5200,5500,5300
Kerala,Kozhikode(Calicut),Mukkom,Cucumbar(Kheera),23-08-2025,3600,4000,3800
Kerala,Kozhikode(Calicut),Palayam,Bottle gourd,23-08-2025,3000,3000,3000
Kerala,Kozhikode(Calicut),Palayam,Cauliflower,23-08-2025,2000,2000,2000
Kerala,Kozhikode(Calicut),Palayam,Cluster beans,23-08-2025,4300,4300,4300
Kerala,Kozhikode(Calicut),Palayam,Coconut Seed,23-08-2025,6000,6000,6000
Kerala,Kozhikode(Calicut),Palayam,French Beans (Frasbean),23-08-2025,5600,5600,5600
Kerala,Kozhikode(Calicut),Palayam,Pumpkin,23-08-2025,2000,2000,2000
Kerala,Kozhikode(Calicut),Palayam,Tomato,23-08-2025,4285,4285,4285
Kerala,Kozhikode(Calicut),Perambra,Ashgourd,23-08-2025,3000,3000,3000
Kerala,Kozhikode(Calicut),Perambra,Capsicum,23-08-2025,6500,7000,6800
Kerala,Kozhikode(Calicut),Perambra,Carrot,23-08-2025,7500,8000,7800
Kerala,Kozhikode(Calicut),Perambra,Green Chilli,23-08-2025,5000,6000,5500
Kerala,Kozhikode(Calicut),Quilandy,Banana - Green,23-08-2025,4200,4300,4200
Kerala,Kozhikode(Calicut),Quilandy,Bottle gourd,23-08-2025,3800,4000,4000
Kerala,Kozhikode(Calicut),Quilandy,Cluster beans,23-08-2025,5400,5800,5500
Kerala,Kozhikode(Calicut),Quilandy,Coriander(Leaves),23-08-2025,6200,6500,6500
Kerala,Kozhikode(Calicut),Quilandy,Cucumbar(Kheera),23-08-2025,2200,2300,2200
Kerala,Malappuram,Kondotty,Amla(Nelli Kai),23-08-2025,4400,4600,4500
Kerala,Malappuram,Kondotty,Amphophalus,23-08-2025,2700,2900,2800
Kerala,Malappuram,Kondotty,Banana - Green,23-08-2025,3900,4100,4000
Kerala,Malappuram,Kondotty,Carrot,23-08-2025,6400,6600,6500
Kerala,Malappuram,Kondotty,Colacasia,23-08-2025,3900,4100,4000
Kerala,Malappuram,Kondotty,Cucumbar(Kheera),23-08-2025,3100,3300,3200
Kerala,Malappuram,Kondotty,Drumstick,23-08-2025,3900,4100,4000
Kerala,Malappuram,Kondotty,Garlic,23-08-2025,9900,10500,10000
Kerala,Malappuram,Kondotty,Potato,23-08-2025,2700,2900,2800
Kerala,Malappuram,Kondotty,Snakeguard,23-08-2025,3400,3600,3500
Kerala,Malappuram,Kondotty,Tomato,23-08-2025,5000,5200,5100
Kerala,Malappuram,Perinthalmanna,Beetroot,23-08-2025,2500,3000,2800
Kerala,Malappuram,Perinthalmanna,Cucumbar(Kheera),23-08-2025,1500,2500,2000
Kerala,Malappuram,Perinthalmanna,Lemon,23-08-2025,4300,4800,4500
Kerala,Malappuram,Perinthalmanna,Onion,23-08-2025,1800,2200,2000
Kerala,Malappuram,Perinthalmanna,Tomato,23-08-2025,2000,3000,2500
Kerala,Palakad,Palakkad,Amaranthus,23-08-2025,2000,3000,2600
Kerala,Palakad,Palakkad,Banana,23-08-2025,3400,4500,4000
Kerala,Palakad,Palakkad,Beetroot,23-08-2025,2300,3000,2700
Kerala,Palakad,Palakkad,Cauliflower,23-08-2025,4000,5000,4600
Kerala,Palakad,Palakkad,Colacasia,23-08-2025,6000,7000,6600
Kerala,Palakad,Palakkad,Cowpea(Veg),23-08-2025,3000,4000,3600
Kerala,Palakad,Palakkad,Elephant Yam (Suran),23-08-2025,3500,4500,4100
Kerala,Palakad,Palakkad,Garlic,23-08-2025,9000,10000,9600
Kerala,Palakad,Palakkad,Green Avare (W),23-08-2025,6000,7000,6600
Kerala,Palakad,Palakkad,Little gourd (Kundru),23-08-2025,6200,7000,6700
Kerala,Palakad,Palakkad,Pumpkin,23-08-2025,2200,3000,2700
Kerala,Palakad,Palakkad,Sweet Potato,23-08-2025,3500,4000,3800
Kerala,Pathanamthitta,THENGAMAM VFPCK,Amphophalus,23-08-2025,6000,7000,6700
Kerala,Thirssur,Chavakkad,Banana,23-08-2025,3000,4000,4000
Kerala,Thirssur,Chavakkad,Banana - Green,23-08-2025,4000,4800,4800
Kerala,Thirssur,Chavakkad,Onion,23-08-2025,2400,2800,2800
Kerala,Thirssur,Chavakkad,Potato,23-08-2025,3000,4000,4000
Kerala,Thirssur,Chavakkad,Tomato,23-08-2025,4200,5000,5000
Kerala,Thirssur,KADUKUTTY VFPCK,Elephant Yam (Suran),23-08-2025,5000,5500,5200
Kerala,Thirssur,Kuzhur  VFPCK,Banana,23-08-2025,3500,6250,5600
Kerala,Thirssur,MALA VFPCK,Banana,23-08-2025,3500,6500,5000
Kerala,Thiruvananthapuram,Attingal,Banana,23-08-2025,5500,6500,6000
Kerala,Thiruvananthapuram,Neyyatinkara,Amaranthus,23-08-2025,3400,4000,3600
Kerala,Thiruvananthapuram,Neyyatinkara,Snakeguard,23-08-2025,5400,6000,5700
Kerala,Thiruvananthapuram,PAPPANCHANI VFPCK,Amranthas Red,23-08-2025,48,50,49
Kerala,Thiruvananthapuram,Parassala,Cluster beans,23-08-2025,3800,4000,3800
Kerala,Thiruvananthapuram,Parassala,Lemon,23-08-2025,4800,5000,4800
Kerala,Thiruvananthapuram,Parassala,Pineapple,23-08-2025,6800,7000,6800
Kerala,Wayanad,Kalpetta,Ashgourd,23-08-2025,800,900,900
Kerala,Wayanad,Kalpetta,Bhindi(Ladies Finger),23-08-2025,2300,2400,2400
Kerala,Wayanad,Kalpetta,Ginger(Green),23-08-2025,3900,4000,4000
Kerala,Wayanad,Manathavady,Black pepper,23-08-2025,66000,66000,66000
Kerala,Wayanad,Manathavady,Cucumbar(Kheera),23-08-2025,1400,1500,1500
Kerala,Wayanad,Manathavady,Snakeguard,23-08-2025,2100,2300,2200
Kerala,Wayanad,Pulpally,Green Chilli,23-08-2025,3300,3500,3400
Madhya Pradesh,Badwani,Badwani(F&V),Brinjal,23-08-2025,1000,1000,1000
Madhya Pradesh,Badwani,Badwani(F&V),Cucumbar(Kheera),23-08-2025,1000,1000,1000
Madhya Pradesh,Indore,Indore(F&V),Pumpkin,23-08-2025,300,600,400
Madhya Pradesh,Indore,Indore(F&V),Round gourd,23-08-2025,100,400,300
Madhya Pradesh,Indore,Indore(F&V),Spinach,23-08-2025,300,700,500
Madhya Pradesh,Sagar,Sagar(F&V),Bottle gourd,23-08-2025,600,800,700
NCT of Delhi,Delhi,Azadpur,Apple,23-08-2025,4000,6000,5000
NCT of Delhi,Delhi,Azadpur,Apple,23-08-2025,1300,2500,2000
NCT of Delhi,Delhi,Azadpur,Banana,23-08-2025,1000,2700,1950
NCT of Delhi,Delhi,Azadpur,Brinjal,23-08-2025,800,2000,1267
NCT of Delhi,Delhi,Azadpur,Coriander(Leaves),23-08-2025,3000,7000,5000
NCT of Delhi,Delhi,Azadpur,Custard Apple (Sharifa),23-08-2025,15000,20000,18000
NCT of Delhi,Delhi,Azadpur,Jack Fruit,23-08-2025,500,1500,900
NCT of Delhi,Delhi,Azadpur,Mashrooms,23-08-2025,7000,15000,10000
NCT of Delhi,Delhi,Azadpur,Onion,23-08-2025,500,1875,1406
NCT of Delhi,Delhi,Azadpur,Pineapple,23-08-2025,1200,4000,2450
NCT of Delhi,Delhi,Azadpur,Potato,23-08-2025,300,2400,1240
NCT of Delhi,Delhi,Azadpur,Tender Coconut,23-08-2025,100,350,206.3
NCT of Delhi,Delhi,"Fish,Poultry & Egg Market, Gazipur",Fish,23-08-2025,8000,15000,11000
NCT of Delhi,Delhi,"Fish,Poultry & Egg Market, Gazipur",Fish,23-08-2025,6500,16000,9500
NCT of Delhi,Delhi,"Fish,Poultry & Egg Market, Gazipur",Fish,23-08-2025,12500,16500,14500
NCT of Delhi,Delhi,Keshopur,Bitter gourd,23-08-2025,2000,3000,2600
NCT of Delhi,Delhi,Keshopur,Bottle gourd,23-08-2025,1200,1800,1600
NCT of Delhi,Delhi,Keshopur,Brinjal,23-08-2025,2000,2800,2500
NCT of Delhi,Delhi,Keshopur,Capsicum,23-08-2025,4000,5000,4500
NCT of Delhi,Delhi,Keshopur,Onion,23-08-2025,800,1800,1550
NCT of Delhi,Delhi,Keshopur,Tomato,23-08-2025,3200,4800,4350
Odisha,Boudh,Boudh,Potato,23-08-2025,1800,3000,2000
Odisha,Boudh,Khunthabandha,Brinjal,23-08-2025,2500,4000,3000
Odisha,Boudh,Khunthabandha,Tomato,23-08-2025,2800,4000,3000
Odisha,Dhenkanal,Hindol,Drumstick,23-08-2025,4700,5000,4800
Odisha,Gajapati,Parlakhemundi,Ox,23-08-2025,15000,25000,25000
Odisha,Keonjhar,Anandapur,Pumpkin,23-08-2025,1000,2000,1500
Punjab,Amritsar,Chogawan,Bhindi(Ladies Finger),23-08-2025,700,1000,800
Punjab,Ferozpur,Zira,Bhindi(Ladies Finger),23-08-2025,3600,4000,3800
Punjab,Ferozpur,Zira,Papaya,23-08-2025,3000,3500,3300
Punjab,Gurdaspur,Kalanaur,Green Chilli,23-08-2025,3500,3500,3500
Punjab,Hoshiarpur,Mukerian(Talwara),Banana,23-08-2025,2800,3400,3100
Punjab,Hoshiarpur,Mukerian(Talwara),Cucumbar(Kheera),23-08-2025,3000,4000,3500
Punjab,Hoshiarpur,Mukerian(Talwara),French Beans (Frasbean),23-08-2025,8000,10000,9000
Punjab,Jalandhar,Bhogpur,Green Chilli,23-08-2025,2500,2500,2500
Punjab,Ludhiana,Khanna,Capsicum,23-08-2025,3000,4000,3500
Punjab,Ludhiana,Khanna,Pear(Marasebu),23-08-2025,3000,5000,4000
Punjab,Ludhiana,Khanna,Peas Wet,23-08-2025,5000,7000,6000
Punjab,Ludhiana,Khanna,Pomegranate,23-08-2025,5000,10000,8000
Punjab,Ludhiana,Khanna,Potato,23-08-2025,500,1500,1000
Punjab,Ludhiana,Ludhiana,Capsicum,23-08-2025,2000,3000,2500
Punjab,Ludhiana,Ludhiana,Cauliflower,23-08-2025,600,2500,1500
Punjab,Ludhiana,Ludhiana,Pear(Marasebu),23-08-2025,1500,4000,3000
Punjab,Ludhiana,Ludhiana,Peas Wet,23-08-2025,2000,3000,2500
Punjab,Ludhiana,Ludhiana,Raddish,23-08-2025,500,1800,1000
Punjab,Ludhiana,Ludhiana,Tomato,23-08-2025,2000,4300,3200
Punjab,Ludhiana,Sahnewal,Bitter gourd,23-08-2025,3000,3000,3000
Punjab,Ludhiana,Sahnewal,Onion,23-08-2025,2100,2100,2100
Punjab,Tarntaran,Patti,Bottle gourd,23-08-2025,2500,3000,2800
Punjab,Tarntaran,Patti,Carrot,23-08-2025,3000,4000,3500
Punjab,Tarntaran,Patti,Ginger(Dry),23-08-2025,5000,6000,5500
Punjab,Tarntaran,Patti,Peas Wet,23-08-2025,6000,7500,7000
Rajasthan,Baran,Anta,Wheat,23-08-2025,2525,2525,2525
Rajasthan,Baran,Baran,Garlic,23-08-2025,3100,8700,5650
Rajasthan,Baran,Baran,Mustard,23-08-2025,6491,6491,6491
Rajasthan,Baran,Baran,Wheat,23-08-2025,2532,2648,2624
Rajasthan,Chittorgarh,Begu,Maize,23-08-2025,2200,2260,2250
Rajasthan,Ganganagar,Sriganganagar (F&V),Lime,23-08-2025,3300,3700,3500
Rajasthan,Ganganagar,Sriganganagar (F&V),Potato,23-08-2025,900,1300,1100
Rajasthan,Hanumangarh,Rawatsar,Onion,23-08-2025,1800,1800,1800
Rajasthan,Jaipur Rural,Bassi,Onion,23-08-2025,1800,2200,2000
Rajasthan,Jhalawar,Khanpur,Soyabean,23-08-2025,4400,4650,4505
Telangana,Hyderabad,Gudimalkapur,Carnation,23-08-2025,160,200,180
Telangana,Hyderabad,Gudimalkapur,Jarbara,23-08-2025,120,160,140
Telangana,Karimnagar,Huzzurabad,Paddy(Dhan)(Common),23-08-2025,2320,2320,2320
Telangana,Mahbubnagar,Mahabubnagar(Rythu Bazar),Tomato,23-08-2025,3800,4200,4000
Telangana,Warangal,Warangal,Bitter gourd,23-08-2025,2000,2400,2200
Telangana,Warangal,Warangal,Cabbage,23-08-2025,1600,2000,1800
Telangana,Warangal,Warangal,Cucumbar(Kheera),23-08-2025,1600,2000,1800
Telangana,Warangal,Warangal,Guava,23-08-2025,3500,3500,3500
Telangana,Warangal,Warangal,Pomegranate,23-08-2025,9000,9000,9000
Telangana,Warangal,Warangal,Ridgeguard(Tori),23-08-2025,4500,5000,4750
Telangana,Warangal,Warangal,Tomato,23-08-2025,3200,3400,3300
Tripura,South District,Barpathari,Cucumbar(Kheera),23-08-2025,3900,4100,4000
Tripura,South District,Barpathari,Kartali (Kantola),23-08-2025,5900,6100,6000
Tripura,South District,Barpathari,Pointed gourd (Parval),23-08-2025,5900,6100,6000
Uttar Pradesh,Agra,Achnera,Barley (Jau),23-08-2025,2340,2400,2370
Uttar Pradesh,Agra,Achnera,Brinjal,23-08-2025,1600,1700,1650
Uttar Pradesh,Agra,Achnera,Mustard,23-08-2025,7100,7180,7140
Uttar Pradesh,Agra,Agra,Apple,23-08-2025,6500,8400,7500
Uttar Pradesh,Agra,Agra,Ginger(Green),23-08-2025,3100,3500,3400
Uttar Pradesh,Agra,Agra,Wheat,23-08-2025,2550,2625,2575
Uttar Pradesh,Aligarh,Aligarh,Apple,23-08-2025,9820,9980,9900
Uttar Pradesh,Aligarh,Aligarh,Bajra(Pearl Millet/Cumbu),23-08-2025,2220,2280,2260
Uttar Pradesh,Aligarh,Aligarh,Barley (Jau),23-08-2025,2360,2420,2400
Uttar Pradesh,Aligarh,Aligarh,Bottle gourd,23-08-2025,1400,1500,1460
Uttar Pradesh,Aligarh,Aligarh,Green Gram (Moong)(Whole),23-08-2025,8650,8700,8682
Uttar Pradesh,Aligarh,Aligarh,Paddy(Dhan)(Basmati),23-08-2025,2800,2900,2860
Uttar Pradesh,Aligarh,Aligarh,Pomegranate,23-08-2025,6940,7060,7000
Uttar Pradesh,Aligarh,Atrauli,Bhindi(Ladies Finger),23-08-2025,1400,1500,1450
Uttar Pradesh,Aligarh,Charra,Maize,23-08-2025,2000,2100,2050
Uttar Pradesh,Aligarh,Charra,Wheat,23-08-2025,2500,2520,2510
Uttar Pradesh,Aligarh,Khair,Cauliflower,23-08-2025,3500,4000,3800
Uttar Pradesh,Aligarh,Khair,Potato,23-08-2025,700,900,850
Uttar Pradesh,Ambedkarnagar,Akbarpur,Banana,23-08-2025,2750,2950,2880
Uttar Pradesh,Ambedkarnagar,Akbarpur,Brinjal,23-08-2025,1560,1750,1650
Uttar Pradesh,Ambedkarnagar,Akbarpur,Papaya,23-08-2025,2800,2880,2850
Uttar Pradesh,Ambedkarnagar,Akbarpur,Pomegranate,23-08-2025,7000,7250,7120
Uttar Pradesh,Amethi,Sultanpur,Black Gram Dal (Urd Dal),23-08-2025,9960,10100,10000
Uttar Pradesh,Amethi,Sultanpur,Lemon,23-08-2025,4280,4335,4300
Uttar Pradesh,Amethi,Sultanpur,Onion,23-08-2025,1350,1390,1370
Uttar Pradesh,Amethi,Sultanpur,Onion,23-08-2025,1100,1140,1125
Uttar Pradesh,Amroha,Amroha,Garlic,23-08-2025,6200,6300,6260
Uttar Pradesh,Amroha,Amroha,Gur(Jaggery),23-08-2025,4300,4350,4320
Uttar Pradesh,Amroha,Amroha,Potato,23-08-2025,970,1100,1040
Uttar Pradesh,Amroha,Amroha,Tomato,23-08-2025,4000,4100,4050
Uttar Pradesh,Amroha,Amroha,Wheat,23-08-2025,2540,2560,2550
Uttar Pradesh,Amroha,Dhanaura,Brinjal,23-08-2025,1000,1500,1200
Uttar Pradesh,Amroha,Dhanaura,Onion,23-08-2025,1000,1500,1200
Uttar Pradesh,Amroha,Dhanaura,Wheat,23-08-2025,2480,2520,2500
Uttar Pradesh,Amroha,Hasanpur,Banana,23-08-2025,2100,3000,2520
Uttar Pradesh,Amroha,Hasanpur,Mousambi(Sweet Lime),23-08-2025,1810,2000,1850
Uttar Pradesh,Auraiya,Achalda,Brinjal,23-08-2025,1560,1720,1620
Uttar Pradesh,Auraiya,Achalda,Garlic,23-08-2025,6100,6250,6200
Uttar Pradesh,Auraiya,Achalda,Gur(Jaggery),23-08-2025,4400,4560,4480
Uttar Pradesh,Auraiya,Achalda,Maize,23-08-2025,2200,2320,2225
Uttar Pradesh,Auraiya,Achalda,Potato,23-08-2025,1100,1200,1120
Uttar Pradesh,Auraiya,Auraiya,Cucumbar(Kheera),23-08-2025,1675,1850,1770
Uttar Pradesh,Auraiya,Auraiya,Gur(Jaggery),23-08-2025,4355,4560,4450
Uttar Pradesh,Auraiya,Auraiya,Pumpkin,23-08-2025,1360,1545,1450
Uttar Pradesh,Auraiya,Auraiya,Tomato,23-08-2025,3725,4055,3900
Uttar Pradesh,Auraiya,Dibiapur,Cabbage,23-08-2025,1400,1600,1500
Uttar Pradesh,Auraiya,Dibiapur,Cucumbar(Kheera),23-08-2025,1200,1400,1300
Uttar Pradesh,Auraiya,Dibiapur,Pointed gourd (Parval),23-08-2025,1825,2000,1900
Uttar Pradesh,Auraiya,Dibiapur,Potato,23-08-2025,700,900,800
Uttar Pradesh,Ayodhya,Faizabad,Green Chilli,23-08-2025,4900,5100,5030
Uttar Pradesh,Ayodhya,Faizabad,Gur(Jaggery),23-08-2025,4450,4530,4500
Uttar Pradesh,Ayodhya,Faizabad,Maize,23-08-2025,2350,2430,2395
Uttar Pradesh,Ayodhya,Faizabad,Mustard,23-08-2025,6370,6520,6480
Uttar Pradesh,Ayodhya,Faizabad,Rice,23-08-2025,3070,3250,3185
Uttar Pradesh,Ayodhya,Faizabad,Wheat,23-08-2025,2520,2640,2590
Uttar Pradesh,Ayodhya,Rudauli,Beetroot,23-08-2025,2550,2650,2600
Uttar Pradesh,Ayodhya,Rudauli,Bitter gourd,23-08-2025,3200,3300,3250
Uttar Pradesh,Azamgarh,Azamgarh,Arhar Dal(Tur Dal),23-08-2025,9850,9950,9900
Uttar Pradesh,Azamgarh,Azamgarh,Bengal Gram Dal (Chana Dal),23-08-2025,7435,7535,7485
Uttar Pradesh,Azamgarh,Azamgarh,Bengal Gram(Gram)(Whole),23-08-2025,6575,6675,6625
Uttar Pradesh,Azamgarh,Azamgarh,Onion,23-08-2025,1375,1525,1450
Uttar Pradesh,Azamgarh,Azamgarh,Tomato,23-08-2025,4000,4150,4075
Uttar Pradesh,Badaun,Badayoun,Ginger(Green),23-08-2025,4170,4300,4220
Uttar Pradesh,Badaun,Badayoun,Lemon,23-08-2025,4220,4420,4350
Uttar Pradesh,Badaun,Shahaswan,Apple,23-08-2025,7800,8500,8000
Uttar Pradesh,Badaun,Wazirganj,Garlic,23-08-2025,6450,6500,6475
Uttar Pradesh,Badaun,Wazirganj,Potato,23-08-2025,1050,1100,1075
Uttar Pradesh,Baghpat,Bagpat,Brinjal,23-08-2025,1300,1500,1400
Uttar Pradesh,Baghpat,Bagpat,Green Chilli,23-08-2025,3200,3600,3400
Uttar Pradesh,Baghpat,Baraut,Arhar Dal(Tur Dal),23-08-2025,10100,10330,10210
Uttar Pradesh,Baghpat,Baraut,Brinjal,23-08-2025,1680,1800,1730
Uttar Pradesh,Baghpat,Baraut,Gur(Jaggery),23-08-2025,3500,4500,4290
Uttar Pradesh,Baghpat,Baraut,Mustard Oil,23-08-2025,15000,15300,15140
Uttar Pradesh,Baghpat,Baraut,Tomato,23-08-2025,3900,4100,4000
Uttar Pradesh,Baghpat,Baraut,Wheat,23-08-2025,2525,2625,2585
Uttar Pradesh,Bahraich,Bahraich,Banana,23-08-2025,2800,3000,2900
Uttar Pradesh,Bahraich,Bahraich,Bengal Gram(Gram)(Whole),23-08-2025,6600,6800,6700
Uttar Pradesh,Bahraich,Bahraich,Garlic,23-08-2025,6000,6450,6200
Uttar Pradesh,Bahraich,Bahraich,Green Gram Dal (Moong Dal),23-08-2025,9700,9900,9800
Uttar Pradesh,Bahraich,Bahraich,Guava,23-08-2025,2400,2600,2500
Uttar Pradesh,Bahraich,Bahraich,Pointed gourd (Parval),23-08-2025,3600,3800,3700
Uttar Pradesh,Bahraich,Bahraich,Rice,23-08-2025,3000,3400,3200
Uttar Pradesh,Bahraich,Naanpara,Apple,23-08-2025,5000,5200,5100
Uttar Pradesh,Bahraich,Naanpara,Cauliflower,23-08-2025,700,800,750
Uttar Pradesh,Bahraich,Naanpara,Green Chilli,23-08-2025,5000,5200,5100
Uttar Pradesh,Bahraich,Naanpara,Pomegranate,23-08-2025,6000,6200,6100
Uttar Pradesh,Ballia,Ballia,Banana,23-08-2025,2800,2860,2830
Uttar Pradesh,Ballia,Ballia,Garlic,23-08-2025,6400,6470,6435
Uttar Pradesh,Ballia,Ballia,Rice,23-08-2025,3365,3410,3385
Uttar Pradesh,Ballia,Rasda,Banana - Green,23-08-2025,1550,1690,1625
Uttar Pradesh,Ballia,Rasda,Bottle gourd,23-08-2025,1455,1600,1520
Uttar Pradesh,Ballia,Rasda,Lemon,23-08-2025,4465,4600,4525
Uttar Pradesh,Ballia,Vilthararoad,Arhar Dal(Tur Dal),23-08-2025,11000,12000,11500
Uttar Pradesh,Balrampur,Balrampur,Brinjal,23-08-2025,1700,1900,1800
Uttar Pradesh,Balrampur,Balrampur,Cucumbar(Kheera),23-08-2025,2150,2350,2250
Uttar Pradesh,Balrampur,Balrampur,Pumpkin,23-08-2025,1720,1950,1830
Uttar Pradesh,Balrampur,Balrampur,Rice,23-08-2025,3075,3285,3180
Uttar Pradesh,Balrampur,Balrampur,White Peas,23-08-2025,4100,4300,4200
Uttar Pradesh,Balrampur,Tulsipur,Brinjal,23-08-2025,1650,1740,1700
Uttar Pradesh,Balrampur,Tulsipur,Lentil (Masur)(Whole),23-08-2025,7020,7070,7050
Uttar Pradesh,Balrampur,Tulsipur,Paddy(Dhan)(Common),23-08-2025,2020,2080,2050
Uttar Pradesh,Balrampur,Tulsipur,Potato,23-08-2025,1170,1260,1220
Uttar Pradesh,Balrampur,Tulsipur,Pumpkin,23-08-2025,1420,1470,1450
Uttar Pradesh,Balrampur,Tulsipur,Rice,23-08-2025,3150,3240,3200
Uttar Pradesh,Banda,Banda,Bengal Gram(Gram)(Whole),23-08-2025,5575,5775,5675
Uttar Pradesh,Banda,Banda,Bottle gourd,23-08-2025,1560,1700,1630
Uttar Pradesh,Banda,Banda,Brinjal,23-08-2025,1590,1725,1660
Uttar Pradesh,Banda,Banda,Cabbage,23-08-2025,1650,1785,1720
Uttar Pradesh,Banda,Banda,Capsicum,23-08-2025,5550,5750,5650
Uttar Pradesh,Banda,Banda,Lentil (Masur)(Whole),23-08-2025,6100,6250,6175
Uttar Pradesh,Banda,Banda,Mousambi(Sweet Lime),23-08-2025,3500,3700,3600
Uttar Pradesh,Banda,Banda,Wheat,23-08-2025,2425,2580,2500
Uttar Pradesh,Barabanki,Barabanki,Apple,23-08-2025,8670,8770,8720
Uttar Pradesh,Barabanki,Barabanki,Banana - Green,23-08-2025,1750,1850,1800
Uttar Pradesh,Barabanki,Barabanki,Bhindi(Ladies Finger),23-08-2025,1760,1860,1810
Uttar Pradesh,Barabanki,Barabanki,Colacasia,23-08-2025,2200,2300,2250
Uttar Pradesh,Barabanki,Barabanki,Lemon,23-08-2025,4200,4300,4250
Uttar Pradesh,Barabanki,Barabanki,Mousambi(Sweet Lime),23-08-2025,3400,3500,3450
Uttar Pradesh,Barabanki,Safdarganj,Brinjal,23-08-2025,1800,1840,1820
Uttar Pradesh,Barabanki,Safdarganj,Green Chilli,23-08-2025,4750,4850,4800
Uttar Pradesh,Barabanki,Safdarganj,Lime,23-08-2025,4300,4500,4450
Uttar Pradesh,Barabanki,Safdarganj,Mustard Oil,23-08-2025,14700,14800,14750
Uttar Pradesh,Barabanki,Safdarganj,Paddy(Dhan)(Common),23-08-2025,2100,2200,2150
Uttar Pradesh,Barabanki,Safdarganj,Pumpkin,23-08-2025,1450,1550,1500
Uttar Pradesh,Bareilly,Anwala,Brinjal,23-08-2025,1400,1600,1500
Uttar Pradesh,Bareilly,Bareilly,Ginger(Green),23-08-2025,4220,4295,4260
Uttar Pradesh,Bareilly,Bareilly,Lemon,23-08-2025,4310,4385,4350
Uttar Pradesh,Basti,Basti,Peas(Dry),23-08-2025,4130,4230,4180
Uttar Pradesh,Bijnor,Bijnaur,Onion,23-08-2025,1420,1500,1440
Uttar Pradesh,Bijnor,Kiratpur,Apple,23-08-2025,7100,7200,7150
Uttar Pradesh,Bulandshahar,Buland Shahr,Colacasia,23-08-2025,1900,2150,1980
Uttar Pradesh,Bulandshahar,Buland Shahr,Guava,23-08-2025,1500,1900,1750
Uttar Pradesh,Bulandshahar,Buland Shahr,Mustard,23-08-2025,6750,6950,6880
Uttar Pradesh,Bulandshahar,Buland Shahr,Sponge gourd,23-08-2025,1800,2200,2000
Uttar Pradesh,Bulandshahar,Divai,Bajra(Pearl Millet/Cumbu),23-08-2025,2625,2635,2630
Uttar Pradesh,Bulandshahar,Divai,Bottle gourd,23-08-2025,800,1000,900
Uttar Pradesh,Bulandshahar,Divai,Brinjal,23-08-2025,1200,1400,1300
Uttar Pradesh,Bulandshahar,Gulavati,Brinjal,23-08-2025,700,900,800
Uttar Pradesh,Bulandshahar,Gulavati,Colacasia,23-08-2025,1200,1400,1300
Uttar Pradesh,Bulandshahar,Gulavati,Garlic,23-08-2025,5100,5300,5200
Uttar Pradesh,Bulandshahar,Gulavati,Onion,23-08-2025,1500,1700,1600
Uttar Pradesh,Bulandshahar,Gulavati,Sponge gourd,23-08-2025,1300,1500,1400
Uttar Pradesh,Bulandshahar,Jahangirabad,Arhar Dal(Tur Dal),23-08-2025,10060,10300,10180
Uttar Pradesh,Bulandshahar,Jahangirabad,Bengal Gram Dal (Chana Dal),23-08-2025,7465,7705,7585
Uttar Pradesh,Bulandshahar,Jahangirabad,Bhindi(Ladies Finger),23-08-2025,1520,1705,1615
Uttar Pradesh,Bulandshahar,Jahangirabad,Bottle gourd,23-08-2025,1400,1595,1490
Uttar Pradesh,Bulandshahar,Jahangirabad,Rice,23-08-2025,3155,3365,3260
Uttar Pradesh,Bulandshahar,Khurja,Bottle gourd,23-08-2025,1400,1600,1500
Uttar Pradesh,Bulandshahar,Khurja,Mustard Oil,23-08-2025,15100,15900,15500
Uttar Pradesh,Bulandshahar,Khurja,Paddy(Dhan)(Basmati),23-08-2025,2950,3100,3030
Uttar Pradesh,Bulandshahar,Khurja,Potato,23-08-2025,1030,1130,1080
Uttar Pradesh,Bulandshahar,Sikarpur,Cabbage,23-08-2025,4400,4600,4500
Uttar Pradesh,Bulandshahar,Sikarpur,Garlic,23-08-2025,6800,7000,6900
Uttar Pradesh,Bulandshahar,Sikarpur,Pumpkin,23-08-2025,1200,1400,1300
Uttar Pradesh,Bulandshahar,Sikarpur,Raddish,23-08-2025,2400,2600,2500
Uttar Pradesh,Bulandshahar,Sikarpur,Tomato,23-08-2025,4400,4600,4500
Uttar Pradesh,Bulandshahar,Sikarpur,Wheat,23-08-2025,2550,2601,2562
Uttar Pradesh,Chandauli,Chandoli,Apple,23-08-2025,9200,9300,9250
Uttar Pradesh,Chandauli,Chandoli,Bengal Gram Dal (Chana Dal),23-08-2025,7450,7525,7475
Uttar Pradesh,Chandauli,Chandoli,Bitter gourd,23-08-2025,2370,2470,2420
Uttar Pradesh,Chandauli,Chandoli,Cucumbar(Kheera),23-08-2025,2110,2210,2160
Uttar Pradesh,Chandauli,Chandoli,Green Chilli,23-08-2025,4875,4975,4925
Uttar Pradesh,Chandauli,Chandoli,Gur(Jaggery),23-08-2025,4575,4625,4600
Uttar Pradesh,Chandauli,Chandoli,Lemon,23-08-2025,4400,4500,4450
Uttar Pradesh,Chandauli,Chandoli,Mustard,23-08-2025,6975,7025,7000
Uttar Pradesh,Chandauli,Chandoli,Pumpkin,23-08-2025,1375,1475,1425
Uttar Pradesh,Chandauli,Chandoli,Rice,23-08-2025,3400,3440,3420
Uttar Pradesh,Chandauli,Chandoli,Tomato,23-08-2025,4025,4125,4075
Uttar Pradesh,Deoria,Devariya,Brinjal,23-08-2025,1785,1815,1800
Uttar Pradesh,Deoria,Devariya,Mousambi(Sweet Lime),23-08-2025,3530,3550,3540
Uttar Pradesh,Deoria,Devariya,Tomato,23-08-2025,4050,4125,4100
Uttar Pradesh,Etah,Etah,Bengal Gram(Gram)(Whole),23-08-2025,6200,7000,6780
Uttar Pradesh,Etah,Etah,Lemon,23-08-2025,4000,4500,4200
Uttar Pradesh,Etah,Etah,Mustard Oil,23-08-2025,13500,14500,14200
Uttar Pradesh,Etah,Etah,Papaya,23-08-2025,2500,3000,2710
Uttar Pradesh,Etah,Etah,Rice,23-08-2025,3200,3500,3400
Uttar Pradesh,Etah,Etah,Ridgeguard(Tori),23-08-2025,1600,2000,1905
Uttar Pradesh,Etawah,Bharthna,Apple,23-08-2025,6950,7450,7150
Uttar Pradesh,Etawah,Bharthna,Arhar Dal(Tur Dal),23-08-2025,10350,10750,10550
Uttar Pradesh,Etawah,Bharthna,Garlic,23-08-2025,5600,6250,6050
Uttar Pradesh,Etawah,Bharthna,Raddish,23-08-2025,1830,2030,1930
Uttar Pradesh,Etawah,Bharthna,Rice,23-08-2025,3200,3400,3300
Uttar Pradesh,Etawah,Etawah,Bitter gourd,23-08-2025,2250,2500,2450
Uttar Pradesh,Etawah,Etawah,Colacasia,23-08-2025,1350,1600,1560
Uttar Pradesh,Etawah,Etawah,Garlic,23-08-2025,5700,6400,6100
Uttar Pradesh,Etawah,Etawah,Green Gram Dal (Moong Dal),23-08-2025,9500,9800,9700
Uttar Pradesh,Etawah,Etawah,Lemon,23-08-2025,3400,3700,3600
Uttar Pradesh,Etawah,Etawah,Mousambi(Sweet Lime),23-08-2025,2700,3000,2900
Uttar Pradesh,Etawah,Etawah,Pumpkin,23-08-2025,1350,1650,1550
Uttar Pradesh,Etawah,Etawah,Rice,23-08-2025,3100,3400,3300
Uttar Pradesh,Etawah,Jasvantnagar,Bottle gourd,23-08-2025,1020,1120,1070
Uttar Pradesh,Etawah,Jasvantnagar,Capsicum,23-08-2025,5310,5410,5360
Uttar Pradesh,Etawah,Jasvantnagar,Cauliflower,23-08-2025,4060,4160,4110
Uttar Pradesh,Etawah,Jasvantnagar,Colacasia,23-08-2025,1525,1625,1575
Uttar Pradesh,Etawah,Jasvantnagar,Mousambi(Sweet Lime),23-08-2025,2870,2970,2920
Uttar Pradesh,Etawah,Jasvantnagar,Papaya,23-08-2025,2965,3065,3015
Uttar Pradesh,Etawah,Jasvantnagar,Pumpkin,23-08-2025,1510,1610,1560
Uttar Pradesh,Etawah,Jasvantnagar,Raddish,23-08-2025,1870,1970,1920
Uttar Pradesh,Farukhabad,Farukhabad,Bottle gourd,23-08-2025,1100,1300,1200
Uttar Pradesh,Farukhabad,Farukhabad,Brinjal,23-08-2025,1550,1700,1625
Uttar Pradesh,Farukhabad,Farukhabad,Garlic,23-08-2025,5700,5950,5800
Uttar Pradesh,Farukhabad,Farukhabad,Gur(Jaggery),23-08-2025,3975,4050,4025
Uttar Pradesh,Farukhabad,Farukhabad,Jack Fruit,23-08-2025,1200,1400,1325
Uttar Pradesh,Farukhabad,Farukhabad,Lemon,23-08-2025,3600,3800,3700
Uttar Pradesh,Farukhabad,Farukhabad,Mousambi(Sweet Lime),23-08-2025,3100,3250,3200
Uttar Pradesh,Farukhabad,Farukhabad,Potato,23-08-2025,775,1000,870
Uttar Pradesh,Farukhabad,Kamlaganj,Onion,23-08-2025,1300,1360,1350
Uttar Pradesh,Farukhabad,Kayamganj,Onion,23-08-2025,1350,1500,1425
Uttar Pradesh,Farukhabad,Mohamadabad,Arhar Dal(Tur Dal),23-08-2025,10600,10800,10700
Uttar Pradesh,Farukhabad,Mohamadabad,Black Gram Dal (Urd Dal),23-08-2025,9750,9950,9850
Uttar Pradesh,Farukhabad,Mohamadabad,Green Chilli,23-08-2025,4450,4650,4550
Uttar Pradesh,Farukhabad,Mohamadabad,Maize,23-08-2025,2200,2240,2225
Uttar Pradesh,Farukhabad,Mohamadabad,Onion,23-08-2025,1340,1540,1440
Uttar Pradesh,Farukhabad,Mohamadabad,Pumpkin,23-08-2025,1320,1520,1420
Uttar Pradesh,Fatehpur,Fatehpur,Rice,23-08-2025,2900,3100,3010
Uttar Pradesh,Fatehpur,Jahanabad,Paddy(Dhan)(Common),23-08-2025,2400,2420,2410
Uttar Pradesh,Fatehpur,Khaga,Bottle gourd,23-08-2025,1600,1725,1660
Uttar Pradesh,Fatehpur,Khaga,Ginger(Green),23-08-2025,4200,4385,4300
Uttar Pradesh,Fatehpur,Khaga,Green Chilli,23-08-2025,4635,4800,4700
Uttar Pradesh,Fatehpur,Khaga,Potato,23-08-2025,905,1060,1000
Uttar Pradesh,Fatehpur,Khaga,Sponge gourd,23-08-2025,1845,1990,1900
Uttar Pradesh,Firozabad,Firozabad,Arhar Dal(Tur Dal),23-08-2025,9350,9670,9510
Uttar Pradesh,Firozabad,Firozabad,Cabbage,23-08-2025,1420,1660,1540
Uttar Pradesh,Firozabad,Firozabad,Rice,23-08-2025,3300,3510,3410
Uttar Pradesh,Firozabad,Firozabad,Tomato,23-08-2025,3760,4100,3890
Uttar Pradesh,Firozabad,Sirsaganj,Green Chilli,23-08-2025,1000,1200,1100
Uttar Pradesh,Gautam Budh Nagar,Dadri,Bengal Gram Dal (Chana Dal),23-08-2025,7350,7750,7550
Uttar Pradesh,Gautam Budh Nagar,Dadri,Cauliflower,23-08-2025,3300,3600,3450
Uttar Pradesh,Gautam Budh Nagar,Dadri,Colacasia,23-08-2025,1900,2110,2000
Uttar Pradesh,Gautam Budh Nagar,Dadri,Garlic,23-08-2025,6100,6500,6300
Uttar Pradesh,Gautam Budh Nagar,Dadri,Mousambi(Sweet Lime),23-08-2025,3350,3660,3500
Uttar Pradesh,Gautam Budh Nagar,Dadri,Onion,23-08-2025,1150,1280,1220
Uttar Pradesh,Gautam Budh Nagar,Dadri,Pumpkin,23-08-2025,1300,1520,1400
Uttar Pradesh,Ghaziabad,Ghaziabad,Bitter gourd,23-08-2025,2400,2480,2440
Uttar Pradesh,Ghaziabad,Ghaziabad,Capsicum,23-08-2025,4920,5000,4960
Uttar Pradesh,Ghaziabad,Ghaziabad,Cucumbar(Kheera),23-08-2025,1890,1970,1930
Uttar Pradesh,Ghaziabad,Ghaziabad,Maize,23-08-2025,2225,2245,2235
Uttar Pradesh,Ghaziabad,Ghaziabad,Mango,23-08-2025,4900,5100,5000
Uttar Pradesh,Ghaziabad,Ghaziabad,Mustard,23-08-2025,6815,6915,6865
Uttar Pradesh,Ghaziabad,Hapur,Bottle gourd,23-08-2025,1400,1500,1460
Uttar Pradesh,Ghazipur,Gazipur,Arhar Dal(Tur Dal),23-08-2025,9720,9780,9750
Uttar Pradesh,Ghazipur,Gazipur,Banana,23-08-2025,2550,2600,2580
Uttar Pradesh,Ghazipur,Gazipur,Bengal Gram(Gram)(Whole),23-08-2025,6570,6630,6600
Uttar Pradesh,Ghazipur,Gazipur,Ginger(Green),23-08-2025,3730,3790,3760
Uttar Pradesh,Ghazipur,Gazipur,Green Chilli,23-08-2025,4920,4980,4950
Uttar Pradesh,Ghazipur,Gazipur,Pointed gourd (Parval),23-08-2025,3220,3280,3250
Uttar Pradesh,Ghazipur,Gazipur,Pumpkin,23-08-2025,1370,1430,1400
Uttar Pradesh,Ghazipur,Jangipura,Potato,23-08-2025,1000,1500,1200
Uttar Pradesh,Ghazipur,Jangipura,Rice,23-08-2025,3200,3800,3400
Uttar Pradesh,Ghazipur,Yusufpur,Green Gram (Moong)(Whole),23-08-2025,8700,8800,8750
Uttar Pradesh,Ghazipur,Yusufpur,Paddy(Dhan)(Common),23-08-2025,2500,2600,2550
Uttar Pradesh,Gonda,Gonda,Apple,23-08-2025,6200,6800,6500
Uttar Pradesh,Gonda,Gonda,Arhar Dal(Tur Dal),23-08-2025,9050,9400,9200
Uttar Pradesh,Gonda,Gonda,Banana - Green,23-08-2025,1750,1825,1800
Uttar Pradesh,Gonda,Gonda,Black Gram (Urd Beans)(Whole),23-08-2025,8975,9100,9000
Uttar Pradesh,Gonda,Gonda,Capsicum,23-08-2025,6575,6700,6600
Uttar Pradesh,Gonda,Gonda,Colacasia,23-08-2025,1950,2100,2000
Uttar Pradesh,Gonda,Gonda,Cowpea(Veg),23-08-2025,3870,4000,3900
Uttar Pradesh,Gonda,Gonda,Cucumbar(Kheera),23-08-2025,2320,2450,2350
Uttar Pradesh,Gonda,Gonda,Garlic,23-08-2025,6500,6900,6700
Uttar Pradesh,Gonda,Gonda,Green Chilli,23-08-2025,5400,5750,5500
Uttar Pradesh,Gonda,Gonda,Maize,23-08-2025,2175,2250,2225
Uttar Pradesh,Gonda,Gonda,Mousambi(Sweet Lime),23-08-2025,3750,3900,3800
Uttar Pradesh,Gonda,Gonda,Pumpkin,23-08-2025,2250,2400,2275
Uttar Pradesh,Gonda,Gonda,Rice,23-08-2025,2950,3050,3000
Uttar Pradesh,Gonda,Karnailganj,Wheat,23-08-2025,2420,2430,2425
Uttar Pradesh,Gonda,Nawabganj,Arhar Dal(Tur Dal),23-08-2025,9600,9800,9700
Uttar Pradesh,Gonda,Nawabganj,Banana,23-08-2025,2800,2900,2850
Uttar Pradesh,Gonda,Nawabganj,Cucumbar(Kheera),23-08-2025,2200,2300,2250
Uttar Pradesh,Gonda,Nawabganj,Gur(Jaggery),23-08-2025,4600,4700,4650
Uttar Pradesh,Gonda,Nawabganj,Lemon,23-08-2025,4000,4200,4100
Uttar Pradesh,Gonda,Nawabganj,Maize,23-08-2025,2250,2300,2275
Uttar Pradesh,Gonda,Nawabganj,Sponge gourd,23-08-2025,2400,2480,2440
Uttar Pradesh,Gorakhpur,Chorichora,Banana - Green,23-08-2025,2500,2800,2600
Uttar Pradesh,Gorakhpur,Chorichora,Garlic,23-08-2025,8500,8800,8600
Uttar Pradesh,Gorakhpur,Chorichora,Green Chilli,23-08-2025,4500,4800,4600
Uttar Pradesh,Gorakhpur,Chorichora,Onion,23-08-2025,1600,2000,1800
Uttar Pradesh,Gorakhpur,Chorichora,Wheat,23-08-2025,2425,2520,2480
Uttar Pradesh,Gorakhpur,Gorakhpur,Arhar Dal(Tur Dal),23-08-2025,9925,9975,9950
Uttar Pradesh,Gorakhpur,Gorakhpur,Brinjal,23-08-2025,1725,1900,1800
Uttar Pradesh,Gorakhpur,Gorakhpur,Lentil (Masur)(Whole),23-08-2025,6840,6890,6865
Uttar Pradesh,Gorakhpur,Gorakhpur,Onion,23-08-2025,1325,1550,1425
Uttar Pradesh,Gorakhpur,Gorakhpur,Potato,23-08-2025,1025,1075,1050
Uttar Pradesh,Hardoi,Hardoi,Banana,23-08-2025,2730,2800,2770
Uttar Pradesh,Hardoi,Hardoi,Bengal Gram(Gram)(Whole),23-08-2025,6600,6650,6635
Uttar Pradesh,Hardoi,Hardoi,Tomato,23-08-2025,3800,3850,3825
Uttar Pradesh,Hardoi,Sandi,Green Chilli,23-08-2025,4530,4600,4560
Uttar Pradesh,Hardoi,Sandi,Rice,23-08-2025,3150,3220,3190
Uttar Pradesh,Hardoi,Sandi,Tomato,23-08-2025,3800,3850,3820
Uttar Pradesh,Hardoi,Sandila,Apple,23-08-2025,8600,8700,8650
Uttar Pradesh,Hardoi,Sandila,Arhar Dal(Tur Dal),23-08-2025,9930,10020,9970
Uttar Pradesh,Hardoi,Sandila,Brinjal,23-08-2025,1650,1730,1690
Uttar Pradesh,Hardoi,Sandila,Wheat,23-08-2025,2480,2570,2530
Uttar Pradesh,Hathras,Haathras,Arhar Dal(Tur Dal),23-08-2025,9900,10150,10000
Uttar Pradesh,Hathras,Haathras,Pomegranate,23-08-2025,6900,7100,7020
Uttar Pradesh,Hathras,Shadabad,Tomato,23-08-2025,2500,2600,2550
Uttar Pradesh,Hathras,Sikandraraau,Potato,23-08-2025,575,700,620
Uttar Pradesh,Jalaun (Orai),Ait,Wheat,23-08-2025,2450,2520,2480
Uttar Pradesh,Jalaun (Orai),Orai,Bhindi(Ladies Finger),23-08-2025,1400,1900,1680
Uttar Pradesh,Jalaun (Orai),Orai,Ginger(Green),23-08-2025,3100,3525,3360
Uttar Pradesh,Jalaun (Orai),Orai,Papaya,23-08-2025,2350,2700,2550
Uttar Pradesh,Jalaun (Orai),Orai,Wheat,23-08-2025,2480,2520,2500
Uttar Pradesh,Jaunpur,Jaunpur,Cowpea(Veg),23-08-2025,2800,2880,2840
Uttar Pradesh,Jaunpur,Jaunpur,Masur Dal,23-08-2025,7700,7800,7750
Uttar Pradesh,Jaunpur,Jaunpur,Mousambi(Sweet Lime),23-08-2025,3440,3555,3500
Uttar Pradesh,Jaunpur,Jaunpur,Pumpkin,23-08-2025,1400,1460,1430
Uttar Pradesh,Jaunpur,Mugrabaadshahpur,Bengal Gram(Gram)(Whole),23-08-2025,6525,6725,6625
Uttar Pradesh,Jaunpur,Mugrabaadshahpur,Bhindi(Ladies Finger),23-08-2025,1585,1785,1685
Uttar Pradesh,Jaunpur,Mugrabaadshahpur,Cucumbar(Kheera),23-08-2025,2055,2255,2155
Uttar Pradesh,Jaunpur,Shahganj,Banana,23-08-2025,2585,2690,2640
Uttar Pradesh,Jaunpur,Shahganj,Bitter gourd,23-08-2025,2400,2460,2430
Uttar Pradesh,Jhansi,Chirgaon,Bengal Gram(Gram)(Whole),23-08-2025,5600,5890,5680
Uttar Pradesh,Jhansi,Chirgaon,Onion,23-08-2025,1300,1450,1360
Uttar Pradesh,Jhansi,Jhansi,Bitter gourd,23-08-2025,1700,1900,1785
Uttar Pradesh,Jhansi,Jhansi,Cabbage,23-08-2025,1800,1960,1840
Uttar Pradesh,Jhansi,Jhansi,Ginger(Green),23-08-2025,3200,3400,3260
Uttar Pradesh,Jhansi,Jhansi,Potato,23-08-2025,1200,1350,1230
Uttar Pradesh,Jhansi,Jhansi (Grain),Bengal Gram(Gram)(Whole),23-08-2025,5800,6000,5875
Uttar Pradesh,Jhansi,Jhansi (Grain),Groundnut,23-08-2025,5200,5700,5480
Uttar Pradesh,Kannuj,Chhibramau,Garlic,23-08-2025,5850,6050,5950
Uttar Pradesh,Kannuj,Chhibramau,Sponge gourd,23-08-2025,1700,1900,1800
Uttar Pradesh,Kannuj,Kannauj,Bottle gourd,23-08-2025,1150,1250,1200
Uttar Pradesh,Kannuj,Kannauj,Garlic,23-08-2025,6000,6100,6060
Uttar Pradesh,Kannuj,Kannauj,Maize,23-08-2025,2120,2225,2180
Uttar Pradesh,Kannuj,Kannauj,Potato,23-08-2025,850,950,900
Uttar Pradesh,Kanpur,Choubepur,Garlic,23-08-2025,5900,6100,6000
Uttar Pradesh,Kanpur,Choubepur,Gur(Jaggery),23-08-2025,4050,4250,4150
Uttar Pradesh,Kanpur,Choubepur,Lemon,23-08-2025,3700,3900,3800
Uttar Pradesh,Kanpur,Choubepur,Onion,23-08-2025,1370,1470,1420
Uttar Pradesh,Kanpur,Choubepur,Pointed gourd (Parval),23-08-2025,3300,3500,3400
Uttar Pradesh,Kanpur,Kanpur(Grain),Ginger(Green),23-08-2025,3800,4000,3900
Uttar Pradesh,Kanpur,Kanpur(Grain),Potato,23-08-2025,940,1140,1040
Uttar Pradesh,Kanpur,Kanpur(Grain),Tomato,23-08-2025,3750,3900,3850
Uttar Pradesh,Kanpur,Uttaripura,Bitter gourd,23-08-2025,2415,2615,2515
Uttar Pradesh,Kanpur,Uttaripura,Gur(Jaggery),23-08-2025,4100,4200,4160
Uttar Pradesh,Kanpur,Uttaripura,Lemon,23-08-2025,3720,3920,3820
Uttar Pradesh,Kanpur,Uttaripura,Maize,23-08-2025,2175,2250,2225
Uttar Pradesh,Kanpur,Uttaripura,Potato,23-08-2025,940,1140,1040
Uttar Pradesh,Kanpur,Uttaripura,Raddish,23-08-2025,1850,2050,1950
Uttar Pradesh,Kanpur,Uttaripura,Rice,23-08-2025,3135,3235,3185
Uttar Pradesh,Kanpur Dehat,Pukharayan,Bengal Gram Dal (Chana Dal),23-08-2025,7600,7620,7610
Uttar Pradesh,Kanpur Dehat,Pukharayan,Bhindi(Ladies Finger),23-08-2025,1340,1360,1350
Uttar Pradesh,Kasganj,Kasganj,Barley (Jau),23-08-2025,2320,2360,2340
Uttar Pradesh,Kasganj,Kasganj,Maize,23-08-2025,2150,2250,2200
Uttar Pradesh,Kasganj,Kasganj,Mousambi(Sweet Lime),23-08-2025,3350,3500,3400
Uttar Pradesh,Kasganj,Kasganj,Wheat,23-08-2025,2520,2600,2570
Uttar Pradesh,Kaushambi,Manjhanpur,Ginger(Green),23-08-2025,4015,4190,4100
Uttar Pradesh,Kaushambi,Manjhanpur,Onion,23-08-2025,1320,1510,1415
Uttar Pradesh,Kaushambi,Manjhanpur,Tomato,23-08-2025,4000,4260,4125
Uttar Pradesh,Khiri (Lakhimpur),Maigalganj,Brinjal,23-08-2025,1800,1880,1840
Uttar Pradesh,Khiri (Lakhimpur),Maigalganj,Gur(Jaggery),23-08-2025,3600,3690,3650
Uttar Pradesh,Lakhimpur,Golagokarnath,Apple,23-08-2025,8400,8500,8460
Uttar Pradesh,Lakhimpur,Golagokarnath,Banana,23-08-2025,2600,2700,2660
Uttar Pradesh,Lakhimpur,Golagokarnath,Bottle gourd,23-08-2025,1600,1700,1640
Uttar Pradesh,Lakhimpur,Golagokarnath,Brinjal,23-08-2025,1750,1850,1800
Uttar Pradesh,Lakhimpur,Golagokarnath,Lentil (Masur)(Whole),23-08-2025,6650,6750,6710
Uttar Pradesh,Lakhimpur,Golagokarnath,Onion,23-08-2025,1400,1500,1440
Uttar Pradesh,Lakhimpur,Lakhimpur,Lentil (Masur)(Whole),23-08-2025,6150,6275,6230
Uttar Pradesh,Lakhimpur,Lakhimpur,Mousambi(Sweet Lime),23-08-2025,3215,3420,3360
Uttar Pradesh,Lakhimpur,Lakhimpur,Mustard,23-08-2025,6610,6750,6700
Uttar Pradesh,Lakhimpur,Lakhimpur,Potato,23-08-2025,1080,1160,1100
Uttar Pradesh,Lakhimpur,Lakhimpur,Tomato,23-08-2025,3790,3880,3835
Uttar Pradesh,Lakhimpur,Lakhimpur,Wheat,23-08-2025,2250,2385,2320
Uttar Pradesh,Lalitpur,Lalitpur,Brinjal,23-08-2025,1770,1830,1800
Uttar Pradesh,Lalitpur,Lalitpur,Potato,23-08-2025,1150,1230,1180
Uttar Pradesh,Lucknow,Lucknow,Banana,23-08-2025,2750,2850,2800
Uttar Pradesh,Lucknow,Lucknow,Banana - Green,23-08-2025,1700,1800,1750
Uttar Pradesh,Lucknow,Lucknow,Bitter gourd,23-08-2025,2400,2500,2450
Uttar Pradesh,Lucknow,Lucknow,Lemon,23-08-2025,4150,4350,4250
Uttar Pradesh,Lucknow,Lucknow,Onion,23-08-2025,1380,1480,1430
Uttar Pradesh,Lucknow,Lucknow,Pointed gourd (Parval),23-08-2025,3300,3400,3350
Uttar Pradesh,Lucknow,Lucknow,Pumpkin,23-08-2025,1550,1650,1600
Uttar Pradesh,Maharajganj,Anandnagar,Wheat,23-08-2025,2450,2550,2500
Uttar Pradesh,Maharajganj,Gadaura,Bhindi(Ladies Finger),23-08-2025,1300,1500,1400
Uttar Pradesh,Maharajganj,Gadaura,Bottle gourd,23-08-2025,1300,1500,1400
Uttar Pradesh,Mahoba,Mahoba,Rice,23-08-2025,3250,3350,3310
Uttar Pradesh,Mahoba,Mahoba,White Peas,23-08-2025,3300,3400,3350
Uttar Pradesh,Mainpuri,Mainpuri,Garlic,23-08-2025,5630,5900,5760
Uttar Pradesh,Mainpuri,Mainpuri,Ginger(Green),23-08-2025,3400,3600,3500
Uttar Pradesh,Mainpuri,Mainpuri,Groundnut,23-08-2025,6350,6590,6500
Uttar Pradesh,Mainpuri,Mainpuri,Onion,23-08-2025,1350,1540,1450
Uttar Pradesh,Mathura,Kosikalan,Cauliflower,23-08-2025,3300,3500,3400
Uttar Pradesh,Mathura,Kosikalan,Mousambi(Sweet Lime),23-08-2025,2700,2900,2800
Uttar Pradesh,Mathura,Kosikalan,Rice,23-08-2025,3400,3440,3420
Uttar Pradesh,Mathura,Mathura,Bitter gourd,23-08-2025,1800,2200,2000
Uttar Pradesh,Mathura,Mathura,Cabbage,23-08-2025,2000,2200,2100
Uttar Pradesh,Mathura,Mathura,Green Gram (Moong)(Whole),23-08-2025,8400,8730,8688
Uttar Pradesh,Mathura,Mathura,Green Gram Dal (Moong Dal),23-08-2025,9500,9800,9600
Uttar Pradesh,Mathura,Mathura,Lemon,23-08-2025,3440,3860,3650
Uttar Pradesh,Mathura,Mathura,Potato,23-08-2025,900,1085,990
Uttar Pradesh,Mathura,Mathura,Sponge gourd,23-08-2025,1400,1600,1500
Uttar Pradesh,Mau(Maunathbhanjan),Doharighat,Onion,23-08-2025,1900,2000,1965
Uttar Pradesh,Mau(Maunathbhanjan),Kopaganj,Bhindi(Ladies Finger),23-08-2025,1000,1200,1100
Uttar Pradesh,Mau(Maunathbhanjan),Kopaganj,Bitter gourd,23-08-2025,1000,1200,1100
Uttar Pradesh,Mau(Maunathbhanjan),Kopaganj,Brinjal,23-08-2025,1000,1200,1100
Uttar Pradesh,Mau(Maunathbhanjan),Kopaganj,Cucumbar(Kheera),23-08-2025,800,1000,900
Uttar Pradesh,Meerut,Meerut,Arhar Dal(Tur Dal),23-08-2025,9920,10020,9970
Uttar Pradesh,Meerut,Meerut,Black Gram Dal (Urd Dal),23-08-2025,9750,9850,9800
Uttar Pradesh,Meerut,Meerut,Cauliflower,23-08-2025,3400,3600,3500
Uttar Pradesh,Meerut,Meerut,Ginger(Green),23-08-2025,3800,4000,3900
Uttar Pradesh,Meerut,Meerut,Maize,23-08-2025,2300,2500,2400
Uttar Pradesh,Meerut,Meerut,Masur Dal,23-08-2025,8080,8180,8130
Uttar Pradesh,Meerut,Meerut,Papaya,23-08-2025,2300,2500,2400
Uttar Pradesh,Meerut,Meerut,Pumpkin,23-08-2025,1400,1600,1500
Uttar Pradesh,Meerut,Meerut,Rice,23-08-2025,3180,3300,3240
Uttar Pradesh,Mirzapur,Ahirora,Apple,23-08-2025,4000,6000,5000
Uttar Pradesh,Mirzapur,Ahirora,Banana,23-08-2025,2000,3000,2500
Uttar Pradesh,Mirzapur,Ahirora,Bhindi(Ladies Finger),23-08-2025,1100,1300,1200
Uttar Pradesh,Mirzapur,Ahirora,Brinjal,23-08-2025,1800,2000,1900
Uttar Pradesh,Mirzapur,Ahirora,Cowpea(Veg),23-08-2025,1200,1400,1300
Uttar Pradesh,Mirzapur,Ahirora,Cucumbar(Kheera),23-08-2025,800,1000,900
Uttar Pradesh,Mirzapur,Mirzapur,Bitter gourd,23-08-2025,2345,2425,2390
Uttar Pradesh,Mirzapur,Mirzapur,Ginger(Green),23-08-2025,3600,3815,3675
Uttar Pradesh,Mirzapur,Mirzapur,Gur(Jaggery),23-08-2025,4600,4700,4665
Uttar Pradesh,Mirzapur,Mirzapur,Lentil (Masur)(Whole),23-08-2025,6900,7000,6970
Uttar Pradesh,Mirzapur,Mirzapur,Mustard,23-08-2025,6950,7025,6980
Uttar Pradesh,Mirzapur,Mirzapur,Pomegranate,23-08-2025,6350,6475,6400
Uttar Pradesh,Muzaffarnagar,Shahpur,Bhindi(Ladies Finger),23-08-2025,1145,1180,1155
Uttar Pradesh,Muzaffarnagar,Shahpur,Cucumbar(Kheera),23-08-2025,560,595,570
Uttar Pradesh,Muzaffarnagar,Shahpur,Wheat,23-08-2025,2500,2540,2515
Uttar Pradesh,Pillibhit,Pilibhit,Banana,23-08-2025,2750,2850,2800
Uttar Pradesh,Pillibhit,Pilibhit,Bottle gourd,23-08-2025,1350,1440,1395
Uttar Pradesh,Pillibhit,Pilibhit,Green Chilli,23-08-2025,4350,4440,4395
Uttar Pradesh,Pillibhit,Pilibhit,Lemon,23-08-2025,4350,4445,4395
Uttar Pradesh,Pillibhit,Pilibhit,Mousambi(Sweet Lime),23-08-2025,3620,3700,3660
Uttar Pradesh,Pillibhit,Puranpur,Apple,23-08-2025,7515,7610,7565
Uttar Pradesh,Pillibhit,Puranpur,Banana,23-08-2025,2750,2840,2799
Uttar Pradesh,Pillibhit,Puranpur,Wheat,23-08-2025,2470,2560,2520
Uttar Pradesh,Pratapgarh,Pratapgarh,Cauliflower,23-08-2025,2400,2550,2460
Uttar Pradesh,Prayagraj,Ajuha,Bhindi(Ladies Finger),23-08-2025,1640,1770,1700
Uttar Pradesh,Prayagraj,Ajuha,Cucumbar(Kheera),23-08-2025,2000,2100,2050
Uttar Pradesh,Prayagraj,Ajuha,Onion,23-08-2025,1380,1500,1450
Uttar Pradesh,Prayagraj,Allahabad,Green Chilli,23-08-2025,4570,4635,4600
Uttar Pradesh,Prayagraj,Allahabad,Onion,23-08-2025,1300,1385,1375
Uttar Pradesh,Prayagraj,Allahabad,Pumpkin,23-08-2025,1450,1500,1460
Uttar Pradesh,Prayagraj,Allahabad,Tomato,23-08-2025,4120,4200,4165
Uttar Pradesh,Prayagraj,Allahabad,Wheat,23-08-2025,2425,2535,2500
Uttar Pradesh,Prayagraj,Jasra,Wheat,23-08-2025,2440,2575,2520
Uttar Pradesh,Prayagraj,Sirsa,Onion,23-08-2025,1100,1300,1200
Uttar Pradesh,Raebarelli,Bachranwa,Arhar Dal(Tur Dal),23-08-2025,9950,10000,9975
Uttar Pradesh,Raebarelli,Bachranwa,Gur(Jaggery),23-08-2025,4415,4450,4435
Uttar Pradesh,Raebarelli,Bachranwa,Potato,23-08-2025,1125,1175,1150
Uttar Pradesh,Raebarelli,Bachranwa,Rice,23-08-2025,3175,3200,3190
Uttar Pradesh,Raebarelli,Jayas,Bhindi(Ladies Finger),23-08-2025,1600,1650,1620
Uttar Pradesh,Raebarelli,Jayas,Colacasia,23-08-2025,2080,2125,2100
Uttar Pradesh,Raebarelli,Jayas,Gur(Jaggery),23-08-2025,4475,4500,4480
Uttar Pradesh,Raebarelli,Jayas,Paddy(Dhan)(Common),23-08-2025,2280,2300,2290
Uttar Pradesh,Raebarelli,Lalganj,Potato,23-08-2025,1000,1200,1100
Uttar Pradesh,Raebarelli,Raibareilly,Arhar Dal(Tur Dal),23-08-2025,9850,9900,9875
Uttar Pradesh,Raebarelli,Raibareilly,Bhindi(Ladies Finger),23-08-2025,1700,1750,1725
Uttar Pradesh,Raebarelli,Raibareilly,Bitter gourd,23-08-2025,2200,2300,2250
Uttar Pradesh,Raebarelli,Raibareilly,Black Gram (Urd Beans)(Whole),23-08-2025,8775,8825,8800
Uttar Pradesh,Raebarelli,Raibareilly,Bottle gourd,23-08-2025,1560,1650,1600
Uttar Pradesh,Raebarelli,Raibareilly,Green Chilli,23-08-2025,4450,4560,4500
Uttar Pradesh,Raebarelli,Raibareilly,Guava,23-08-2025,2250,2300,2275
Uttar Pradesh,Raebarelli,Raibareilly,Onion,23-08-2025,1350,1460,1400
Uttar Pradesh,Raebarelli,Raibareilly,Paddy(Dhan)(Common),23-08-2025,2260,2315,2310
Uttar Pradesh,Raebarelli,Raibareilly,Pomegranate,23-08-2025,7060,7150,7100
Uttar Pradesh,Raebarelli,Raibareilly,Rice,23-08-2025,3150,3200,3175
Uttar Pradesh,Raebarelli,Raibareilly,Sponge gourd,23-08-2025,1660,1700,1680
Uttar Pradesh,Raebarelli,Salon,Potato,23-08-2025,1100,1112,1110
Uttar Pradesh,Raebarelli,Salon,Rice,23-08-2025,3100,3110,3105
Uttar Pradesh,Rampur,Rampur,Bengal Gram(Gram)(Whole),23-08-2025,6520,6610,6560
Uttar Pradesh,Rampur,Rampur,Bottle gourd,23-08-2025,1220,1310,1260
Uttar Pradesh,Rampur,Rampur,Green Chilli,23-08-2025,4500,4600,4550
Uttar Pradesh,Rampur,Rampur,Lentil (Masur)(Whole),23-08-2025,6800,6890,6840
Uttar Pradesh,Saharanpur,Deoband,Bhindi(Ladies Finger),23-08-2025,1600,2000,1800
Uttar Pradesh,Saharanpur,Deoband,Guava,23-08-2025,2000,2800,2500
Uttar Pradesh,Saharanpur,Deoband,Onion Green,23-08-2025,1400,1800,1600
Uttar Pradesh,Saharanpur,Deoband,Tomato,23-08-2025,2000,2900,2200
Uttar Pradesh,Sambhal,Bhehjoi,Maize,23-08-2025,1980,2200,2000
Uttar Pradesh,Sambhal,Bhehjoi,Wheat,23-08-2025,2500,2510,2505
Uttar Pradesh,Sambhal,Sambhal,Brinjal,23-08-2025,800,1150,1000
Uttar Pradesh,Sant Kabir Nagar,Khalilabad,Green Chilli,23-08-2025,2400,2500,2450
Uttar Pradesh,Sant Kabir Nagar,Khalilabad,Potato,23-08-2025,1600,1800,1700
Uttar Pradesh,Shahjahanpur,Puwaha,Cauliflower,23-08-2025,3250,3300,3275
Uttar Pradesh,Shahjahanpur,Puwaha,Onion,23-08-2025,1350,1425,1390
Uttar Pradesh,Shahjahanpur,Shahjahanpur,Papaya,23-08-2025,2680,2800,2740
Uttar Pradesh,Shahjahanpur,Shahjahanpur,Rice,23-08-2025,3380,3480,3440
Uttar Pradesh,Shahjahanpur,Tilhar,Bitter gourd,23-08-2025,2170,2270,2220
Uttar Pradesh,Shahjahanpur,Tilhar,Bottle gourd,23-08-2025,1300,1400,1350
Uttar Pradesh,Shahjahanpur,Tilhar,Brinjal,23-08-2025,1675,1775,1725
Uttar Pradesh,Shahjahanpur,Tilhar,Maize,23-08-2025,1940,1960,1950
Uttar Pradesh,Shahjahanpur,Tilhar,Potato,23-08-2025,950,1000,980
Uttar Pradesh,Shamli,Kairana,Brinjal,23-08-2025,900,1000,950
Uttar Pradesh,Shamli,Kairana,Cucumbar(Kheera),23-08-2025,1500,1600,1550
Uttar Pradesh,Shamli,Kairana,Garlic,23-08-2025,5400,5500,5450
Uttar Pradesh,Shamli,Khandhla,Cabbage,23-08-2025,450,500,475
Uttar Pradesh,Shamli,Khandhla,Potato,23-08-2025,750,800,775
Uttar Pradesh,Shamli,Khandhla,Sponge gourd,23-08-2025,3200,3300,3250
Uttar Pradesh,Shamli,Khandhla,Tomato,23-08-2025,1400,1500,1450
Uttar Pradesh,Shamli,Shamli,Bengal Gram Dal (Chana Dal),23-08-2025,7550,7650,7600
Uttar Pradesh,Shamli,Shamli,Bhindi(Ladies Finger),23-08-2025,1775,1875,1825
Uttar Pradesh,Shamli,Shamli,Bitter gourd,23-08-2025,2950,3050,3000
Uttar Pradesh,Shamli,Shamli,Gur(Jaggery),23-08-2025,4140,4220,4180
Uttar Pradesh,Shamli,Shamli,Onion,23-08-2025,1500,1600,1550
Uttar Pradesh,Shamli,Shamli,Rice,23-08-2025,3460,3540,3500
Uttar Pradesh,Shamli,Shamli,Ridgeguard(Tori),23-08-2025,2325,2425,2375
Uttar Pradesh,Siddharth Nagar,Naugarh,Bottle gourd,23-08-2025,1520,1560,1550
Uttar Pradesh,Siddharth Nagar,Naugarh,Ginger(Green),23-08-2025,3740,3790,3780
Uttar Pradesh,Siddharth Nagar,Naugarh,Mousambi(Sweet Lime),23-08-2025,3540,3560,3550
Uttar Pradesh,Siddharth Nagar,Naugarh,Pointed gourd (Parval),23-08-2025,3340,3360,3350
Uttar Pradesh,Siddharth Nagar,Naugarh,Tomato,23-08-2025,4040,4060,4050
Uttar Pradesh,Siddharth Nagar,Naugarh,Wheat,23-08-2025,2540,2565,2560
Uttar Pradesh,Sitapur,Hargaon (Laharpur),Gur(Jaggery),23-08-2025,3000,3200,3100
Uttar Pradesh,Sitapur,Hargaon (Laharpur),Wood,23-08-2025,500,600,550
Uttar Pradesh,Sitapur,Mehmoodabad,Tomato,23-08-2025,3830,3890,3860
Uttar Pradesh,Sitapur,Sitapur,Bengal Gram(Gram)(Whole),23-08-2025,6400,6700,6600
Uttar Pradesh,Sitapur,Sitapur,Green Chilli,23-08-2025,4200,4800,4565
Uttar Pradesh,Sitapur,Sitapur,Paddy(Dhan)(Common),23-08-2025,1850,2100,2055
Uttar Pradesh,Sitapur,Sitapur,Pumpkin,23-08-2025,1420,1650,1560
Uttar Pradesh,Sitapur,Viswan,Banana,23-08-2025,2740,2780,2760
Uttar Pradesh,Sitapur,Viswan,Pumpkin,23-08-2025,1525,1575,1550
Uttar Pradesh,Unnao,Bangarmau,Banana,23-08-2025,2720,2820,2770
Uttar Pradesh,Unnao,Bangarmau,Bengal Gram(Gram)(Whole),23-08-2025,6570,6670,6620
Uttar Pradesh,Unnao,Bangarmau,Bitter gourd,23-08-2025,2240,2340,2290
Uttar Pradesh,Unnao,Bangarmau,Mustard,23-08-2025,6620,6720,6670
Uttar Pradesh,Unnao,Unnao,Bengal Gram(Gram)(Whole),23-08-2025,6400,6500,6450
Uttar Pradesh,Unnao,Unnao,Black Gram Dal (Urd Dal),23-08-2025,10025,10200,10125
Uttar Pradesh,Unnao,Unnao,Potato,23-08-2025,1075,1175,1120
Uttar Pradesh,Unnao,Unnao,Rice,23-08-2025,3150,3200,3175
Uttar Pradesh,Unnao,Unnao,Tomato,23-08-2025,3775,3900,3810
Uttrakhand,Dehradoon,Rishikesh,Green Chilli,23-08-2025,3200,4500,3800
Uttrakhand,Dehradoon,Rishikesh,Guava,23-08-2025,2500,3300,2850
Uttrakhand,Dehradoon,Rishikesh,Lime,23-08-2025,3000,4000,3550
Uttrakhand,Dehradoon,Rishikesh,Ridgeguard(Tori),23-08-2025,850,1500,1000
Uttrakhand,Haridwar,Bhagwanpur(Naveen Mandi Sthal),Brinjal,23-08-2025,500,700,600
Uttrakhand,Haridwar,Bhagwanpur(Naveen Mandi Sthal),Pumpkin,23-08-2025,500,700,600
Uttrakhand,Haridwar,Haridwar Union,Green Chilli,23-08-2025,2500,3000,2800
Uttrakhand,Haridwar,Haridwar Union,Mousambi(Sweet Lime),23-08-2025,2500,3500,3000
Uttrakhand,Haridwar,Haridwar Union,Ridgeguard(Tori),23-08-2025,900,1200,1000
Uttrakhand,Nanital,Ramnagar,Bottle gourd,23-08-2025,1500,2000,1750
Uttrakhand,Nanital,Ramnagar,Cabbage,23-08-2025,1500,2500,2000
Uttrakhand,Nanital,Ramnagar,Mango,23-08-2025,2000,2500,2250
Uttrakhand,UdhamSinghNagar,Gadarpur,Rice,23-08-2025,3210,3780,3450
Uttrakhand,UdhamSinghNagar,Jaspur(UC),Pumpkin,23-08-2025,1200,1200,1200
Uttrakhand,UdhamSinghNagar,Kashipur,Pointed gourd (Parval),23-08-2025,1800,1800,1800
Uttrakhand,UdhamSinghNagar,Kashipur,Raddish,23-08-2025,600,600,600
Uttrakhand,UdhamSinghNagar,Khateema,Bhindi(Ladies Finger),23-08-2025,800,1000,900
Uttrakhand,UdhamSinghNagar,Khateema,Bottle gourd,23-08-2025,1000,1200,1100
Uttrakhand,UdhamSinghNagar,Khateema,Garlic,23-08-2025,4000,4200,4100
Uttrakhand,UdhamSinghNagar,Khateema,Guava,23-08-2025,2600,2800,2700
Uttrakhand,UdhamSinghNagar,Khateema,Onion,23-08-2025,1000,1200,1100
Uttrakhand,UdhamSinghNagar,Khateema,Papaya,23-08-2025,2600,2800,2700
Uttrakhand,UdhamSinghNagar,Kicchha,Banana,23-08-2025,1600,1800,1700
Uttrakhand,UdhamSinghNagar,Kicchha,Potato,23-08-2025,1500,1700,1600
Uttrakhand,UdhamSinghNagar,Rudrapur,Guava,23-08-2025,2000,3000,2500
Uttrakhand,UdhamSinghNagar,Rudrapur,Mousambi(Sweet Lime),23-08-2025,2000,3000,2500
Uttrakhand,UdhamSinghNagar,Rudrapur,Pumpkin,23-08-2025,1500,2000,1800
Uttrakhand,UdhamSinghNagar,Sitarganj,Bottle gourd,23-08-2025,900,1400,1200
Uttrakhand,UdhamSinghNagar,Sitarganj,Pumpkin,23-08-2025,800,1100,1000
Uttrakhand,UdhamSinghNagar,Sitarganj,Ridgeguard(Tori),23-08-2025,1600,2200,1800
West Bengal,Bankura,Khatra,Brinjal,23-08-2025,4000,5500,4500
West Bengal,Bankura,Khatra,Paddy(Dhan)(Common),23-08-2025,2250,2320,2300
West Bengal,Bankura,Khatra,Rice,23-08-2025,3500,3700,3600
West Bengal,Darjeeling,Darjeeling,Squash(Chappal Kadoo),23-08-2025,1600,1800,1700
West Bengal,Darjeeling,Karsiyang(Matigara),Carrot,23-08-2025,5000,5500,5200
West Bengal,Darjeeling,Karsiyang(Matigara),Tomato,23-08-2025,6000,6200,6100
West Bengal,Darjeeling,Siliguri,Masur Dal,23-08-2025,11800,12000,11900
West Bengal,Darjeeling,Siliguri,Onion,23-08-2025,1900,2100,2000
West Bengal,Howrah,Ramkrishanpur(Howrah),Potato,23-08-2025,1490,1520,1500
West Bengal,Kolkata,Mechua,Apple,23-08-2025,18000,20000,19000
West Bengal,Kolkata,Mechua,Mango,23-08-2025,9000,11000,10000
West Bengal,Kolkata,Mechua,Mousambi(Sweet Lime),23-08-2025,8000,10000,9000
West Bengal,Kolkata,Mechua,Mousambi(Sweet Lime),23-08-2025,7000,9000,8000
West Bengal,Medinipur(E),Egra/contai,Brinjal,23-08-2025,5100,5350,5200
West Bengal,Medinipur(E),Egra/contai,Potato,23-08-2025,1290,1320,1300
West Bengal,Medinipur(E),Egra/contai,Sweet Pumpkin,23-08-2025,1800,2000,1900
West Bengal,Medinipur(W),Ghatal,Potato,23-08-2025,1400,1450,1430
West Bengal,Medinipur(W),Ghatal,Tomato,23-08-2025,6900,7100,7000
West Bengal,Murshidabad,Kasimbazar,Rice,23-08-2025,3550,3800,3650
West Bengal,North 24 Parganas,Barasat,Tomato,23-08-2025,6000,6000,6000
West Bengal,North 24 Parganas,Habra,Onion,23-08-2025,2200,2300,2300
West Bengal,Paschim Bardhaman,Asansol,Brinjal,23-08-2025,4250,4400,4300
West Bengal,Paschim Bardhaman,Asansol,Peas(Dry),23-08-2025,5865,6200,6050
West Bengal,Paschim Bardhaman,Asansol,Tomato,23-08-2025,4200,4350,4300
West Bengal,Paschim Bardhaman,Asansol,Wheat,23-08-2025,2500,2740,2600
West Bengal,Paschim Bardhaman,Durgapur,Potato,23-08-2025,1180,1280,1260
West Bengal,Paschim Bardhaman,Durgapur,Potato,23-08-2025,1050,1160,1100
West Bengal,Paschim Bardhaman,Durgapur,Rice,23-08-2025,4350,4600,4450
West Bengal,Paschim Bardhaman,Durgapur,Wheat,23-08-2025,2700,3050,2875
West Bengal,Purba Bardhaman,Guskara,Mustard,23-08-2025,6000,6200,6100
West Bengal,Purba Bardhaman,Guskara,Paddy(Dhan)(Common),23-08-2025,2300,2320,2300
West Bengal,Puruliya,Purulia,Mustard Oil,23-08-2025,18160,18400,18330
West Bengal,Puruliya,Purulia,Onion,23-08-2025,1900,2100,2000
West Bengal,Sounth 24 Parganas,Baruipur(Canning),Guava,23-08-2025,4000,4200,4100
West Bengal,Sounth 24 Parganas,Baruipur(Canning),Rice,23-08-2025,3400,3500,3450
Andhra Pradesh,Chittor,Chittoor,Gur(Jaggery),23-08-2025,3400,3500,3500
Andhra Pradesh,Chittor,Palamaner,Cluster beans,23-08-2025,3000,4000,3500
Andhra Pradesh,Chittor,Palamaner,Ridgeguard(Tori),23-08-2025,1500,2000,1800
Andhra Pradesh,Cuddapah,Cuddapah,Groundnut,23-08-2025,4639,6179,4639
Andhra Pradesh,Guntur,Pidugurala(Palnadu),Dry Chillies,23-08-2025,10000,13800,11400
Andhra Pradesh,Krishna,Tiruvuru,Paddy(Dhan)(Common),23-08-2025,2500,2900,2700
Andhra Pradesh,Nellore,Atmakur(SPS),Paddy(Dhan)(Common),23-08-2025,2300,2400,2320
Andhra Pradesh,Nellore,Rapur,Wood,23-08-2025,5600,6000,5800
Andhra Pradesh,Visakhapatnam,Anakapally,Gur(Jaggery),23-08-2025,3250,3420,3335
Andhra Pradesh,West Godavari,Eluru,Lemon,23-08-2025,1400,3100,2000
Chandigarh,Chandigarh,Chandigarh(Grain/Fruit),Cauliflower,23-08-2025,1500,2000,1700
Chandigarh,Chandigarh,Chandigarh(Grain/Fruit),Green Chilli,23-08-2025,2000,3000,2600
Gujarat,Ahmedabad,Ahmedabad,Cauliflower,23-08-2025,1000,2500,2300
Gujarat,Ahmedabad,Ahmedabad,French Beans (Frasbean),23-08-2025,6000,9000,8250
Gujarat,Ahmedabad,Ahmedabad,Onion Green,23-08-2025,500,2000,1650
Gujarat,Ahmedabad,Ahmedabad,Peas Wet,23-08-2025,5000,8500,7250
Gujarat,Ahmedabad,Ahmedabad(Chimanbhai Patal Market Vasana),Onion,23-08-2025,800,1800,1600
Gujarat,Amreli,Rajula,Groundnut,23-08-2025,3750,5000,4375
Gujarat,Amreli,Savarkundla,Bajra(Pearl Millet/Cumbu),23-08-2025,1500,2255,2000
Gujarat,Anand,Borsad,Bajra(Pearl Millet/Cumbu),23-08-2025,2400,2600,2500
Gujarat,Banaskanth,Deesa,Bajra(Pearl Millet/Cumbu),23-08-2025,1700,2925,2650
Gujarat,Banaskanth,Deesa,Castor Seed,23-08-2025,6527.5,6527.5,6527.5
Gujarat,Banaskanth,Deesa(Deesa Veg Yard),Potato,23-08-2025,1200,1300,1250
Gujarat,Banaskanth,Deesa(Deesa Veg Yard),Ridgeguard(Tori),23-08-2025,2500,3000,2750
Gujarat,Banaskanth,Dhanera,Bajra(Pearl Millet/Cumbu),23-08-2025,2000,2185,2100
Gujarat,Banaskanth,Lakhani,Castor Seed,23-08-2025,6350,6580,6465
Gujarat,Banaskanth,Palanpur,Rajgir,23-08-2025,5625,6570,6097
Gujarat,Banaskanth,Panthawada,Isabgul (Psyllium),23-08-2025,8560,8560,8560
Gujarat,Banaskanth,Panthawada,Wheat,23-08-2025,2600,2600,2600
Gujarat,Banaskanth,Tharad,Mustard,23-08-2025,6050,6800,6500
Gujarat,Banaskanth,Tharad(Rah),Mustard,23-08-2025,6000,6500,6300
Gujarat,Banaskanth,Vadgam,Wheat,23-08-2025,2605,2725,2650
Gujarat,Botad,Botad,Bajra(Pearl Millet/Cumbu),23-08-2025,2700,3030,2900
Gujarat,Botad,Botad,Mustard,23-08-2025,3500,7500,5500
Gujarat,Botad,Botad,Wheat,23-08-2025,2570,2765,2650
Gujarat,Dahod,Dahod,Bajra(Pearl Millet/Cumbu),23-08-2025,2000,2450,2275
Gujarat,Dahod,Dahod(Veg. Market),Carrot,23-08-2025,2500,3500,3000
Gujarat,Dahod,Zalod(Zalod),Maize,23-08-2025,2250,2500,2375
Gujarat,Gandhinagar,Dehgam,Wheat,23-08-2025,2650,2700,2675
Gujarat,Gandhinagar,Dehgam(Rekhiyal),Castor Seed,23-08-2025,6335,6375,6355
Gujarat,Gandhinagar,Dehgam(Rekhiyal),Paddy(Dhan)(Common),23-08-2025,1750,2075,1912
Gujarat,Gandhinagar,Kalol,Wheat,23-08-2025,2625,2800,2700
Gujarat,Gandhinagar,Mansa,Guar Seed(Cluster Beans Seed),23-08-2025,4675,4675,4675
Gujarat,Gandhinagar,Mansa(Manas Veg Yard),Bottle gourd,23-08-2025,500,600,500
Gujarat,Gandhinagar,Mansa(Manas Veg Yard),Cucumbar(Kheera),23-08-2025,2500,2500,2500
Gujarat,Gandhinagar,Mansa(Manas Veg Yard),Green Chilli,23-08-2025,1000,2500,1000
Gujarat,Gandhinagar,Mansa(Manas Veg Yard),Lemon,23-08-2025,3500,3500,3500
Gujarat,Gandhinagar,Mansa(Manas Veg Yard),Spinach,23-08-2025,1500,1500,1500
Gujarat,Gir Somnath,Talalagir,Brinjal,23-08-2025,1000,3000,2000
Gujarat,Gir Somnath,Veraval,Millets,23-08-2025,1755,2480,2355
Gujarat,Gir Somnath,Veraval,Wheat,23-08-2025,2425,2705,2525
Gujarat,Kachchh,Rapar,Green Gram (Moong)(Whole),23-08-2025,6005,0,6005
Gujarat,Kheda,Kapadvanj,Bhindi(Ladies Finger),23-08-2025,1000,1750,1300
Gujarat,Kheda,Nadiad,Potato,23-08-2025,1300,1400,1350
Gujarat,Kheda,Nadiad,Tomato,23-08-2025,1700,2000,1800
Gujarat,Kheda,Nadiyad(Chaklasi),Bottle gourd,23-08-2025,1200,1400,1300
Gujarat,Kheda,Nadiyad(Chaklasi),Potato,23-08-2025,700,800,750
Gujarat,Kheda,Nadiyad(Chaklasi),Tomato,23-08-2025,1400,2000,1750
Gujarat,Kheda,Nadiyad(Piplag),Brinjal,23-08-2025,1200,1300,1250
Gujarat,Kheda,Nadiyad(Piplag),Cabbage,23-08-2025,1400,1500,1450
Gujarat,Kheda,Nadiyad(Piplag),Cauliflower,23-08-2025,1800,2000,1900
Gujarat,Kheda,Nadiyad(Piplag),Guar,23-08-2025,1800,2200,2000
Gujarat,Kheda,Nadiyad(Piplag),Kartali (Kantola),23-08-2025,6500,7000,6800
Gujarat,Kheda,Nadiyad(Piplag),Pegeon Pea (Arhar Fali),23-08-2025,8500,9300,9000
Gujarat,Kheda,Nadiyad(Piplag),Potato,23-08-2025,1200,1400,1300
Gujarat,Mehsana,Kadi,Castor Seed,23-08-2025,6500,6575,6540
Gujarat,Mehsana,Mehsana,Bajra(Pearl Millet/Cumbu),23-08-2025,2290,2335,2325
Gujarat,Mehsana,Mehsana(Mehsana Veg),Banana,23-08-2025,750,2000,1600
Gujarat,Mehsana,Unjha,Soanf,23-08-2025,5900,23000,8150
Gujarat,Mehsana,Vijapur,Castor Seed,23-08-2025,6375,6565,6525
Gujarat,Mehsana,Visnagar,Wheat,23-08-2025,2575,2702,2638
Gujarat,Morbi,Halvad,Corriander seed,23-08-2025,6225,7425,7250
Gujarat,Morbi,Halvad,Cummin Seed(Jeera),23-08-2025,15250,18645,18000
Gujarat,Morbi,Morbi,Bajra(Pearl Millet/Cumbu),23-08-2025,2500,2670,2585
Gujarat,Morbi,Morbi,Bitter gourd,23-08-2025,300,400,350
Gujarat,Morbi,Morbi,Bottle gourd,23-08-2025,500,700,600
Gujarat,Morbi,Morbi,Green Chilli,23-08-2025,400,600,500
Gujarat,Morbi,Morbi,Lemon,23-08-2025,300,2000,1150
Gujarat,Morbi,Morbi,"Sesamum(Sesame,Gingelly,Til)",23-08-2025,6500,9860,8180
Gujarat,Navsari,Bilimora,Tomato,23-08-2025,2500,4500,3500
Gujarat,Navsari,Navsari,Bhindi(Ladies Finger),23-08-2025,2500,3000,2750
Gujarat,Navsari,Navsari,Coriander(Leaves),23-08-2025,3000,3500,3250
Gujarat,Patan,Harij,Castor Seed,23-08-2025,6300,6550,6425
Gujarat,Patan,Radhanpur,Ajwan,23-08-2025,5700,11500,9500
Gujarat,Patan,Siddhpur,Mustard,23-08-2025,6290,6440,6365
Gujarat,Porbandar,Porbandar,Chikoos(Sapota),23-08-2025,1500,3000,2250
Gujarat,Porbandar,Porbandar,Corriander seed,23-08-2025,6005,7000,6510
Gujarat,Porbandar,Porbandar,Wheat,23-08-2025,2620,2620,2620
Gujarat,Rajkot,Gondal(Veg.market Gondal),Guava,23-08-2025,1500,4000,2750
Gujarat,Sabarkantha,Meghraj,Wheat,23-08-2025,2500,2600,2600
Gujarat,Sabarkantha,Talod,Wheat,23-08-2025,2600,2825,2712
Gujarat,Surat,Nizar(Kukarmuda),Cotton,23-08-2025,7065,7125,7090
Gujarat,Surendranagar,Dasada Patadi,Castor Seed,23-08-2025,6450,6475,6465
Gujarat,Surendranagar,Vadhvan,Apple,23-08-2025,7000,7500,7250
Gujarat,Surendranagar,Vadhvan,Brinjal,23-08-2025,1000,1500,1250
Gujarat,Surendranagar,Vadhvan,Lemon,23-08-2025,2000,2500,2250
Gujarat,Vadodara(Baroda),Padra,Bottle gourd,23-08-2025,1000,2250,1650
Gujarat,Vadodara(Baroda),Padra,Lemon,23-08-2025,3000,3750,3400
Gujarat,Vadodara(Baroda),Padra,Little gourd (Kundru),23-08-2025,1000,2500,1750
Haryana,Ambala,Ambala Cantt.,Apple,23-08-2025,4000,6000,5500
Haryana,Ambala,Ambala Cantt.,Colacasia,23-08-2025,1000,1500,1200
Haryana,Ambala,Ambala Cantt.,Dry Fodder,23-08-2025,520,530,525
Haryana,Ambala,Ambala Cantt.,Raddish,23-08-2025,1000,1500,1200
Haryana,Ambala,Naraingarh,Bottle gourd,23-08-2025,1000,2200,1500
Haryana,Ambala,Naraingarh,Brinjal,23-08-2025,1000,3000,2000
Haryana,Ambala,Naraingarh,Capsicum,23-08-2025,2000,6000,3500
Haryana,Ambala,Naraingarh,Cauliflower,23-08-2025,3000,5000,4000
Haryana,Ambala,Naraingarh,Cucumbar(Kheera),23-08-2025,1200,1500,1300
Haryana,Ambala,Naraingarh,Ginger(Dry),23-08-2025,3000,6000,4000
Haryana,Ambala,Naraingarh,Potato,23-08-2025,600,1200,850
Haryana,Ambala,Naraingarh,Tomato,23-08-2025,2000,4000,3000
Haryana,Ambala,Naraingarh,Water Melon,23-08-2025,1800,1800,1800
Haryana,Ambala,Shahzadpur,Cauliflower,23-08-2025,3000,4000,3000
Haryana,Ambala,Shahzadpur,Ginger(Green),23-08-2025,3100,3100,3100
Haryana,Ambala,Shahzadpur,Onion,23-08-2025,1000,1000,1000
Haryana,Bhiwani,Bhiwani,Bottle gourd,23-08-2025,1000,1240,1102
Haryana,Bhiwani,Bhiwani,Cabbage,23-08-2025,1420,1666,1560
Haryana,Bhiwani,Bhiwani,Pomegranate,23-08-2025,10250,12400,11240
Haryana,Faridabad,Ballabhgarh,Bottle gourd,23-08-2025,1000,1500,1200
Haryana,Faridabad,Ballabhgarh,Cauliflower,23-08-2025,1400,1800,1500
Haryana,Faridabad,Ballabhgarh,Tomato,23-08-2025,4000,5000,4500
Haryana,Faridabad,Faridabad,Bottle gourd,23-08-2025,1000,2000,1600
Haryana,Gurgaon,Gurgaon,Apple,23-08-2025,5000,10000,7500
Haryana,Hissar,Adampur,Guar,23-08-2025,3800,5049,4911
Haryana,Hissar,Adampur,Mustard,23-08-2025,6981,7050,7050
Haryana,Hissar,Barwala(Hisar),Cauliflower,23-08-2025,4000,5000,4500
Haryana,Hissar,Barwala(Hisar),Leafy Vegetable,23-08-2025,2800,3000,2900
Haryana,Hissar,Hansi,Apple,23-08-2025,5000,15000,10000
Haryana,Hissar,Hansi,Chikoos(Sapota),23-08-2025,5000,7000,6000
Haryana,Hissar,Hansi,Potato,23-08-2025,1000,2000,1500
Haryana,Hissar,Hansi,Raddish,23-08-2025,3000,4000,3500
Haryana,Hissar,Uklana,Tomato,23-08-2025,3500,4000,4000
Haryana,Jind,Jind,Potato,23-08-2025,950,1460,1000
Haryana,Jind,Narwana,Potato,23-08-2025,1200,1200,1200
Haryana,Jind,Safidon,Bottle gourd,23-08-2025,900,1000,1000
Haryana,Kaithal,Dhand,Apple,23-08-2025,7000,8000,7800
Haryana,Kaithal,Dhand,Banana,23-08-2025,2000,3000,2800
Haryana,Kaithal,Kaithal,Bottle gourd,23-08-2025,800,1500,1150
Haryana,Karnal,Gharaunda,Apple,23-08-2025,5000,7000,7000
Haryana,Karnal,Indri,Paddy(Dhan)(Basmati),23-08-2025,1641,2275,2050
Haryana,Kurukshetra,Pehowa,Bottle gourd,23-08-2025,1500,1650,1600
Haryana,Kurukshetra,Shahabad,Brinjal,23-08-2025,2200,3000,2500
Haryana,Kurukshetra,Shahabad,Carrot,23-08-2025,2200,2200,2200
Haryana,Kurukshetra,Shahabad,Pomegranate,23-08-2025,7500,9225,8000
Haryana,Kurukshetra,Shahabad,Pumpkin,23-08-2025,800,800,800
Haryana,Kurukshetra,Shahabad,Raddish,23-08-2025,1300,1600,1400
Haryana,Kurukshetra,Shahabad,Tomato,23-08-2025,2500,4200,4000
Haryana,Mahendragarh-Narnaul,Narnaul,Capsicum,23-08-2025,6000,6000,6000
Haryana,Mahendragarh-Narnaul,Narnaul,Ginger(Green),23-08-2025,3000,5000,4000
Haryana,Mahendragarh-Narnaul,Narnaul,Mousambi(Sweet Lime),23-08-2025,3000,3000,3000
Haryana,Mahendragarh-Narnaul,Narnaul,Pumpkin,23-08-2025,1500,1500,1500
Haryana,Mahendragarh-Narnaul,Narnaul,Tomato,23-08-2025,3000,5000,4000
Haryana,Panchkula,Barwala,Brinjal,23-08-2025,2000,2500,2250
Haryana,Panchkula,Barwala,Tomato,23-08-2025,4000,5000,4500
Haryana,Panchkula,"New Grain Market , Panchkula",Apple,23-08-2025,8500,9500,9000
Haryana,Panchkula,Raipur Rai,Bottle gourd,23-08-2025,1500,1600,1500
Haryana,Panchkula,Raipur Rai,Cauliflower,23-08-2025,3000,3200,3000
Haryana,Panchkula,Raipur Rai,Coriander(Leaves),23-08-2025,5000,5200,5000
Haryana,Panchkula,Raipur Rai,Cucumbar(Kheera),23-08-2025,1800,2000,1800
Haryana,Panchkula,Raipur Rai,Green Chilli,23-08-2025,3200,3500,3200
Haryana,Panchkula,Raipur Rai,Onion,23-08-2025,1600,1800,1600
Haryana,Panchkula,Raipur Rai,Tomato,23-08-2025,3000,3200,3000
Haryana,Panipat,Panipat,Pomegranate,23-08-2025,5000,7000,6000
Haryana,Panipat,Samalkha,Ginger(Dry),23-08-2025,6000,6000,6000
Haryana,Panipat,Samalkha,Green Chilli,23-08-2025,5900,5900,5900
Haryana,Panipat,Samalkha,Guava,23-08-2025,1300,1300,1300
Haryana,Rewari,Kosli,Cucumbar(Kheera),23-08-2025,2000,2000,2000
Haryana,Rewari,Kosli,Potato,23-08-2025,1000,1000,1000
Haryana,Rewari,Rewari,Potato,23-08-2025,1000,1800,1400
Haryana,Rohtak,Meham,Brinjal,23-08-2025,3000,3000,3000
Haryana,Rohtak,Meham,Green Chilli,23-08-2025,6000,8000,7000
Haryana,Rohtak,Meham,Mousambi(Sweet Lime),23-08-2025,2700,3000,2800
Haryana,Rohtak,Meham,Tomato,23-08-2025,4500,4500,4500
Haryana,Sirsa,Ellanabad,Cotton,23-08-2025,7960,7960,7960
Haryana,Sirsa,Sirsa,Brinjal,23-08-2025,1000,2000,1400
Haryana,Sirsa,Sirsa,Cabbage,23-08-2025,1500,2400,2000
Haryana,Sonipat,Ganaur,Cabbage,23-08-2025,2400,2500,2400
Haryana,Sonipat,Ganaur,Carrot,23-08-2025,3000,3500,3200
Haryana,Sonipat,Ganaur,Cauliflower,23-08-2025,4500,5000,4800
Haryana,Sonipat,Ganaur,Cucumbar(Kheera),23-08-2025,1600,2000,1800
Haryana,Sonipat,Ganaur,Mousambi(Sweet Lime),23-08-2025,3500,4000,3800
Haryana,Sonipat,Ganaur,Pumpkin,23-08-2025,1200,1500,1400
Haryana,Sonipat,Gohana,Raddish,23-08-2025,1500,2000,1800
Haryana,Sonipat,Gohana,Tomato,23-08-2025,4000,6000,5000
Haryana,Sonipat,Sonepat,Apple,23-08-2025,5500,9000,5500
Haryana,Sonipat,Sonepat,Cauliflower,23-08-2025,2200,3600,2200
Haryana,Sonipat,Sonepat,Onion,23-08-2025,1400,1900,1400
Haryana,Sonipat,Sonepat,Pumpkin,23-08-2025,1000,2000,1000
Haryana,Sonipat,Sonepat(Kharkhoda),Potato,23-08-2025,1000,1500,1200
Haryana,Yamuna Nagar,Mustafabad,Bhindi(Ladies Finger),23-08-2025,2000,2200,2000
Haryana,Yamuna Nagar,Mustafabad,Cucumbar(Kheera),23-08-2025,3000,3000,3000
Haryana,Yamuna Nagar,Radaur,Cabbage,23-08-2025,1200,1600,1400
Haryana,Yamuna Nagar,Radaur,Green Chilli,23-08-2025,4000,4500,4200
Haryana,Yamuna Nagar,Radaur,Mousambi(Sweet Lime),23-08-2025,2800,3200,3000
Haryana,Yamuna Nagar,Radaur,Peas Wet,23-08-2025,5000,6000,5500
Haryana,Yamuna Nagar,Radaur,Raddish,23-08-2025,1000,1400,1200
Haryana,Yamuna Nagar,Sadhaura,Bitter gourd,23-08-2025,2000,2000,2000
Haryana,Yamuna Nagar,Sadhaura,Ginger(Green),23-08-2025,2000,4000,3000
Haryana,Yamuna Nagar,Sadhaura,Potato,23-08-2025,700,900,800
Himachal Pradesh,Bilaspur,Bilaspur,Pomegranate,23-08-2025,7000,18000,12000
Himachal Pradesh,Chamba,Chamba,Ginger(Green),23-08-2025,9000,10000,9500
Himachal Pradesh,Chamba,Chamba,Papaya,23-08-2025,5000,5500,5250
Himachal Pradesh,Chamba,Chamba,Potato,23-08-2025,2000,2500,2250
Himachal Pradesh,Chamba,Chamba,Tomato,23-08-2025,6000,6500,6250
Himachal Pradesh,Hamirpur,Hamirpur,Apple,23-08-2025,10000,12000,11000
Himachal Pradesh,Hamirpur,Hamirpur,Banana,23-08-2025,4000,4600,4300
Himachal Pradesh,Hamirpur,Hamirpur,Carrot,23-08-2025,4000,4000,4000
Himachal Pradesh,Hamirpur,Hamirpur,Cucumbar(Kheera),23-08-2025,4000,5000,4500
Himachal Pradesh,Hamirpur,Hamirpur,Lemon,23-08-2025,6000,6000,6000
Himachal Pradesh,Hamirpur,Hamirpur,Papaya,23-08-2025,4500,5000,4700
Himachal Pradesh,Hamirpur,Hamirpur,Sponge gourd,23-08-2025,4000,4000,4000
Himachal Pradesh,Hamirpur,Hamirpur(Nadaun),Apple,23-08-2025,10000,12000,11000
Himachal Pradesh,Hamirpur,Hamirpur(Nadaun),Banana,23-08-2025,4000,4600,4300
Himachal Pradesh,Hamirpur,Hamirpur(Nadaun),Cabbage,23-08-2025,3000,3500,3200
Himachal Pradesh,Hamirpur,Hamirpur(Nadaun),Colacasia,23-08-2025,3500,3600,3500
Himachal Pradesh,Hamirpur,Hamirpur(Nadaun),Green Chilli,23-08-2025,6000,6500,6200
Himachal Pradesh,Hamirpur,Hamirpur(Nadaun),Mousambi(Sweet Lime),23-08-2025,5000,5500,5200
Himachal Pradesh,Hamirpur,Hamirpur(Nadaun),Squash(Chappal Kadoo),23-08-2025,2500,3000,2700
Himachal Pradesh,Kangra,Dharamshala,Banana,23-08-2025,4200,4700,4450
Himachal Pradesh,Kangra,Dharamshala,Bitter gourd,23-08-2025,3500,4000,3750
Himachal Pradesh,Kangra,Dharamshala,Pomegranate,23-08-2025,13000,14000,13500
Himachal Pradesh,Kangra,Kangra,Banana,23-08-2025,4400,5000,4600
Himachal Pradesh,Kangra,Kangra,Garlic,23-08-2025,10000,12000,11000
Himachal Pradesh,Kangra,Kangra,Ginger(Green),23-08-2025,7500,8000,7700
Himachal Pradesh,Kangra,Kangra,Papaya,23-08-2025,3500,4000,3700
Himachal Pradesh,Kangra,Kangra,Pomegranate,23-08-2025,10000,12000,11000
Himachal Pradesh,Kangra,Kangra(Baijnath),Colacasia,23-08-2025,3000,3000,3000
Himachal Pradesh,Kangra,Kangra(Baijnath),Potato,23-08-2025,2300,2500,2400
Himachal Pradesh,Kangra,Kangra(Baijnath),Raddish,23-08-2025,2000,2200,2200
Himachal Pradesh,Kangra,Kangra(Jaisinghpur),Papaya,23-08-2025,3500,4000,3700
Himachal Pradesh,Kangra,Kangra(Jaisinghpur),Potato,23-08-2025,1800,2700,2400
Himachal Pradesh,Kangra,Kangra(Jassour),Apple,23-08-2025,3000,8000,5000
Himachal Pradesh,Kangra,Kangra(Jassour),Bottle gourd,23-08-2025,1200,1600,1400
Himachal Pradesh,Kangra,Kangra(Jassour),Cabbage,23-08-2025,2000,2400,2200
Himachal Pradesh,Kangra,Kangra(Jassour),Capsicum,23-08-2025,5000,6000,5750
Himachal Pradesh,Kangra,Kangra(Jassour),Mousambi(Sweet Lime),23-08-2025,5000,6000,5500
Himachal Pradesh,Kangra,Kangra(Jassour),Pineapple,23-08-2025,4500,5500,5000
Himachal Pradesh,Kangra,Kangra(Nagrota Bagwan),Banana,23-08-2025,4200,5000,4500
Himachal Pradesh,Kangra,Kangra(Nagrota Bagwan),Colacasia,23-08-2025,2500,3000,2700
Himachal Pradesh,Kangra,Kangra(Nagrota Bagwan),Green Chilli,23-08-2025,5000,6000,5500
Himachal Pradesh,Kangra,Kangra(Nagrota Bagwan),Lemon,23-08-2025,5500,6500,6000
Himachal Pradesh,Kangra,Kangra(Nagrota Bagwan),Mousambi(Sweet Lime),23-08-2025,4500,5000,4800
Himachal Pradesh,Kangra,Kangra(Nagrota Bagwan),Potato,23-08-2025,1100,2000,1400
Himachal Pradesh,Kangra,Kangra(Nagrota Bagwan),Raddish,23-08-2025,2000,2200,2000
Himachal Pradesh,Kangra,Kangra(Nagrota Bagwan),Tomato,23-08-2025,4000,5200,4800
Himachal Pradesh,Kangra,Palampur,Bhindi(Ladies Finger),23-08-2025,4000,4200,4100
Himachal Pradesh,Kangra,Palampur,Brinjal,23-08-2025,4000,4500,4200
Himachal Pradesh,Kangra,Palampur,Capsicum,23-08-2025,6500,7500,7000
Himachal Pradesh,Kangra,Palampur,Colacasia,23-08-2025,2800,3200,3000
Himachal Pradesh,Kangra,Palampur,Green Chilli,23-08-2025,5000,6000,5500
Himachal Pradesh,Kangra,Palampur,Onion,23-08-2025,2500,2600,2550
Himachal Pradesh,Kangra,Palampur,Tomato,23-08-2025,4500,5000,4700
Himachal Pradesh,Kullu,Kullu,Bhindi(Ladies Finger),23-08-2025,3500,4000,3800
Himachal Pradesh,Kullu,Kullu,Bitter gourd,23-08-2025,3000,3500,3300
Himachal Pradesh,Kullu,Kullu,Brinjal,23-08-2025,3500,4000,3800
Himachal Pradesh,Kullu,Kullu,Carrot,23-08-2025,3000,3500,3300
Himachal Pradesh,Kullu,Kullu,Coriander(Leaves),23-08-2025,8000,10000,9000
Himachal Pradesh,Kullu,Kullu,Green Chilli,23-08-2025,6000,8000,7000
Himachal Pradesh,Kullu,Kullu,Peas Wet,23-08-2025,8000,10000,9000
Himachal Pradesh,Kullu,Kullu,Potato,23-08-2025,1000,2500,1800
Himachal Pradesh,Kullu,Kullu,Tomato,23-08-2025,1500,3200,2300
Himachal Pradesh,Mandi,Chail Chowk ,Cabbage,23-08-2025,800,1100,900
Himachal Pradesh,Mandi,Chail Chowk ,Cauliflower,23-08-2025,1800,1800,1800
Himachal Pradesh,Mandi,Chail Chowk ,Coriander(Leaves),23-08-2025,2400,2400,2400
Himachal Pradesh,Mandi,Dhanotu (Mandi),Banana,23-08-2025,3800,4000,3900
Himachal Pradesh,Mandi,Dhanotu (Mandi),Coriander(Leaves),23-08-2025,10000,15000,12500
Himachal Pradesh,Mandi,Dhanotu (Mandi),Onion,23-08-2025,2000,2400,2200
Himachal Pradesh,Mandi,Dhanotu (Mandi),Pomegranate,23-08-2025,9000,10000,9500
Himachal Pradesh,Mandi,Mandi(Mandi),Carrot,23-08-2025,1000,2500,2000
Himachal Pradesh,Mandi,Mandi(Mandi),Cucumbar(Kheera),23-08-2025,2000,3000,2500
Himachal Pradesh,Mandi,Mandi(Mandi),Ginger(Green),23-08-2025,6000,8000,7000
Himachal Pradesh,Mandi,Mandi(Mandi),Lemon,23-08-2025,6500,8000,7000
Himachal Pradesh,Mandi,Mandi(Mandi),Mango,23-08-2025,1500,3200,3000
Himachal Pradesh,Mandi,Mandi(Mandi),Potato,23-08-2025,1200,2400,2000
Himachal Pradesh,Sirmore,Nahan,Apple,23-08-2025,4000,10000,7000
Himachal Pradesh,Sirmore,Nahan,Colacasia,23-08-2025,2500,3000,2800
Himachal Pradesh,Sirmore,Nahan,Potato,23-08-2025,1500,2000,1800
Himachal Pradesh,Sirmore,Paonta Sahib,Coriander(Leaves),23-08-2025,10000,12000,11000
Himachal Pradesh,Sirmore,Paonta Sahib,French Beans (Frasbean),23-08-2025,6000,8000,7000
Himachal Pradesh,Sirmore,Paonta Sahib,Garlic,23-08-2025,8000,9000,8500
Himachal Pradesh,Sirmore,Paonta Sahib,Lemon,23-08-2025,5000,6000,5500
Himachal Pradesh,Sirmore,Paonta Sahib,Pomegranate,23-08-2025,10000,12000,11000
Himachal Pradesh,Sirmore,Paonta Sahib,Potato,23-08-2025,1000,1500,1200
Himachal Pradesh,Sirmore,Paonta Sahib,Sponge gourd,23-08-2025,3500,4000,3800
Himachal Pradesh,Sirmore,Paonta Sahib,Tomato,23-08-2025,4000,6000,5000
Himachal Pradesh,Solan,Dharampur,Tomato,23-08-2025,1000,3500,3000
Himachal Pradesh,Solan,Solan,Apple,23-08-2025,2500,9500,6000
Himachal Pradesh,Solan,Solan,Capsicum,23-08-2025,1500,5100,3800
Himachal Pradesh,Solan,Solan,Cauliflower,23-08-2025,4000,4500,4200
Himachal Pradesh,Solan,Solan,Coriander(Leaves),23-08-2025,7000,8000,7500
Himachal Pradesh,Solan,Solan,Lemon,23-08-2025,5000,6500,6000
Himachal Pradesh,Solan,Solan,Pumpkin,23-08-2025,1500,1800,1600
Himachal Pradesh,Solan,Solan,Sponge gourd,23-08-2025,2800,3000,2900
Himachal Pradesh,Solan,Solan(Nalagarh),Bhindi(Ladies Finger),23-08-2025,3500,4000,3800
Himachal Pradesh,Solan,Solan(Nalagarh),Bitter gourd,23-08-2025,2500,3000,2700
Himachal Pradesh,Solan,Solan(Nalagarh),Cauliflower,23-08-2025,4000,5000,4500
Himachal Pradesh,Solan,Solan(Nalagarh),Garlic,23-08-2025,6000,7000,6500
Himachal Pradesh,Solan,Solan(Nalagarh),Lemon,23-08-2025,5000,6000,5500
Himachal Pradesh,Solan,Solan(Nalagarh),Pumpkin,23-08-2025,1500,2000,1700
Himachal Pradesh,Una,Santoshgarh,Bhindi(Ladies Finger),23-08-2025,2500,2500,2500
Himachal Pradesh,Una,Santoshgarh,Bitter gourd,23-08-2025,2800,3000,2900
Himachal Pradesh,Una,Santoshgarh,Cauliflower,23-08-2025,3200,3200,3200
Himachal Pradesh,Una,Santoshgarh,Garlic,23-08-2025,9200,9400,9300
Himachal Pradesh,Una,Santoshgarh,Onion,23-08-2025,1700,2000,1850
Himachal Pradesh,Una,Santoshgarh,Papaya,23-08-2025,3400,3400,3400
Himachal Pradesh,Una,Santoshgarh,Pomegranate,23-08-2025,8900,8900,8900
Himachal Pradesh,Una,Una,Bitter gourd,23-08-2025,3000,4000,3500
Himachal Pradesh,Una,Una,Cauliflower,23-08-2025,3000,4000,3500
Himachal Pradesh,Una,Una,Ginger(Green),23-08-2025,6000,7000,6500
Himachal Pradesh,Una,Una,Green Chilli,23-08-2025,5000,6000,5500
Himachal Pradesh,Una,Una,Lemon,23-08-2025,7000,8000,7500
Jammu and Kashmir,Baramulla,Nowpora,Apple,23-08-2025,2600,3700,3100
Jammu and Kashmir,Baramulla,Nowpora,Apple,23-08-2025,2700,3200,2900
Jammu and Kashmir,Jammu,Narwal Jammu (F&V),Apple,23-08-2025,2000,2500,2250
Jammu and Kashmir,Kathua,Kathua,Bitter gourd,23-08-2025,2000,2200,2100
Jammu and Kashmir,Kathua,Kathua,Cauliflower,23-08-2025,2000,2500,2250
Jammu and Kashmir,Kathua,Kathua,Onion,23-08-2025,2000,2200,2100
Jammu and Kashmir,Kathua,Kathua,Papaya,23-08-2025,3500,4000,3750
Jammu and Kashmir,Kathua,Kathua,Plum,23-08-2025,8000,10000,9000
Jammu and Kashmir,Kathua,Kathua,Raddish,23-08-2025,2500,3000,2750
Jammu and Kashmir,Kathua,Kathua,Spinach,23-08-2025,2500,3000,2750
Jammu and Kashmir,Pulwama,Pulwama (F&V),Apple,23-08-2025,7000,8000,7500
Jammu and Kashmir,Rajouri,Rajouri (F&V),Brinjal,23-08-2025,2500,2700,2600
Jammu and Kashmir,Rajouri,Rajouri (F&V),Cabbage,23-08-2025,2500,2700,2600
Jammu and Kashmir,Rajouri,Rajouri (F&V),Cauliflower,23-08-2025,4500,4700,4600
Jammu and Kashmir,Rajouri,Rajouri (F&V),Mousambi(Sweet Lime),23-08-2025,5000,5200,5100
Jammu and Kashmir,Rajouri,Rajouri (F&V),Pomegranate,23-08-2025,8000,8200,8100
Jammu and Kashmir,Rajouri,Rajouri (F&V),Raddish,23-08-2025,3000,3200,3100
Jammu and Kashmir,Rajouri,Rajouri (F&V),Tomato,23-08-2025,6000,6200,6100
Jammu and Kashmir,Srinagar,Parimpore,Cabbage,23-08-2025,1000,1300,1150
Jammu and Kashmir,Srinagar,Parimpore,Lemon,23-08-2025,5000,6000,5500
Jammu and Kashmir,Srinagar,Parimpore,Papaya,23-08-2025,4200,5000,4600
Jammu and Kashmir,Srinagar,Parimpore,Pomegranate,23-08-2025,14000,15000,14500
Jammu and Kashmir,Udhampur,Udhampur,Bhindi(Ladies Finger),23-08-2025,2500,3000,2750
Jammu and Kashmir,Udhampur,Udhampur,Brinjal,23-08-2025,1500,2000,1750
Jammu and Kashmir,Udhampur,Udhampur,Cauliflower,23-08-2025,3500,4000,3750
Jammu and Kashmir,Udhampur,Udhampur,Cucumbar(Kheera),23-08-2025,2000,2500,2250
Jammu and Kashmir,Udhampur,Udhampur,Garlic,23-08-2025,8000,9000,8500
Jammu and Kashmir,Udhampur,Udhampur,Indian Beans (Seam),23-08-2025,5000,5500,5250
Jammu and Kashmir,Udhampur,Udhampur,Pomegranate,23-08-2025,12000,16000,14000
Jammu and Kashmir,Udhampur,Udhampur,Potato,23-08-2025,1000,1500,1250
Jammu and Kashmir,Udhampur,Udhampur,Raddish,23-08-2025,1000,1800,1400
Jammu and Kashmir,Udhampur,Udhampur,Tomato,23-08-2025,3000,4000,3500
Kerala,Alappuzha,Aroor,Cabbage,23-08-2025,3000,3200,3100
Kerala,Alappuzha,Aroor,Carrot,23-08-2025,6000,6200,6100
Kerala,Alappuzha,Aroor,French Beans (Frasbean),23-08-2025,6000,6200,6100
Kerala,Alappuzha,Aroor,Onion,23-08-2025,6000,6200,6100
Kerala,Alappuzha,Chengannur,Bhindi(Ladies Finger),23-08-2025,3900,4300,4000
Kerala,Alappuzha,Chengannur,Carrot,23-08-2025,6800,7100,7000
Kerala,Alappuzha,Chengannur,Cauliflower,23-08-2025,0,0,4000
Kerala,Alappuzha,Chengannur,Cowpea(Veg),23-08-2025,4800,5100,5000
Kerala,Alappuzha,Chengannur,Green Chilli,23-08-2025,5800,6100,6000
Kerala,Alappuzha,Chengannur,Onion,23-08-2025,2300,2600,2500
Kerala,Alappuzha,Cherthala,Banana - Green,23-08-2025,3200,3400,3300
Kerala,Alappuzha,Cherthala,Cauliflower,23-08-2025,4300,4400,4400
Kerala,Alappuzha,Cherthala,Long Melon(Kakri),23-08-2025,4300,4600,4400
Kerala,Alappuzha,Harippad,Capsicum,23-08-2025,8000,8600,8000
Kerala,Alappuzha,Harippad,Cowpea(Veg),23-08-2025,4000,4500,4000
Kerala,Alappuzha,Kayamkulam,Amphophalus,23-08-2025,4200,4400,4300
Kerala,Alappuzha,Kayamkulam,Banana,23-08-2025,2100,2300,2200
Kerala,Alappuzha,Kayamkulam,Cowpea(Veg),23-08-2025,4500,4700,4600
Kerala,Alappuzha,Kayamkulam,Onion,23-08-2025,2400,2600,2500
Kerala,Alappuzha,Kayamkulam,Potato,23-08-2025,1900,2100,2000
Kerala,Alappuzha,Mannar,Ashgourd,23-08-2025,2000,2200,2100
Kerala,Alappuzha,Mannar,Beetroot,23-08-2025,4000,4200,4100
Kerala,Ernakulam,Aluva,Cabbage,23-08-2025,2000,3000,2500
Kerala,Ernakulam,Aluva,Coconut Seed,23-08-2025,7600,8500,8100
Kerala,Ernakulam,Aluva,Onion,23-08-2025,2000,3000,2500
Kerala,Ernakulam,Edackattuvayal  VFPCK,Banana,23-08-2025,2675,2685,2680
Kerala,Ernakulam,Edackattuvayal  VFPCK,Pumpkin,23-08-2025,2555,2565,2560
Kerala,Ernakulam,Ernakulam,Amaranthus,23-08-2025,2700,3000,2900
Kerala,Ernakulam,Kadungallur  VFPCK,Banana,23-08-2025,4400,4700,4500
Kerala,Ernakulam,Mazhuvannur VFPCK,Banana,23-08-2025,1200,2700,1700
Kerala,Ernakulam,Mazhuvannur VFPCK,Tapioca,23-08-2025,1500,2000,1900
Kerala,Ernakulam,North Paravur,Ashgourd,23-08-2025,3000,3500,3200
Kerala,Ernakulam,North Paravur,Bitter gourd,23-08-2025,5500,6000,5800
Kerala,Ernakulam,North Paravur,Carrot,23-08-2025,6700,7500,7000
Kerala,Ernakulam,North Paravur,Cucumbar(Kheera),23-08-2025,3800,4500,4000
Kerala,Ernakulam,North Paravur,French Beans (Frasbean),23-08-2025,6500,7000,6800
Kerala,Ernakulam,North Paravur,Tapioca,23-08-2025,3000,4000,3500
Kerala,Ernakulam,North Paravur,Tomato,23-08-2025,5500,6000,5800
Kerala,Ernakulam,Perumbavoor,Banana,23-08-2025,2000,3000,2500
Kerala,Ernakulam,Perumbavoor,Banana - Green,23-08-2025,2800,3800,3200
Kerala,Ernakulam,Perumbavoor,Bitter gourd,23-08-2025,4700,5700,5000
Kerala,Ernakulam,Perumbavoor,Black pepper,23-08-2025,63000,64000,63500
Kerala,Ernakulam,Perumbavoor,Brinjal,23-08-2025,2400,3400,2700
Kerala,Ernakulam,Perumbavoor,Carrot,23-08-2025,4600,5600,5000
Kerala,Ernakulam,Perumbavoor,Cauliflower,23-08-2025,2500,3500,3000
Kerala,Ernakulam,Perumbavoor,Field Pea,23-08-2025,2800,3800,3200
Kerala,Ernakulam,Perumbavoor,Snakeguard,23-08-2025,2600,3600,3000
Kerala,Ernakulam,Thrippunithura,Bhindi(Ladies Finger),23-08-2025,6500,7800,6700
Kerala,Ernakulam,Thrippunithura,Cauliflower,23-08-2025,5000,6000,5200
Kerala,Ernakulam,Thrippunithura,Cucumbar(Kheera),23-08-2025,5000,5600,5200
Kerala,Ernakulam,Thrippunithura,Drumstick,23-08-2025,4500,6000,4700
Kerala,Ernakulam,Thrippunithura,Leafy Vegetable,23-08-2025,5000,8000,5500
Kerala,Ernakulam,Thrippunithura,Pineapple,23-08-2025,5000,6500,5200
Kerala,Idukki,Adimali,Banana,23-08-2025,5000,5000,5000
Kerala,Idukki,Adimali,Bhindi(Ladies Finger),23-08-2025,6000,6000,6000
Kerala,Idukki,Adimali,Cabbage,23-08-2025,5000,5000,5000
Kerala,Idukki,Adimali,Cowpea(Veg),23-08-2025,6000,7000,7000
Kerala,Idukki,Adimali,Snakeguard,23-08-2025,10000,10000,10000
Kerala,Idukki,Vandiperiyar,Bottle gourd,23-08-2025,3500,3600,3600
Kerala,Idukki,Vandiperiyar,Snakeguard,23-08-2025,4500,4600,4600
Kerala,Kannur,Payyannur,Ashgourd,23-08-2025,2900,3100,3000
Kerala,Kannur,Payyannur,Banana,23-08-2025,4500,4700,4600
Kerala,Kannur,Payyannur,Coconut Seed,23-08-2025,6000,6200,6100
Kerala,Kannur,Payyannur,Copra,23-08-2025,19000,19200,19100
Kerala,Kannur,Payyannur,Pumpkin,23-08-2025,2900,3100,3000
Kerala,Kannur,Taliparamba,Banana,23-08-2025,5300,5500,5400
Kerala,Kannur,Taliparamba,Banana,23-08-2025,8300,8500,8400
Kerala,Kannur,Taliparamba,Cucumbar(Kheera),23-08-2025,3300,3500,3400
Kerala,Kollam,Anchal,Ashgourd,23-08-2025,5600,5800,5700
Kerala,Kollam,Anchal,Banana,23-08-2025,3600,3800,3700
Kerala,Kollam,Anchal,Banana,23-08-2025,5600,5800,5700
Kerala,Kollam,Anchal,Bottle gourd,23-08-2025,3600,3800,3700
Kerala,Kollam,Anchal,Cucumbar(Kheera),23-08-2025,3300,3500,3400
Kerala,Kollam,Anchal,Drumstick,23-08-2025,6700,6900,6800
Kerala,Kollam,Anchal,Pineapple,23-08-2025,6400,6600,6500
Kerala,Kottayam,Ettumanoor,Banana,23-08-2025,3800,4200,4000
Kerala,Kottayam,Ettumanoor,Bhindi(Ladies Finger),23-08-2025,3800,4200,4000
Kerala,Kottayam,Ettumanoor,Brinjal,23-08-2025,3500,3900,3700
Kerala,Kottayam,Ettumanoor,Carrot,23-08-2025,7000,7400,7200
Kerala,Kottayam,Ettumanoor,Colacasia,23-08-2025,6500,6800,6600
Kerala,Kottayam,Ettumanoor,Cucumbar(Kheera),23-08-2025,4200,4700,4500
Kerala,Kottayam,Ettumanoor,Tomato,23-08-2025,5500,6000,5700
Kerala,Kottayam,Kottayam,Brinjal,23-08-2025,4600,5000,4800
Kerala,Kottayam,Kottayam,Cabbage,23-08-2025,3200,3600,3400
Kerala,Kottayam,Kottayam,Cowpea(Veg),23-08-2025,5000,5400,5200
Kerala,Kottayam,Kottayam,Onion,23-08-2025,2400,2800,2600
Kerala,Kottayam,Kottayam,Rice,23-08-2025,4800,5200,5000
Kerala,Kottayam,Kottayam,Tomato,23-08-2025,3200,3600,3400
Kerala,Kottayam,Kuruppanthura,Amphophalus,23-08-2025,5000,6000,5500
Kerala,Kottayam,Kuruppanthura,Bitter gourd,23-08-2025,8000,8000,8000
Kerala,Kottayam,Kuruppanthura,Green Chilli,23-08-2025,6000,8000,7000
Kerala,Kottayam,Kuruppanthura,Onion,23-08-2025,2600,3500,3000
Kerala,Kottayam,Kuruppanthura,Pineapple,23-08-2025,3000,4000,4000
Kerala,Kottayam,Pampady,Banana - Green,23-08-2025,5500,6500,6000
Kerala,Kottayam,Pampady,Coconut,23-08-2025,6200,8000,7500
Kerala,Kottayam,Pampady,Cucumbar(Kheera),23-08-2025,3500,4500,4000
Kerala,Kottayam,Pampady,Green Chilli,23-08-2025,7000,8500,8000
Kerala,Kottayam,Pampady,Tapioca,23-08-2025,3000,3500,3200
Kerala,Kozhikode(Calicut),Kallachi,Amphophalus,23-08-2025,5300,5700,5500
Kerala,Kozhikode(Calicut),Kallachi,Bitter gourd,23-08-2025,4300,4700,4500
Kerala,Kozhikode(Calicut),Kallachi,Cluster beans,23-08-2025,6800,7200,7000
Kerala,Kozhikode(Calicut),Kallachi,Onion,23-08-2025,5300,5700,5500
Kerala,Kozhikode(Calicut),Mukkom,Apple,23-08-2025,14000,15000,14500
Kerala,Kozhikode(Calicut),Mukkom,Bhindi(Ladies Finger),23-08-2025,3600,4000,3700
Kerala,Kozhikode(Calicut),Mukkom,Bitter gourd,23-08-2025,5800,6200,6000
Kerala,Kozhikode(Calicut),Mukkom,Bottle gourd,23-08-2025,3400,3600,3500
Kerala,Kozhikode(Calicut),Mukkom,Cabbage,23-08-2025,3200,3600,3400
Kerala,Kozhikode(Calicut),Mukkom,Cowpea(Veg),23-08-2025,5600,6000,5800
Kerala,Kozhikode(Calicut),Mukkom,Green Chilli,23-08-2025,6500,7000,6700
Kerala,Kozhikode(Calicut),Mukkom,Onion,23-08-2025,2400,2600,2500
Kerala,Kozhikode(Calicut),Palayam,Ashgourd,23-08-2025,2300,2300,2300
Kerala,Kozhikode(Calicut),Palayam,Banana - Green,23-08-2025,3500,3500,3500
Kerala,Kozhikode(Calicut),Palayam,Brinjal,23-08-2025,3000,3000,3000
Kerala,Kozhikode(Calicut),Palayam,Cabbage,23-08-2025,1300,1300,1300
Kerala,Kozhikode(Calicut),Palayam,Cowpea(Veg),23-08-2025,4300,4300,4300
Kerala,Kozhikode(Calicut),Palayam,Cucumbar(Kheera),23-08-2025,2700,2700,2700
Kerala,Kozhikode(Calicut),Palayam,Green Chilli,23-08-2025,4000,4000,4000
Kerala,Kozhikode(Calicut),Perambra,Beetroot,23-08-2025,3000,3500,3500
Kerala,Kozhikode(Calicut),Perambra,Bitter gourd,23-08-2025,4200,5000,4500
Kerala,Kozhikode(Calicut),Quilandy,Bitter gourd,23-08-2025,4300,4600,4500
Kerala,Kozhikode(Calicut),Quilandy,Cabbage,23-08-2025,2000,2200,2200
Kerala,Kozhikode(Calicut),Quilandy,Cowpea(Veg),23-08-2025,4800,5100,5000
Kerala,Kozhikode(Calicut),Quilandy,Ginger(Green),23-08-2025,7500,8000,8000
Kerala,Malappuram,Kondotty,Bhindi(Ladies Finger),23-08-2025,3900,4100,4000
Kerala,Malappuram,Kondotty,Green Chilli,23-08-2025,4900,5100,5000
Kerala,Palakad,Palakkad,Bitter gourd,23-08-2025,5000,6000,5600
Kerala,Palakad,Palakkad,Black Gram (Urd Beans)(Whole),23-08-2025,10500,11500,11100
Kerala,Palakad,Palakkad,Carrot,23-08-2025,7000,8000,7600
Kerala,Palakad,Palakkad,Cucumbar(Kheera),23-08-2025,2500,3500,3100
Kerala,Palakad,Palakkad,French Beans (Frasbean),23-08-2025,7000,8000,7600
Kerala,Palakad,Palakkad,Ginger(Green),23-08-2025,3800,5000,4500
Kerala,Palakad,Palakkad,Green Gram (Moong)(Whole),23-08-2025,11500,13000,12300
Kerala,Palakad,Palakkad,Lime,23-08-2025,4000,5000,4600
Kerala,Palakad,Palakkad,Snakeguard,23-08-2025,4000,5000,4600
Kerala,Palakad,Vadakkenchery,Banana,23-08-2025,3500,4000,3750
Kerala,Palakad,Vadakkenchery,Banana,23-08-2025,5000,5500,5250
Kerala,Palakad,Vadakkenchery,Bitter gourd,23-08-2025,5500,6000,5750
Kerala,Pathanamthitta,EZHAMKULAM VFPCK,Elephant Yam (Suran),23-08-2025,5200,7000,6300
Kerala,Pathanamthitta,PANDALAM VFPCK,Snakeguard,23-08-2025,4600,5000,4800
Kerala,Thirssur,Chavakkad,Beetroot,23-08-2025,3000,3500,3500
Kerala,Thirssur,Chavakkad,Elephant Yam (Suran),23-08-2025,6000,7000,7000
Kerala,Thirssur,Chavakkad,Garlic,23-08-2025,12000,14000,14000
Kerala,Thirssur,Chavakkad,Pumpkin,23-08-2025,2000,3000,3000
Kerala,Thirssur,KADUKUTTY VFPCK,Tapioca,23-08-2025,1000,1900,1500
Kerala,Thiruvananthapuram,Attingal,Amphophalus,23-08-2025,5500,6000,6000
Kerala,Thiruvananthapuram,Neyyatinkara,Banana - Green,23-08-2025,6000,6500,6200
Kerala,Thiruvananthapuram,Parassala,Beetroot,23-08-2025,3800,4000,3800
Kerala,Thiruvananthapuram,Parassala,Brinjal,23-08-2025,4800,5000,4800
Kerala,Thiruvananthapuram,Parassala,Cucumbar(Kheera),23-08-2025,4500,5000,4500
Kerala,Thiruvananthapuram,Parassala,Elephant Yam (Suran),23-08-2025,5000,5500,5000
Kerala,Thiruvananthapuram,Parassala,Pumpkin,23-08-2025,2000,2500,2000
Kerala,Wayanad,Kalpetta,Coffee,23-08-2025,25300,25400,25400
Kerala,Wayanad,Kalpetta,Cowpea(Veg),23-08-2025,2300,2400,2400
Kerala,Wayanad,Kalpetta,Yam (Ratalu),23-08-2025,5000,5100,5100
Kerala,Wayanad,Manathavady,Cowpea(Veg),23-08-2025,2800,2900,2900
Kerala,Wayanad,Manathavady,Green Chilli,23-08-2025,3600,3700,3700
Kerala,Wayanad,Manathavady,Rubber,23-08-2025,18200,18400,18400
Kerala,Wayanad,Pulpally,Cucumbar(Kheera),23-08-2025,1100,1300,1200
Kerala,Wayanad,Pulpally,Ginger(Dry),23-08-2025,1240,1260,1250
Madhya Pradesh,Badwani,Badwani(F&V),Cabbage,23-08-2025,1200,1200,1200
Madhya Pradesh,Badwani,Badwani(F&V),Sponge gourd,23-08-2025,1700,1700,1700
Madhya Pradesh,Indore,Indore(F&V),Brinjal,23-08-2025,200,600,400
Madhya Pradesh,Indore,Indore(F&V),Cabbage,23-08-2025,200,600,400
Madhya Pradesh,Indore,Indore(F&V),Capsicum,23-08-2025,600,1000,800
Madhya Pradesh,Indore,Indore(F&V),Green Chilli,23-08-2025,1000,2500,1600
Madhya Pradesh,Sagar,Sagar(F&V),Potato,23-08-2025,1000,1200,1100
NCT of Delhi,Delhi,Azadpur,Apple,23-08-2025,10000,14000,13000
NCT of Delhi,Delhi,Azadpur,Banana - Green,23-08-2025,2000,3000,2700
NCT of Delhi,Delhi,Azadpur,Capsicum,23-08-2025,1500,4000,2500
NCT of Delhi,Delhi,Azadpur,Cucumbar(Kheera),23-08-2025,800,2500,1500
NCT of Delhi,Delhi,Azadpur,Mango,23-08-2025,6667,11667,10000
NCT of Delhi,Delhi,Azadpur,Mango,23-08-2025,20000,26667,23333
NCT of Delhi,Delhi,Azadpur,Mango,23-08-2025,13333,18333,18333
NCT of Delhi,Delhi,Azadpur,Mango (Raw-Ripe),23-08-2025,3000,7000,5000
NCT of Delhi,Delhi,Azadpur,Mint(Pudina),23-08-2025,1000,3000,2000
NCT of Delhi,Delhi,Azadpur,Papaya,23-08-2025,1750,2250,2000
NCT of Delhi,Delhi,Azadpur,Pear(Marasebu),23-08-2025,750,2750,2000
NCT of Delhi,Delhi,Azadpur,Plum,23-08-2025,2000,6250,3450
NCT of Delhi,Delhi,Azadpur,Sweet Pumpkin,23-08-2025,1000,1500,1200
NCT of Delhi,Delhi,"Fish,Poultry & Egg Market, Gazipur",Fish,23-08-2025,28000,49000,39000
NCT of Delhi,Delhi,Keshopur,Cabbage,23-08-2025,800,1600,1400
NCT of Delhi,Delhi,Keshopur,Cucumbar(Kheera),23-08-2025,1500,2500,2200
NCT of Delhi,Delhi,Keshopur,Potato,23-08-2025,800,1400,1250
NCT of Delhi,Delhi,Keshopur,Pumpkin,23-08-2025,800,1400,1200
Odisha,Boudh,Boudh,Bhindi(Ladies Finger),23-08-2025,3000,5000,4000
Odisha,Boudh,Boudh,Bitter gourd,23-08-2025,3000,5000,4000
Odisha,Boudh,Boudh,Drumstick,23-08-2025,5000,7000,6000
Odisha,Boudh,Khunthabandha,Bitter gourd,23-08-2025,3500,4500,4000
Odisha,Boudh,Khunthabandha,Onion,23-08-2025,1200,1800,1500
Odisha,Boudh,Khunthabandha,Tomato,23-08-2025,2000,2500,2200
Odisha,Dhenkanal,Hindol,Bhindi(Ladies Finger),23-08-2025,4000,5000,4500
Odisha,Dhenkanal,Hindol,Cucumbar(Kheera),23-08-2025,4000,5000,4500
Odisha,Dhenkanal,Hindol,Pointed gourd (Parval),23-08-2025,5700,6000,5800
Odisha,Dhenkanal,Hindol,Potato,23-08-2025,1700,2000,1800
Odisha,Dhenkanal,Hindol,Pumpkin,23-08-2025,1800,2000,1900
Odisha,Dhenkanal,Hindol,Tomato,23-08-2025,5500,6000,5800
Odisha,Gajapati,Kasinagar,Cauliflower,23-08-2025,2500,3000,3000
Odisha,Gajapati,Parlakhemundi,Tomato,23-08-2025,4300,4500,4400
Punjab,Amritsar,Rayya,Bhindi(Ladies Finger),23-08-2025,3200,3200,3200
Punjab,Amritsar,Rayya,Green Chilli,23-08-2025,3600,3600,3600
Punjab,Amritsar,Rayya,Onion,23-08-2025,2000,2000,2000
Punjab,Amritsar,Rayya,Potato,23-08-2025,1300,1300,1300
Punjab,Bhatinda,Bhagta Bhai Ka,Green Chilli,23-08-2025,3100,3100,3100
Punjab,Bhatinda,Raman,Onion,23-08-2025,1815,1940,1875
Punjab,Ferozpur,Zira,Cauliflower,23-08-2025,4000,4500,4300
Punjab,Ferozpur,Zira,Potato,23-08-2025,1000,1200,1100
Punjab,Ferozpur,Zira,Pumpkin,23-08-2025,2600,3100,2800
Punjab,Ferozpur,Zira,Tomato,23-08-2025,4000,5000,4500
Punjab,Gurdaspur,Dera Baba Nanak,Ashgourd,23-08-2025,1500,1700,1600
Punjab,Gurdaspur,Dera Baba Nanak,Brinjal,23-08-2025,1300,1500,1400
Punjab,Gurdaspur,Dera Baba Nanak,Colacasia,23-08-2025,1900,2100,2000
Punjab,Hoshiarpur,Mukerian(Talwara),Capsicum,23-08-2025,8000,10000,9000
Punjab,Hoshiarpur,Mukerian(Talwara),Field Pea,23-08-2025,8000,10000,9000
Punjab,Ludhiana,Khanna,Banana,23-08-2025,1600,1600,1600
Punjab,Ludhiana,Khanna,Bottle gourd,23-08-2025,1000,2000,1500
Punjab,Ludhiana,Khanna,Cauliflower,23-08-2025,2000,4000,3000
Punjab,Ludhiana,Khanna,Green Chilli,23-08-2025,2500,3500,3000
Punjab,Ludhiana,Khanna,Lemon,23-08-2025,2000,3000,2500
Punjab,Ludhiana,Ludhiana,Bottle gourd,23-08-2025,300,1400,800
Punjab,Ludhiana,Ludhiana,Green Chilli,23-08-2025,1000,3200,2300
Punjab,Ludhiana,Ludhiana,Pomegranate,23-08-2025,3000,7000,5000
Punjab,Ludhiana,Ludhiana,Potato,23-08-2025,200,900,600
Punjab,Sangrur,Ahmedgarh,Potato,23-08-2025,800,900,800
Punjab,Sangrur,Ahmedgarh,Tomato,23-08-2025,4000,4200,4000
Punjab,Tarntaran,Harike,Brinjal,23-08-2025,600,700,700
Punjab,Tarntaran,Patti,Banana,23-08-2025,2500,3000,2800
Punjab,Tarntaran,Patti,Bhindi(Ladies Finger),23-08-2025,2500,3000,2800
Punjab,Tarntaran,Patti,Cauliflower,23-08-2025,8000,9500,9000
Punjab,Tarntaran,Patti,Garlic,23-08-2025,5000,6000,5500
Punjab,Tarntaran,Patti,Guava,23-08-2025,3000,4000,3500
Punjab,Tarntaran,Patti,Onion,23-08-2025,2000,2500,2200
Punjab,Tarntaran,Tarantaran,Cauliflower,23-08-2025,3200,4000,3500
Punjab,Tarntaran,Tarantaran,Potato,23-08-2025,700,800,750
Rajasthan, Jhunjhunu,Surajgarh,Mustard,23-08-2025,6700,6700,6700
Rajasthan,Anupgarh,Rawla,Bengal Gram(Gram)(Whole),23-08-2025,5740,5740,5740
Rajasthan,Beawar,Vijaynagar,Potato,23-08-2025,800,1050,920
Rajasthan,Ganganagar,Sriganganagar (F&V),Apple,23-08-2025,7300,7700,7500
Rajasthan,Ganganagar,Sriganganagar (F&V),Bitter gourd,23-08-2025,2400,2800,2600
Rajasthan,Ganganagar,Sriganganagar (F&V),Cabbage,23-08-2025,1200,1600,1400
Rajasthan,Ganganagar,Sriganganagar (F&V),Garlic,23-08-2025,5300,5700,5500
Rajasthan,Ganganagar,Sriganganagar (F&V),Mango,23-08-2025,7800,8200,8000
Rajasthan,Ganganagar,Sriganganagar (F&V),Onion,23-08-2025,1500,1900,1700
Rajasthan,Ganganagar,Sriganganagar (F&V),Pumpkin,23-08-2025,900,1300,1100
Rajasthan,Ganganagar,Sriganganagar (F&V),Tomato,23-08-2025,3400,3800,3600
Rajasthan,Ganganagar,Suratgarh,Mustard,23-08-2025,6562,6742,6598
Rajasthan,Ganganagar,Suratgarh,Onion,23-08-2025,1300,1500,1400
Rajasthan,Ganganagar,Suratgarh,Tomato,23-08-2025,4300,4500,4400
Rajasthan,Jhalawar,Khanpur,Mustard,23-08-2025,6000,6590,6415
Telangana,Adilabad,Adilabad(Rythu Bazar),Cauliflower,23-08-2025,8000,8200,8000
Telangana,Adilabad,Adilabad(Rythu Bazar),Green Chilli,23-08-2025,7000,7200,7000
Telangana,Hyderabad,Gudimalkapur,Jasmine,23-08-2025,440,520,480
Telangana,Karimnagar,Huzzurabad,Paddy(Dhan)(Common),23-08-2025,2300,2300,2300
Telangana,Nalgonda,Suryapeta,Arhar (Tur/Red Gram)(Whole),23-08-2025,4523,4523,4523
Telangana,Ranga Reddy,Chevella,Brinjal,23-08-2025,4000,4000,4000
Telangana,Warangal,Warangal,Carrot,23-08-2025,4000,4200,4100
Telangana,Warangal,Warangal,Field Pea,23-08-2025,3500,4000,3750
Telangana,Warangal,Warangal,Papaya,23-08-2025,2000,2000,2000
Tripura,North Tripura,Dasda,Onion,23-08-2025,2700,2900,2800
Tripura,Sepahijala,Jumpuijala,Ginger(Green),23-08-2025,9000,11000,10000
Tripura,Sepahijala,Jumpuijala,Onion,23-08-2025,3900,4100,4000
Tripura,Sepahijala,Jumpuijala,Potato,23-08-2025,2900,3100,3000
Tripura,Sepahijala,Jumpuijala,Rice,23-08-2025,4000,4400,4200
Uttar Pradesh,Agra,Achnera,Banana,23-08-2025,2550,2650,2600
Uttar Pradesh,Agra,Achnera,Bottle gourd,23-08-2025,1380,1460,1420
Uttar Pradesh,Agra,Achnera,Cauliflower,23-08-2025,3350,3450,3400
Uttar Pradesh,Agra,Achnera,Potato,23-08-2025,880,1080,980
Uttar Pradesh,Agra,Agra,Bitter gourd,23-08-2025,2300,2550,2400
Uttar Pradesh,Agra,Agra,Brinjal,23-08-2025,1740,2000,1820
Uttar Pradesh,Agra,Agra,Cucumbar(Kheera),23-08-2025,1500,1800,1600
Uttar Pradesh,Agra,Agra,Pomegranate,23-08-2025,5700,6500,6050
Uttar Pradesh,Agra,Agra,Spinach,23-08-2025,1800,2020,1900
Uttar Pradesh,Aligarh,Aligarh,Banana - Green,23-08-2025,1720,1880,1800
Uttar Pradesh,Aligarh,Aligarh,Brinjal,23-08-2025,1950,2060,2000
Uttar Pradesh,Aligarh,Aligarh,Ginger(Green),23-08-2025,3700,3800,3750
Uttar Pradesh,Aligarh,Aligarh,Lentil (Masur)(Whole),23-08-2025,6900,7000,6970
Uttar Pradesh,Aligarh,Aligarh,Maize,23-08-2025,2100,2150,2125
Uttar Pradesh,Aligarh,Aligarh,Pumpkin,23-08-2025,950,1100,1030
Uttar Pradesh,Aligarh,Aligarh,Tomato,23-08-2025,3660,3800,3720
Uttar Pradesh,Aligarh,Aligarh,Wheat,23-08-2025,2530,2610,2570
Uttar Pradesh,Aligarh,Atrauli,Pumpkin,23-08-2025,1100,1200,1150
Uttar Pradesh,Aligarh,Charra,Onion,23-08-2025,1500,1700,1600
Uttar Pradesh,Aligarh,Khair,Banana,23-08-2025,2200,2800,2400
Uttar Pradesh,Aligarh,Khair,Bottle gourd,23-08-2025,800,1200,1000
Uttar Pradesh,Aligarh,Khair,Ginger(Green),23-08-2025,4000,4800,4500
Uttar Pradesh,Aligarh,Khair,Onion,23-08-2025,1200,1800,1400
Uttar Pradesh,Aligarh,Khair,Tomato,23-08-2025,2400,4000,3500
Uttar Pradesh,Aligarh,Khair,Wheat,23-08-2025,2500,2610,2550
Uttar Pradesh,Ambedkarnagar,Akbarpur,Bhindi(Ladies Finger),23-08-2025,1820,1950,1900
Uttar Pradesh,Ambedkarnagar,Akbarpur,Bitter gourd,23-08-2025,2420,2650,2520
Uttar Pradesh,Ambedkarnagar,Akbarpur,Pumpkin,23-08-2025,1600,1700,1650
Uttar Pradesh,Amethi,Sultanpur,Apple,23-08-2025,8165,8335,8200
Uttar Pradesh,Amethi,Sultanpur,Bitter gourd,23-08-2025,2480,2515,2500
Uttar Pradesh,Amethi,Sultanpur,Ginger(Green),23-08-2025,4230,4275,4260
Uttar Pradesh,Amethi,Sultanpur,Green Chilli,23-08-2025,4630,4685,4650
Uttar Pradesh,Amroha,Amroha,Onion,23-08-2025,1400,1500,1450
Uttar Pradesh,Amroha,Dhanaura,Apple,23-08-2025,3000,4000,3500
Uttar Pradesh,Amroha,Dhanaura,Cauliflower,23-08-2025,1000,1500,1200
Uttar Pradesh,Amroha,Dhanaura,Tomato,23-08-2025,1000,2000,1500
Uttar Pradesh,Amroha,Hasanpur,Bottle gourd,23-08-2025,1410,1500,1450
Uttar Pradesh,Amroha,Hasanpur,Brinjal,23-08-2025,1410,1500,1450
Uttar Pradesh,Amroha,Hasanpur,Cucumbar(Kheera),23-08-2025,1810,2000,1850
Uttar Pradesh,Amroha,Hasanpur,Green Chilli,23-08-2025,1810,2000,1850
Uttar Pradesh,Amroha,Hasanpur,Potato,23-08-2025,810,1000,850
Uttar Pradesh,Amroha,Hasanpur,Tomato,23-08-2025,1810,2000,1850
Uttar Pradesh,Auraiya,Achalda,Green Chilli,23-08-2025,4500,4650,4600
Uttar Pradesh,Auraiya,Achalda,Mustard,23-08-2025,6900,7050,7000
Uttar Pradesh,Auraiya,Achalda,Mustard Oil,23-08-2025,14800,15000,14900
Uttar Pradesh,Auraiya,Achalda,Rice,23-08-2025,3000,3120,3030
Uttar Pradesh,Auraiya,Achalda,Wheat,23-08-2025,2500,2600,2570
Uttar Pradesh,Auraiya,Auraiya,Mustard,23-08-2025,6850,7000,6950
Uttar Pradesh,Auraiya,Auraiya,Pomegranate,23-08-2025,4965,5300,5170
Uttar Pradesh,Auraiya,Auraiya,Potato,23-08-2025,985,1240,1125
Uttar Pradesh,Auraiya,Auraiya,Rice,23-08-2025,2900,3150,3050
Uttar Pradesh,Auraiya,Auraiya,Wheat,23-08-2025,2550,2590,2575
Uttar Pradesh,Auraiya,Dibiapur,Bottle gourd,23-08-2025,900,1100,1000
Uttar Pradesh,Auraiya,Dibiapur,Little gourd (Kundru),23-08-2025,1200,1375,1300
Uttar Pradesh,Ayodhya,Faizabad,Apple,23-08-2025,7600,7790,7700
Uttar Pradesh,Ayodhya,Faizabad,Bengal Gram(Gram)(Whole),23-08-2025,6380,6500,6440
Uttar Pradesh,Ayodhya,Faizabad,Brinjal,23-08-2025,1590,1730,1650
Uttar Pradesh,Ayodhya,Faizabad,Papaya,23-08-2025,2800,2950,2885
Uttar Pradesh,Ayodhya,Faizabad,Pumpkin,23-08-2025,1520,1660,1600
Uttar Pradesh,Ayodhya,Faizabad,Sugar,23-08-2025,4100,4200,4170
Uttar Pradesh,Ayodhya,Rudauli,Banana - Green,23-08-2025,1200,1300,1250
Uttar Pradesh,Ayodhya,Rudauli,Bottle gourd,23-08-2025,1550,1650,1600
Uttar Pradesh,Azamgarh,Azamgarh,Bhindi(Ladies Finger),23-08-2025,1625,1775,1700
Uttar Pradesh,Azamgarh,Azamgarh,Bitter gourd,23-08-2025,2325,2475,2400
Uttar Pradesh,Azamgarh,Azamgarh,Green Gram (Moong)(Whole),23-08-2025,8735,8835,8785
Uttar Pradesh,Azamgarh,Azamgarh,Gur(Jaggery),23-08-2025,4400,4500,4450
Uttar Pradesh,Azamgarh,Azamgarh,Pomegranate,23-08-2025,6525,6675,6600
Uttar Pradesh,Azamgarh,Azamgarh,Wheat,23-08-2025,2485,2585,2535
Uttar Pradesh,Badaun,Badayoun,Bottle gourd,23-08-2025,1300,1420,1365
Uttar Pradesh,Badaun,Badayoun,Cucumbar(Kheera),23-08-2025,1900,2020,1940
Uttar Pradesh,Badaun,Badayoun,Garlic,23-08-2025,6400,6520,6450
Uttar Pradesh,Badaun,Badayoun,Green Chilli,23-08-2025,4400,4520,4430
Uttar Pradesh,Badaun,Badayoun,Gur(Jaggery),23-08-2025,4290,4370,4320
Uttar Pradesh,Badaun,Badayoun,Onion,23-08-2025,1350,1500,1410
Uttar Pradesh,Badaun,Badayoun,Ridgeguard(Tori),23-08-2025,1820,1930,1860
Uttar Pradesh,Badaun,Wazirganj,Bottle gourd,23-08-2025,1325,1400,1350
Uttar Pradesh,Badaun,Wazirganj,Colacasia,23-08-2025,2175,2250,2200
Uttar Pradesh,Badaun,Wazirganj,Ginger(Green),23-08-2025,4225,4300,4250
Uttar Pradesh,Badaun,Wazirganj,Tomato,23-08-2025,4100,4150,4125
Uttar Pradesh,Badaun,Wazirganj,Wheat,23-08-2025,2500,2525,2510
Uttar Pradesh,Baghpat,Baraut,Bhindi(Ladies Finger),23-08-2025,1600,1700,1650
Uttar Pradesh,Baghpat,Baraut,Bitter gourd,23-08-2025,2400,2550,2470
Uttar Pradesh,Baghpat,Baraut,Black Gram Dal (Urd Dal),23-08-2025,9800,10200,10020
Uttar Pradesh,Baghpat,Baraut,Bottle gourd,23-08-2025,1450,1550,1500
Uttar Pradesh,Baghpat,Baraut,Capsicum,23-08-2025,4950,5150,5050
Uttar Pradesh,Baghpat,Baraut,Cucumbar(Kheera),23-08-2025,1900,2000,1965
Uttar Pradesh,Baghpat,Baraut,Green Chilli,23-08-2025,4500,4650,4580
Uttar Pradesh,Baghpat,Baraut,Tomato,23-08-2025,3700,3900,3800
Uttar Pradesh,Baghpat,Khekda,Pumpkin,23-08-2025,500,700,600
Uttar Pradesh,Baghpat,Khekda,Sponge gourd,23-08-2025,1200,1600,1400
Uttar Pradesh,Bahraich,Bahraich,Arhar Dal(Tur Dal),23-08-2025,9450,9750,9600
Uttar Pradesh,Bahraich,Bahraich,Banana - Green,23-08-2025,1500,1700,1600
Uttar Pradesh,Bahraich,Bahraich,Bitter gourd,23-08-2025,2600,2800,2700
Uttar Pradesh,Bahraich,Bahraich,Black Gram Dal (Urd Dal),23-08-2025,10100,10400,10250
Uttar Pradesh,Bahraich,Bahraich,Brinjal,23-08-2025,1725,1875,1800
Uttar Pradesh,Bahraich,Bahraich,Cucumbar(Kheera),23-08-2025,1900,2100,2000
Uttar Pradesh,Bahraich,Bahraich,Lentil (Masur)(Whole),23-08-2025,7000,7400,7170
Uttar Pradesh,Bahraich,Bahraich,Mustard Oil,23-08-2025,15200,15400,15300
Uttar Pradesh,Bahraich,Bahraich,Paddy(Dhan)(Common),23-08-2025,2000,2300,2150
Uttar Pradesh,Bahraich,Bahraich,Papaya,23-08-2025,2900,3200,3050
Uttar Pradesh,Bahraich,Bahraich,Potato,23-08-2025,1050,1200,1135
Uttar Pradesh,Bahraich,Bahraich,Pumpkin,23-08-2025,1675,1820,1750
Uttar Pradesh,Bahraich,Bahraich,Wheat,23-08-2025,2500,2600,2550
Uttar Pradesh,Bahraich,Naanpara,Pointed gourd (Parval),23-08-2025,2000,2050,2030
Uttar Pradesh,Ballia,Ballia,Pumpkin,23-08-2025,1320,1380,1350
Uttar Pradesh,Ballia,Rasda,Bitter gourd,23-08-2025,2380,2500,2425
Uttar Pradesh,Ballia,Rasda,Garlic,23-08-2025,6350,6520,6425
Uttar Pradesh,Ballia,Rasda,Onion,23-08-2025,1355,1500,1420
Uttar Pradesh,Ballia,Rasda,Tomato,23-08-2025,4020,4155,4080
Uttar Pradesh,Ballia,Vilthararoad,Brinjal,23-08-2025,1400,1500,1450
Uttar Pradesh,Balrampur,Balrampur,Banana - Green,23-08-2025,1600,1800,1700
Uttar Pradesh,Balrampur,Balrampur,Bitter gourd,23-08-2025,2900,3100,3000
Uttar Pradesh,Balrampur,Balrampur,Lemon,23-08-2025,3950,4185,4080
Uttar Pradesh,Balrampur,Balrampur,Potato,23-08-2025,1000,1200,1100
Uttar Pradesh,Balrampur,Balrampur,Ridgeguard(Tori),23-08-2025,2400,2600,2500
Uttar Pradesh,Banda,Banda,Green Chilli,23-08-2025,4320,4520,4420
Uttar Pradesh,Barabanki,Barabanki,Mustard,23-08-2025,6580,6680,6630
Uttar Pradesh,Barabanki,Barabanki,Onion,23-08-2025,1330,1430,1380
Uttar Pradesh,Barabanki,Barabanki,Potato,23-08-2025,1010,1110,1060
Uttar Pradesh,Barabanki,Safdarganj,Banana,23-08-2025,2800,2900,2850
Uttar Pradesh,Barabanki,Safdarganj,Banana - Green,23-08-2025,1700,1800,1750
Uttar Pradesh,Barabanki,Safdarganj,Black Gram (Urd Beans)(Whole),23-08-2025,8900,8980,8950
Uttar Pradesh,Barabanki,Safdarganj,Garlic,23-08-2025,6400,6500,6450
Uttar Pradesh,Barabanki,Safdarganj,Potato,23-08-2025,1100,1200,1150
Uttar Pradesh,Barabanki,Safdarganj,Rice,23-08-2025,3250,3350,3300
Uttar Pradesh,Barabanki,Safdarganj,Tomato,23-08-2025,4100,4200,4150
Uttar Pradesh,Bareilly,Anwala,Onion,23-08-2025,1200,1500,1400
Uttar Pradesh,Bareilly,Anwala,Potato,23-08-2025,800,1000,900
Uttar Pradesh,Bareilly,Bareilly,Bitter gourd,23-08-2025,2160,2210,2185
Uttar Pradesh,Bareilly,Bareilly,Bottle gourd,23-08-2025,1300,1345,1320
Uttar Pradesh,Bareilly,Bareilly,Colacasia,23-08-2025,2300,2350,2325
Uttar Pradesh,Basti,Basti,Banana - Green,23-08-2025,1680,1880,1780
Uttar Pradesh,Basti,Basti,Wheat,23-08-2025,2425,2570,2520
Uttar Pradesh,Bijnor,Bijnaur,Banana - Green,23-08-2025,1780,1830,1800
Uttar Pradesh,Bijnor,Bijnaur,Cucumbar(Kheera),23-08-2025,2010,2060,2030
Uttar Pradesh,Bijnor,Bijnaur,Green Chilli,23-08-2025,4530,4600,4560
Uttar Pradesh,Bijnor,Kiratpur,Brinjal,23-08-2025,1500,1600,1550
Uttar Pradesh,Bulandshahar,Buland Shahr,Bhindi(Ladies Finger),23-08-2025,1550,1800,1650
Uttar Pradesh,Bulandshahar,Buland Shahr,Bottle gourd,23-08-2025,1600,2000,1800
Uttar Pradesh,Bulandshahar,Buland Shahr,Onion,23-08-2025,1300,1550,1425
Uttar Pradesh,Bulandshahar,Buland Shahr,Potato,23-08-2025,1050,1150,1075
Uttar Pradesh,Bulandshahar,Gulavati,Bitter gourd,23-08-2025,1500,1700,1600
Uttar Pradesh,Bulandshahar,Gulavati,Green Chilli,23-08-2025,2100,2300,2200
Uttar Pradesh,Bulandshahar,Jahangirabad,Apple,23-08-2025,8500,8690,8600
Uttar Pradesh,Bulandshahar,Jahangirabad,Maize,23-08-2025,2250,2285,2270
Uttar Pradesh,Bulandshahar,Jahangirabad,Masur Dal,23-08-2025,7655,7895,7775
Uttar Pradesh,Bulandshahar,Khurja,Bhindi(Ladies Finger),23-08-2025,1500,1700,1610
Uttar Pradesh,Bulandshahar,Khurja,Brinjal,23-08-2025,1575,1775,1675
Uttar Pradesh,Bulandshahar,Khurja,Green Chilli,23-08-2025,4450,4850,4650
Uttar Pradesh,Bulandshahar,Khurja,Gur(Jaggery),23-08-2025,4160,4360,4260
Uttar Pradesh,Bulandshahar,Khurja,Mustard,23-08-2025,6770,6970,6870
Uttar Pradesh,Bulandshahar,Khurja,Pumpkin,23-08-2025,1350,1450,1400
Uttar Pradesh,Bulandshahar,Khurja,Rice,23-08-2025,3180,3380,3280
Uttar Pradesh,Bulandshahar,Khurja,Tomato,23-08-2025,3850,4250,4050
Uttar Pradesh,Bulandshahar,Sikarpur,Bitter gourd,23-08-2025,2800,3000,2900
Uttar Pradesh,Bulandshahar,Sikarpur,Potato,23-08-2025,850,1000,950
Uttar Pradesh,Chandauli,Chandoli,Brinjal,23-08-2025,1575,1675,1625
Uttar Pradesh,Chandauli,Chandoli,Garlic,23-08-2025,6200,6300,6250
Uttar Pradesh,Chandauli,Chandoli,Ginger(Green),23-08-2025,3650,3750,3700
Uttar Pradesh,Chandauli,Chandoli,Onion,23-08-2025,1400,1500,1450
Uttar Pradesh,Chandauli,Chandoli,Raddish,23-08-2025,2200,2300,2250
Uttar Pradesh,Deoria,Devariya,Bhindi(Ladies Finger),23-08-2025,1680,1715,1700
Uttar Pradesh,Deoria,Devariya,Green Chilli,23-08-2025,4400,4450,4425
Uttar Pradesh,Deoria,Devariya,Rice,23-08-2025,3240,3260,3250
Uttar Pradesh,Etah,Etah,Arhar Dal(Tur Dal),23-08-2025,9500,10500,10150
Uttar Pradesh,Etah,Etah,Banana - Green,23-08-2025,1500,2000,1750
Uttar Pradesh,Etah,Etah,Black Gram Dal (Urd Dal),23-08-2025,9500,11000,10155
Uttar Pradesh,Etah,Etah,Cucumbar(Kheera),23-08-2025,1500,2000,1682
Uttar Pradesh,Etah,Etah,Tomato,23-08-2025,3500,4000,3785
Uttar Pradesh,Etawah,Bharthna,Brinjal,23-08-2025,1410,1610,1510
Uttar Pradesh,Etawah,Bharthna,Mustard,23-08-2025,6050,7050,7000
Uttar Pradesh,Etawah,Bharthna,Potato,23-08-2025,1000,1200,1100
Uttar Pradesh,Etawah,Bharthna,Pumpkin,23-08-2025,1440,1640,1540
Uttar Pradesh,Etawah,Etawah,Cabbage,23-08-2025,1850,2150,2050
Uttar Pradesh,Etawah,Etawah,Green Chilli,23-08-2025,4100,4400,4300
Uttar Pradesh,Etawah,Etawah,Onion,23-08-2025,1250,1550,1450
Uttar Pradesh,Etawah,Etawah,Spinach,23-08-2025,2200,2500,2400
Uttar Pradesh,Etawah,Jasvantnagar,Bitter gourd,23-08-2025,2420,2520,2470
Uttar Pradesh,Etawah,Jasvantnagar,Garlic,23-08-2025,6070,6170,6120
Uttar Pradesh,Etawah,Jasvantnagar,Maize,23-08-2025,2200,2250,2225
Uttar Pradesh,Etawah,Jasvantnagar,Onion,23-08-2025,1410,1510,1460
Uttar Pradesh,Etawah,Jasvantnagar,Pointed gourd (Parval),23-08-2025,3110,3210,3160
Uttar Pradesh,Etawah,Jasvantnagar,Tomato,23-08-2025,3570,3670,3620
Uttar Pradesh,Farukhabad,Farukhabad,Ginger(Green),23-08-2025,3850,4050,3975
Uttar Pradesh,Farukhabad,Farukhabad,Maize,23-08-2025,2100,2210,2150
Uttar Pradesh,Farukhabad,Farukhabad,Sponge gourd,23-08-2025,1700,1900,1800
Uttar Pradesh,Farukhabad,Kamlaganj,Brinjal,23-08-2025,1000,1100,1050
Uttar Pradesh,Farukhabad,Kamlaganj,Maize,23-08-2025,2100,2120,2110
Uttar Pradesh,Farukhabad,Kamlaganj,Tomato,23-08-2025,4100,4200,4150
Uttar Pradesh,Farukhabad,Kayamganj,Bottle gourd,23-08-2025,1100,1200,1150
Uttar Pradesh,Farukhabad,Kayamganj,Green Chilli,23-08-2025,4400,4550,4450
Uttar Pradesh,Farukhabad,Kayamganj,Maize,23-08-2025,2000,2225,2150
Uttar Pradesh,Farukhabad,Kayamganj,Tomato,23-08-2025,3800,4000,3900
Uttar Pradesh,Farukhabad,Mohamadabad,Banana,23-08-2025,2720,2920,2820
Uttar Pradesh,Farukhabad,Mohamadabad,Bhindi(Ladies Finger),23-08-2025,1360,1560,1460
Uttar Pradesh,Farukhabad,Mohamadabad,Colacasia,23-08-2025,1400,1600,1500
Uttar Pradesh,Farukhabad,Mohamadabad,Tomato,23-08-2025,3880,4080,3980
Uttar Pradesh,Fatehpur,Fatehpur,Apple,23-08-2025,8300,8700,8500
Uttar Pradesh,Fatehpur,Fatehpur,Bhindi(Ladies Finger),23-08-2025,1600,1800,1700
Uttar Pradesh,Fatehpur,Fatehpur,Cucumbar(Kheera),23-08-2025,1900,2100,2000
Uttar Pradesh,Fatehpur,Fatehpur,Garlic,23-08-2025,6360,6850,6575
Uttar Pradesh,Fatehpur,Khaga,Onion,23-08-2025,1400,1525,1470
Uttar Pradesh,Fatehpur,Kishunpur,Rice,23-08-2025,2400,2500,2450
Uttar Pradesh,Firozabad,Firozabad,Bajra(Pearl Millet/Cumbu),23-08-2025,2250,2290,2275
Uttar Pradesh,Firozabad,Firozabad,Brinjal,23-08-2025,1510,1760,1640
Uttar Pradesh,Firozabad,Firozabad,Lentil (Masur)(Whole),23-08-2025,7100,7270,7185
Uttar Pradesh,Firozabad,Firozabad,Onion,23-08-2025,1350,1580,1475
Uttar Pradesh,Firozabad,Sirsaganj,Potato,23-08-2025,1000,1200,1100
Uttar Pradesh,Firozabad,Sirsaganj,Tomato,23-08-2025,2000,2200,2100
Uttar Pradesh,Firozabad,Tundla,Brinjal,23-08-2025,1435,1465,1450
Uttar Pradesh,Firozabad,Tundla,Ginger(Green),23-08-2025,3410,3445,3425
Uttar Pradesh,Firozabad,Tundla,Mustard,23-08-2025,6925,7000,6950
Uttar Pradesh,Firozabad,Tundla,Tomato,23-08-2025,3825,3875,3850
Uttar Pradesh,Gautam Budh Nagar,Dadri,Cabbage,23-08-2025,1550,1770,1650
Uttar Pradesh,Gautam Budh Nagar,Dadri,Ginger(Green),23-08-2025,4100,4500,4300
Uttar Pradesh,Gautam Budh Nagar,Dadri,Green Chilli,23-08-2025,4450,4700,4580
Uttar Pradesh,Gautam Budh Nagar,Dadri,Papaya,23-08-2025,2650,2880,2750
Uttar Pradesh,Gautam Budh Nagar,Dadri,Pomegranate,23-08-2025,6850,7270,7050
Uttar Pradesh,Gautam Budh Nagar,Dadri,Potato,23-08-2025,960,1200,1060
Uttar Pradesh,Gautam Budh Nagar,Dadri,Potato,23-08-2025,820,940,880
Uttar Pradesh,Ghaziabad,Ghaziabad,Apple,23-08-2025,8800,9000,8900
Uttar Pradesh,Ghaziabad,Ghaziabad,Arhar Dal(Tur Dal),23-08-2025,10300,10400,10350
Uttar Pradesh,Ghaziabad,Ghaziabad,Banana - Green,23-08-2025,1760,1860,1810
Uttar Pradesh,Ghaziabad,Ghaziabad,Barley (Jau),23-08-2025,2350,2370,2360
Uttar Pradesh,Ghaziabad,Ghaziabad,Barley (Jau),23-08-2025,2150,2170,2160
Uttar Pradesh,Ghaziabad,Ghaziabad,Bengal Gram(Gram)(Whole),23-08-2025,6450,6550,6500
Uttar Pradesh,Ghaziabad,Ghaziabad,Ginger(Green),23-08-2025,4350,4450,4400
Uttar Pradesh,Ghaziabad,Ghaziabad,Green Chilli,23-08-2025,4300,4385,4345
Uttar Pradesh,Ghaziabad,Ghaziabad,Mustard Oil,23-08-2025,14950,15050,15000
Uttar Pradesh,Ghaziabad,Ghaziabad,Potato,23-08-2025,820,920,870
Uttar Pradesh,Ghaziabad,Hapur,Bhindi(Ladies Finger),23-08-2025,1450,1560,1500
Uttar Pradesh,Ghaziabad,Hapur,Green Chilli,23-08-2025,4450,4560,4500
Uttar Pradesh,Ghaziabad,Hapur,Onion,23-08-2025,1350,1460,1400
Uttar Pradesh,Ghaziabad,Hapur,Sponge gourd,23-08-2025,1800,1900,1860
Uttar Pradesh,Ghaziabad,Hapur,Tomato,23-08-2025,3900,4000,3960
Uttar Pradesh,Ghaziabad,Hapur,Wheat,23-08-2025,2500,2670,2550
Uttar Pradesh,Ghazipur,Gazipur,Apple,23-08-2025,9320,9380,9350
Uttar Pradesh,Ghazipur,Gazipur,Bengal Gram Dal (Chana Dal),23-08-2025,7430,7490,7460
Uttar Pradesh,Ghazipur,Gazipur,Bottle gourd,23-08-2025,1500,1550,1520
Uttar Pradesh,Ghazipur,Gazipur,Green Gram (Moong)(Whole),23-08-2025,8720,8760,8745
Uttar Pradesh,Ghazipur,Gazipur,Pomegranate,23-08-2025,6420,6480,6450
Uttar Pradesh,Ghazipur,Gazipur,Raddish,23-08-2025,2230,2280,2250
Uttar Pradesh,Ghazipur,Gazipur,Rice,23-08-2025,3370,3430,3400
Uttar Pradesh,Ghazipur,Gazipur,Spinach,23-08-2025,1820,1870,1850
Uttar Pradesh,Ghazipur,Jamanian,Green Chilli,23-08-2025,1200,1300,1250
Uttar Pradesh,Ghazipur,Yusufpur,Black Gram (Urd Beans)(Whole),23-08-2025,8700,8800,8750
Uttar Pradesh,Ghazipur,Yusufpur,Peas(Dry),23-08-2025,3225,3300,3250
Uttar Pradesh,Gonda,Gonda,Cauliflower,23-08-2025,3800,4000,3850
Uttar Pradesh,Gonda,Gonda,Ginger(Green),23-08-2025,4300,4550,4400
Uttar Pradesh,Gonda,Gonda,Guava,23-08-2025,2800,2925,2850
Uttar Pradesh,Gonda,Gonda,Little gourd (Kundru),23-08-2025,2650,2800,2700
Uttar Pradesh,Gonda,Gonda,Masur Dal,23-08-2025,8000,8100,8050
Uttar Pradesh,Gonda,Gonda,Onion,23-08-2025,1500,1700,1550
Uttar Pradesh,Gonda,Gonda,Pointed gourd (Parval),23-08-2025,4965,5100,5000
Uttar Pradesh,Gonda,Gonda,Pomegranate,23-08-2025,6400,6800,6600
Uttar Pradesh,Gonda,Gonda,Potato,23-08-2025,1130,1180,1150
Uttar Pradesh,Gonda,Gonda,Tomato,23-08-2025,4350,4550,4450
Uttar Pradesh,Gonda,Gonda,Wheat,23-08-2025,2575,2600,2590
Uttar Pradesh,Gonda,Nawabganj,Bengal Gram(Gram)(Whole),23-08-2025,6700,6900,6800
Uttar Pradesh,Gonda,Nawabganj,Pointed gourd (Parval),23-08-2025,3900,4100,4000
Uttar Pradesh,Gonda,Nawabganj,Pomegranate,23-08-2025,6300,6500,6400
Uttar Pradesh,Gonda,Nawabganj,Wheat,23-08-2025,2500,2550,2525
Uttar Pradesh,Gorakhpur,Chorichora,Potato,23-08-2025,1600,1850,1800
Uttar Pradesh,Gorakhpur,Gorakhpur,Apple,23-08-2025,8450,8800,8600
Uttar Pradesh,Gorakhpur,Gorakhpur,Barley (Jau),23-08-2025,2325,2375,2350
Uttar Pradesh,Gorakhpur,Gorakhpur,Bottle gourd,23-08-2025,1575,1775,1675
Uttar Pradesh,Gorakhpur,Gorakhpur,Capsicum,23-08-2025,4900,5125,5000
Uttar Pradesh,Gorakhpur,Gorakhpur,Garlic,23-08-2025,6375,6600,6475
Uttar Pradesh,Gorakhpur,Gorakhpur,Ginger(Green),23-08-2025,1750,1925,1825
Uttar Pradesh,Gorakhpur,Gorakhpur,Green Chilli,23-08-2025,4200,4420,4300
Uttar Pradesh,Gorakhpur,Gorakhpur,Lemon,23-08-2025,4250,4470,4350
Uttar Pradesh,Gorakhpur,Gorakhpur,Pomegranate,23-08-2025,6875,7225,7025
Uttar Pradesh,Gorakhpur,Gorakhpur,Rice,23-08-2025,3225,3275,3250
Uttar Pradesh,Hamirpur,Raath,Gur(Jaggery),23-08-2025,2800,3000,2900
Uttar Pradesh,Hardoi,Hardoi,Apple,23-08-2025,8600,8700,8650
Uttar Pradesh,Hardoi,Hardoi,Bhindi(Ladies Finger),23-08-2025,1650,1730,1700
Uttar Pradesh,Hardoi,Hardoi,Bitter gourd,23-08-2025,2250,2320,2290
Uttar Pradesh,Hardoi,Hardoi,Maize,23-08-2025,2230,2260,2245
Uttar Pradesh,Hardoi,Hardoi,Wheat,23-08-2025,2520,2570,2545
Uttar Pradesh,Hardoi,Sandi,Apple,23-08-2025,8600,8700,8640
Uttar Pradesh,Hardoi,Sandi,Bottle gourd,23-08-2025,1580,1640,1610
Uttar Pradesh,Hardoi,Sandi,Gur(Jaggery),23-08-2025,3970,4050,4010
Uttar Pradesh,Hardoi,Sandi,Onion,23-08-2025,1400,1450,1425
Uttar Pradesh,Hardoi,Sandila,Maize,23-08-2025,2200,2280,2240
Uttar Pradesh,Hardoi,Sandila,Rice,23-08-2025,3150,3230,3190
Uttar Pradesh,Hathras,Haathras,Black Gram Dal (Urd Dal),23-08-2025,9900,10100,10000
Uttar Pradesh,Hathras,Haathras,Brinjal,23-08-2025,1700,1900,1850
Uttar Pradesh,Hathras,Haathras,Green Chilli,23-08-2025,4000,4250,4150
Uttar Pradesh,Hathras,Haathras,Lemon,23-08-2025,3900,4100,4000
Uttar Pradesh,Hathras,Haathras,Maize,23-08-2025,2100,2160,2140
Uttar Pradesh,Hathras,Haathras,Mustard,23-08-2025,6800,6900,6870
Uttar Pradesh,Hathras,Haathras,Pumpkin,23-08-2025,950,1150,1070
Uttar Pradesh,Hathras,Shadabad,Potato,23-08-2025,600,700,650
Uttar Pradesh,Hathras,Sikandraraau,Bajra(Pearl Millet/Cumbu),23-08-2025,2240,2355,2310
Uttar Pradesh,Hathras,Sikandraraau,Wheat,23-08-2025,2460,2530,2490
Uttar Pradesh,Jalaun (Orai),Jalaun,Wheat,23-08-2025,2465,2490,2480
Uttar Pradesh,Jalaun (Orai),Orai,Garlic,23-08-2025,5400,5750,5550
Uttar Pradesh,Jalaun (Orai),Orai,Mustard,23-08-2025,6700,6850,6800
Uttar Pradesh,Jalaun (Orai),Orai,Tomato,23-08-2025,3850,4325,4100
Uttar Pradesh,Jaunpur,Jaunpur,Banana,23-08-2025,2580,2690,2635
Uttar Pradesh,Jaunpur,Jaunpur,Bitter gourd,23-08-2025,2380,2470,2425
Uttar Pradesh,Jaunpur,Jaunpur,Brinjal,23-08-2025,1580,1675,1630
Uttar Pradesh,Jaunpur,Jaunpur,Green Gram Dal (Moong Dal),23-08-2025,9730,9810,9770
Uttar Pradesh,Jaunpur,Jaunpur,Onion,23-08-2025,1435,1535,1485
Uttar Pradesh,Jaunpur,Jaunpur,Potato,23-08-2025,990,1090,1040
Uttar Pradesh,Jaunpur,Jaunpur,Ridgeguard(Tori),23-08-2025,2650,2750,2700
Uttar Pradesh,Jaunpur,Jaunpur,Tomato,23-08-2025,4015,4135,4075
Uttar Pradesh,Jaunpur,Mugrabaadshahpur,Apple,23-08-2025,9160,9360,9260
Uttar Pradesh,Jaunpur,Mugrabaadshahpur,Garlic,23-08-2025,6170,6370,6270
Uttar Pradesh,Jaunpur,Mugrabaadshahpur,Green Chilli,23-08-2025,4855,5055,4955
Uttar Pradesh,Jaunpur,Mugrabaadshahpur,Gur(Jaggery),23-08-2025,4565,4765,4665
Uttar Pradesh,Jaunpur,Mugrabaadshahpur,Lentil (Masur)(Whole),23-08-2025,6900,7100,7000
Uttar Pradesh,Jaunpur,Mugrabaadshahpur,Mustard,23-08-2025,6910,7110,7010
Uttar Pradesh,Jaunpur,Mugrabaadshahpur,Raddish,23-08-2025,2160,2360,2260
Uttar Pradesh,Jaunpur,Mugrabaadshahpur,Rice,23-08-2025,3320,3520,3420
Uttar Pradesh,Jhansi,Chirgaon,Wheat,23-08-2025,2500,2600,2540
Uttar Pradesh,Jhansi,Jhansi,Cauliflower,23-08-2025,2300,2500,2355
Uttar Pradesh,Jhansi,Jhansi,Garlic,23-08-2025,5100,5400,5230
Uttar Pradesh,Jhansi,Moth,Wheat,23-08-2025,2540,2620,2570
Uttar Pradesh,Kannuj,Chhibramau,Banana,23-08-2025,2700,2900,2800
Uttar Pradesh,Kannuj,Chhibramau,Bottle gourd,23-08-2025,1150,1250,1200
Uttar Pradesh,Kannuj,Chhibramau,Cucumbar(Kheera),23-08-2025,1750,1950,1850
Uttar Pradesh,Kannuj,Chhibramau,Lime,23-08-2025,3700,3900,3800
Uttar Pradesh,Kannuj,Chhibramau,Maize,23-08-2025,2150,2200,2180
Uttar Pradesh,Kannuj,Chhibramau,Pointed gourd (Parval),23-08-2025,3200,3400,3300
Uttar Pradesh,Kannuj,Chhibramau,Potato,23-08-2025,850,950,900
Uttar Pradesh,Kannuj,Chhibramau,Rice,23-08-2025,3050,3150,3100
Uttar Pradesh,Kannuj,Kannauj,Banana,23-08-2025,2800,2900,2840
Uttar Pradesh,Kannuj,Kannauj,Brinjal,23-08-2025,1600,1680,1640
Uttar Pradesh,Kannuj,Kannauj,Green Chilli,23-08-2025,4500,4600,4550
Uttar Pradesh,Kannuj,Kannauj,Onion,23-08-2025,1380,1470,1420
Uttar Pradesh,Kannuj,Kannauj,Pomegranate,23-08-2025,5550,5650,5600
Uttar Pradesh,Kannuj,Kannauj,Rice,23-08-2025,3100,3180,3140
Uttar Pradesh,Kanpur,Choubepur,Potato,23-08-2025,950,1150,1050
Uttar Pradesh,Kanpur,Choubepur,Tomato,23-08-2025,3600,3800,3700
Uttar Pradesh,Kanpur,Kanpur(Grain),Bengal Gram(Gram)(Whole),23-08-2025,6300,6400,6350
Uttar Pradesh,Kanpur,Kanpur(Grain),Bottle gourd,23-08-2025,1100,1300,1200
Uttar Pradesh,Kanpur,Kanpur(Grain),Brinjal,23-08-2025,1520,1720,1620
Uttar Pradesh,Kanpur,Kanpur(Grain),Green Chilli,23-08-2025,4600,4800,4700
Uttar Pradesh,Kanpur,Kanpur(Grain),Green Gram (Moong)(Whole),23-08-2025,8632,8732,8682
Uttar Pradesh,Kanpur,Kanpur(Grain),Gur(Jaggery),23-08-2025,4120,4220,4170
Uttar Pradesh,Kanpur,Kanpur(Grain),Onion,23-08-2025,1340,1540,1440
Uttar Pradesh,Kanpur,Uttaripura,Bajra(Pearl Millet/Cumbu),23-08-2025,2230,2330,2280
Uttar Pradesh,Kanpur,Uttaripura,Ginger(Green),23-08-2025,3850,4050,3950
Uttar Pradesh,Kanpur,Uttaripura,Green Gram (Moong)(Whole),23-08-2025,8630,8730,8682
Uttar Pradesh,Kanpur,Uttaripura,Onion,23-08-2025,1310,1510,1410
Uttar Pradesh,Kanpur Dehat,Pukharayan,Banana,23-08-2025,2850,2870,2860
Uttar Pradesh,Kanpur Dehat,Pukharayan,Mousambi(Sweet Lime),23-08-2025,2930,2950,2940
Uttar Pradesh,Kanpur Dehat,Pukharayan,Peas(Dry),23-08-2025,4030,4060,4045
Uttar Pradesh,Kanpur Dehat,Pukharayan,Raddish,23-08-2025,2400,2425,2410
Uttar Pradesh,Kanpur Dehat,Pukharayan,Rice,23-08-2025,3230,3250,3240
Uttar Pradesh,Kanpur Dehat,Pukharayan,Tomato,23-08-2025,3610,3630,3620
Uttar Pradesh,Kasganj,Kasganj,Banana,23-08-2025,2530,2640,2580
Uttar Pradesh,Kasganj,Kasganj,Black Gram Dal (Urd Dal),23-08-2025,10100,10150,10125
Uttar Pradesh,Kasganj,Kasganj,Bottle gourd,23-08-2025,1450,1600,1500
Uttar Pradesh,Kasganj,Kasganj,Cabbage,23-08-2025,1350,1500,1450
Uttar Pradesh,Kasganj,Kasganj,Colacasia,23-08-2025,1550,1700,1600
Uttar Pradesh,Kasganj,Kasganj,Cucumbar(Kheera),23-08-2025,1450,1560,1500
Uttar Pradesh,Kasganj,Kasganj,Garlic,23-08-2025,5800,6000,5900
Uttar Pradesh,Kasganj,Kasganj,Mustard,23-08-2025,6700,6800,6750
Uttar Pradesh,Kasganj,Kasganj,Mustard Oil,23-08-2025,14150,14250,14200
Uttar Pradesh,Kasganj,Kasganj,Tomato,23-08-2025,3800,3950,3850
Uttar Pradesh,Kaushambi,Bharwari,Paddy(Dhan)(Common),23-08-2025,2100,2400,2300
Uttar Pradesh,Kaushambi,Bharwari,Potato,23-08-2025,700,1000,850
Uttar Pradesh,Kaushambi,Manjhanpur,Green Chilli,23-08-2025,4575,4815,4690
Uttar Pradesh,Kaushambi,Manjhanpur,Sponge gourd,23-08-2025,1765,1940,1850
Uttar Pradesh,Khiri (Lakhimpur),Maigalganj,Bhindi(Ladies Finger),23-08-2025,2200,2280,2240
Uttar Pradesh,Khiri (Lakhimpur),Maigalganj,Bottle gourd,23-08-2025,1600,1680,1640
Uttar Pradesh,Khiri (Lakhimpur),Maigalganj,Cabbage,23-08-2025,1600,1640,1620
Uttar Pradesh,Khiri (Lakhimpur),Maigalganj,Garlic,23-08-2025,3100,3155,3126
Uttar Pradesh,Khiri (Lakhimpur),Maigalganj,Lemon,23-08-2025,4100,4200,4135
Uttar Pradesh,Khiri (Lakhimpur),Maigalganj,Pointed gourd (Parval),23-08-2025,2100,2160,2130
Uttar Pradesh,Khiri (Lakhimpur),Maigalganj,Pumpkin,23-08-2025,1400,1500,1450
Uttar Pradesh,Kushinagar,Tamkuhi road,Potato,23-08-2025,1850,1885,1870
Uttar Pradesh,Lakhimpur,Golagokarnath,Bengal Gram(Gram)(Whole),23-08-2025,6450,6560,6500
Uttar Pradesh,Lakhimpur,Golagokarnath,Garlic,23-08-2025,6200,6300,6250
Uttar Pradesh,Lakhimpur,Golagokarnath,Pomegranate,23-08-2025,6850,6950,6900
Uttar Pradesh,Lakhimpur,Golagokarnath,Potato,23-08-2025,1050,1200,1120
Uttar Pradesh,Lakhimpur,Lakhimpur,Banana,23-08-2025,2500,2680,2635
Uttar Pradesh,Lakhimpur,Lakhimpur,Colacasia,23-08-2025,2000,2120,2070
Uttar Pradesh,Lakhimpur,Lakhimpur,Ginger(Green),23-08-2025,4080,4260,4200
Uttar Pradesh,Lakhimpur,Lakhimpur,Lentil (Masur)(Whole),23-08-2025,6500,6735,6700
Uttar Pradesh,Lakhimpur,Lakhimpur,Papaya,23-08-2025,2500,2720,2680
Uttar Pradesh,Lakhimpur,Lakhimpur,Rice,23-08-2025,3100,3240,3175
Uttar Pradesh,Lalitpur,Lalitpur,Ginger(Green),23-08-2025,3570,3630,3600
Uttar Pradesh,Lalitpur,Lalitpur,Pomegranate,23-08-2025,4970,5030,5000
Uttar Pradesh,Lalitpur,Lalitpur,Tomato,23-08-2025,4070,4130,4100
Uttar Pradesh,Lucknow,Lucknow,Arhar Dal(Tur Dal),23-08-2025,10300,10500,10400
Uttar Pradesh,Lucknow,Lucknow,Bottle gourd,23-08-2025,1600,1700,1650
Uttar Pradesh,Lucknow,Lucknow,Green Chilli,23-08-2025,4830,4930,4880
Uttar Pradesh,Lucknow,Lucknow,Mousambi(Sweet Lime),23-08-2025,3350,3450,3400
Uttar Pradesh,Lucknow,Lucknow,Papaya,23-08-2025,2770,2870,2820
Uttar Pradesh,Lucknow,Lucknow,Wheat,23-08-2025,2510,2610,2560
Uttar Pradesh,Maharajganj,Anandnagar,Gur(Jaggery),23-08-2025,4000,4230,4100
Uttar Pradesh,Maharajganj,Anandnagar,Rice,23-08-2025,2600,2800,2700
Uttar Pradesh,Maharajganj,Gadaura,Garlic,23-08-2025,3500,3700,3600
Uttar Pradesh,Maharajganj,Gadaura,Green Chilli,23-08-2025,2200,2400,2300
Uttar Pradesh,Maharajganj,Gadaura,Pointed gourd (Parval),23-08-2025,2500,2700,2600
Uttar Pradesh,Maharajganj,Gadaura,Pumpkin,23-08-2025,1300,1400,1350
Uttar Pradesh,Maharajganj,Gadaura,Tomato,23-08-2025,2300,2500,2400
Uttar Pradesh,Mahoba,Mahoba,Apple,23-08-2025,8200,8300,8250
Uttar Pradesh,Mahoba,Mahoba,Bottle gourd,23-08-2025,1700,1800,1760
Uttar Pradesh,Mahoba,Mahoba,Onion,23-08-2025,1300,1400,1370
Uttar Pradesh,Mahoba,Mahoba,Potato,23-08-2025,1100,1200,1140
Uttar Pradesh,Mahoba,Mahoba,Pumpkin,23-08-2025,2200,2300,2260
Uttar Pradesh,Mahoba,Mahoba,Wheat,23-08-2025,2480,2560,2520
Uttar Pradesh,Mainpuri,Mainpuri,Arhar Dal(Tur Dal),23-08-2025,9500,9700,9600
Uttar Pradesh,Mainpuri,Mainpuri,Green Chilli,23-08-2025,4400,4600,4500
Uttar Pradesh,Mainpuri,Mainpuri,Lemon,23-08-2025,3200,3400,3300
Uttar Pradesh,Mainpuri,Mainpuri,Potato,23-08-2025,900,1100,990
Uttar Pradesh,Mainpuri,Mainpuri,Rice,23-08-2025,3325,3580,3460
Uttar Pradesh,Mainpuri,Mainpuri,Sponge gourd,23-08-2025,1700,1800,1760
Uttar Pradesh,Mainpuri,Mainpuri,Tomato,23-08-2025,3800,4000,3900
Uttar Pradesh,Mainpuri,Mainpuri,Wheat,23-08-2025,2480,2510,2500
Uttar Pradesh,Mathura,Kosikalan,Bhindi(Ladies Finger),23-08-2025,1400,1500,1460
Uttar Pradesh,Mathura,Kosikalan,Cabbage,23-08-2025,1900,2100,2000
Uttar Pradesh,Mathura,Kosikalan,Cucumbar(Kheera),23-08-2025,1500,1700,1600
Uttar Pradesh,Mathura,Kosikalan,Garlic,23-08-2025,5700,5900,5800
Uttar Pradesh,Mathura,Kosikalan,Ginger(Green),23-08-2025,3200,3400,3300
Uttar Pradesh,Mathura,Kosikalan,Green Chilli,23-08-2025,4700,4900,4800
Uttar Pradesh,Mathura,Kosikalan,Tomato,23-08-2025,4100,4160,4130
Uttar Pradesh,Mathura,Mathura,Banana - Green,23-08-2025,1800,2200,2000
Uttar Pradesh,Mathura,Mathura,Bengal Gram(Gram)(Whole),23-08-2025,6500,6880,6700
Uttar Pradesh,Mathura,Mathura,Capsicum,23-08-2025,5600,5900,5700
Uttar Pradesh,Mathura,Mathura,Spinach,23-08-2025,1500,1800,1700
Uttar Pradesh,Mathura,Mathura,Wheat,23-08-2025,2500,2580,2550
Uttar Pradesh,Mau(Maunathbhanjan),Kopaganj,Apple,23-08-2025,7000,7200,7100
Uttar Pradesh,Mau(Maunathbhanjan),Kopaganj,Bottle gourd,23-08-2025,1000,1200,1050
Uttar Pradesh,Meerut,Meerut,Banana - Green,23-08-2025,1640,1840,1740
Uttar Pradesh,Meerut,Meerut,Bengal Gram(Gram)(Whole),23-08-2025,6300,6500,6400
Uttar Pradesh,Meerut,Meerut,Green Chilli,23-08-2025,4400,4600,4500
Uttar Pradesh,Meerut,Meerut,Lentil (Masur)(Whole),23-08-2025,6980,7080,7030
Uttar Pradesh,Meerut,Meerut,Mousambi(Sweet Lime),23-08-2025,3100,3300,3200
Uttar Pradesh,Meerut,Meerut,Mustard,23-08-2025,6700,6800,6750
Uttar Pradesh,Meerut,Meerut,Mustard,23-08-2025,6400,6600,6500
Uttar Pradesh,Meerut,Meerut,Mustard Oil,23-08-2025,15100,15200,15150
Uttar Pradesh,Mirzapur,Mirzapur,Apple,23-08-2025,9150,9265,9200
Uttar Pradesh,Mirzapur,Mirzapur,Arhar (Tur/Red Gram)(Whole),23-08-2025,7575,7675,7610
Uttar Pradesh,Muzaffarnagar,Shahpur,Colacasia,23-08-2025,1080,1145,1125
Uttar Pradesh,Muzaffarnagar,Shahpur,Guava,23-08-2025,820,870,845
Uttar Pradesh,Muzaffarnagar,Shahpur,Pumpkin,23-08-2025,515,570,525
Uttar Pradesh,Muzaffarnagar,Shahpur,Rice,23-08-2025,2540,2620,2590
Uttar Pradesh,Muzaffarnagar,Shahpur,Ridgeguard(Tori),23-08-2025,745,810,780
Uttar Pradesh,Pillibhit,Pilibhit,Onion,23-08-2025,1245,1320,1280
Uttar Pradesh,Pillibhit,Pilibhit,Wheat,23-08-2025,2485,2565,2525
Uttar Pradesh,Pillibhit,Pilibhit,Wheat,23-08-2025,2385,2460,2420
Uttar Pradesh,Pillibhit,Puranpur,Lemon,23-08-2025,4340,4420,4380
Uttar Pradesh,Pillibhit,Puranpur,Papaya,23-08-2025,2740,2820,2780
Uttar Pradesh,Pillibhit,Puranpur,Potato,23-08-2025,940,1015,980
Uttar Pradesh,Pillibhit,Puranpur,Pumpkin,23-08-2025,1315,1395,1355
Uttar Pradesh,Pillibhit,Puranpur,Rice,23-08-2025,3450,3530,3490
Uttar Pradesh,Pillibhit,Puranpur,Wheat,23-08-2025,2370,2455,2420
Uttar Pradesh,Pratapgarh,Pratapgarh,Apple,23-08-2025,8400,8650,8500
Uttar Pradesh,Pratapgarh,Pratapgarh,Green Chilli,23-08-2025,4600,4850,4680
Uttar Pradesh,Pratapgarh,Pratapgarh,Raddish,23-08-2025,2300,2500,2350
Uttar Pradesh,Prayagraj,Ajuha,Tomato,23-08-2025,4100,4220,4160
Uttar Pradesh,Prayagraj,Allahabad,Apple,23-08-2025,7570,7680,7620
Uttar Pradesh,Prayagraj,Allahabad,Banana - Green,23-08-2025,1745,1870,1800
Uttar Pradesh,Prayagraj,Allahabad,Bhindi(Ladies Finger),23-08-2025,1570,1650,1585
Uttar Pradesh,Prayagraj,Allahabad,Lemon,23-08-2025,5000,5085,5050
Uttar Pradesh,Prayagraj,Allahabad,Papaya,23-08-2025,2780,2870,2845
Uttar Pradesh,Prayagraj,Allahabad,Rice,23-08-2025,3200,3300,3235
Uttar Pradesh,Prayagraj,Jasra,Rice,23-08-2025,3025,3210,3150
Uttar Pradesh,Prayagraj,Sirsa,Green Chilli,23-08-2025,3100,3300,3200
Uttar Pradesh,Prayagraj,Sirsa,Wheat,23-08-2025,2500,2700,2600
Uttar Pradesh,Raebarelli,Jayas,Apple,23-08-2025,8475,8530,8500
Uttar Pradesh,Raebarelli,Jayas,Lemon,23-08-2025,4325,4360,4340
Uttar Pradesh,Raebarelli,Jayas,Pointed gourd (Parval),23-08-2025,3250,3280,3260
Uttar Pradesh,Raebarelli,Jayas,Rice,23-08-2025,3275,3300,3285
Uttar Pradesh,Raebarelli,Lalganj,Bhindi(Ladies Finger),23-08-2025,2000,2200,2100
Uttar Pradesh,Raebarelli,Lalganj,Tomato,23-08-2025,3000,3200,3100
Uttar Pradesh,Raebarelli,Raibareilly,Cauliflower,23-08-2025,3260,3350,3300
Uttar Pradesh,Raebarelli,Raibareilly,Mousambi(Sweet Lime),23-08-2025,3100,3150,3125
Uttar Pradesh,Raebarelli,Raibareilly,Mustard Oil,23-08-2025,15425,15475,15450
Uttar Pradesh,Raebarelli,Raibareilly,Potato,23-08-2025,1060,1150,1100
Uttar Pradesh,Raebarelli,Raibareilly,Tomato,23-08-2025,3800,3900,3860
Uttar Pradesh,Rampur,Rampur,Apple,23-08-2025,8750,8860,8800
Uttar Pradesh,Rampur,Rampur,Onion,23-08-2025,1400,1500,1450
Uttar Pradesh,Rampur,Rampur,Wheat,23-08-2025,2520,2610,2560
Uttar Pradesh,Saharanpur,Deoband,Papaya (Raw),23-08-2025,1200,1600,1500
Uttar Pradesh,Saharanpur,Deoband,Pumpkin,23-08-2025,1000,1300,1200
Uttar Pradesh,Shahjahanpur,Puwaha,Ginger(Green),23-08-2025,4200,4300,4250
Uttar Pradesh,Shahjahanpur,Puwaha,Wheat,23-08-2025,2425,2500,2450
Uttar Pradesh,Shahjahanpur,Shahjahanpur,Apple,23-08-2025,8440,8550,8500
Uttar Pradesh,Shahjahanpur,Shahjahanpur,Banana - Green,23-08-2025,1800,1900,1840
Uttar Pradesh,Shahjahanpur,Shahjahanpur,Bottle gourd,23-08-2025,1300,1400,1350
Uttar Pradesh,Shahjahanpur,Shahjahanpur,Brinjal,23-08-2025,1660,1780,1730
Uttar Pradesh,Shahjahanpur,Shahjahanpur,Wheat,23-08-2025,2500,2600,2540
Uttar Pradesh,Shahjahanpur,Tilhar,Bhindi(Ladies Finger),23-08-2025,1690,1790,1740
Uttar Pradesh,Shahjahanpur,Tilhar,Cabbage,23-08-2025,1590,1690,1640
Uttar Pradesh,Shahjahanpur,Tilhar,Gur(Jaggery),23-08-2025,4130,4230,4180
Uttar Pradesh,Shahjahanpur,Tilhar,Maize,23-08-2025,1970,2030,2000
Uttar Pradesh,Shahjahanpur,Tilhar,Tomato,23-08-2025,3960,4050,4010
Uttar Pradesh,Shamli,Kairana,Potato,23-08-2025,1000,1100,1050
Uttar Pradesh,Shamli,Kairana,Raddish,23-08-2025,700,800,750
Uttar Pradesh,Shamli,Khandhla,Bhindi(Ladies Finger),23-08-2025,3700,3800,3750
Uttar Pradesh,Shamli,Khandhla,Brinjal,23-08-2025,1400,1500,1450
Uttar Pradesh,Shamli,Khandhla,Raddish,23-08-2025,550,600,575
Uttar Pradesh,Shamli,Shamli,Bengal Gram(Gram)(Whole),23-08-2025,6620,6720,6670
Uttar Pradesh,Shamli,Shamli,Brinjal,23-08-2025,1950,2050,2000
Uttar Pradesh,Shamli,Shamli,Garlic,23-08-2025,6175,6275,6225
Uttar Pradesh,Shamli,Shamli,Lemon,23-08-2025,4200,4300,4250
Uttar Pradesh,Shamli,Shamli,Onion,23-08-2025,1250,1350,1300
Uttar Pradesh,Shamli,Shamli,Potato,23-08-2025,1120,1200,1160
Uttar Pradesh,Shamli,Shamli,Pumpkin,23-08-2025,1250,1350,1300
Uttar Pradesh,Siddharth Nagar,Naugarh,Apple,23-08-2025,8440,8495,8490
Uttar Pradesh,Siddharth Nagar,Naugarh,Banana - Green,23-08-2025,1740,1780,1750
Uttar Pradesh,Siddharth Nagar,Sahiyapur,Bhindi(Ladies Finger),23-08-2025,1600,1805,1680
Uttar Pradesh,Siddharth Nagar,Sahiyapur,Bottle gourd,23-08-2025,1500,1560,1510
Uttar Pradesh,Siddharth Nagar,Sahiyapur,Wheat,23-08-2025,2500,2650,2560
Uttar Pradesh,Sitapur,Hargaon (Laharpur),Potato,23-08-2025,800,840,820
Uttar Pradesh,Sitapur,Hargaon (Laharpur),Wheat,23-08-2025,2460,2470,2465
Uttar Pradesh,Sitapur,Sitapur,Black Gram Dal (Urd Dal),23-08-2025,9800,10200,10100
Uttar Pradesh,Sitapur,Sitapur,Brinjal,23-08-2025,1550,1850,1685
Uttar Pradesh,Sitapur,Sitapur,Tomato,23-08-2025,2900,3980,3850
Uttar Pradesh,Sitapur,Viswan,Black Gram Dal (Urd Dal),23-08-2025,10010,10110,10060
Uttar Pradesh,Sitapur,Viswan,Gur(Jaggery),23-08-2025,3975,4015,3995
Uttar Pradesh,Sitapur,Viswan,Sugar,23-08-2025,4200,4240,4220
Uttar Pradesh,Unnao,Bangarmau,Apple,23-08-2025,8550,8650,8600
Uttar Pradesh,Unnao,Bangarmau,Brinjal,23-08-2025,1640,1740,1680
Uttar Pradesh,Unnao,Bangarmau,Garlic,23-08-2025,6200,6300,6250
Uttar Pradesh,Unnao,Bangarmau,Gur(Jaggery),23-08-2025,3960,4060,4010
Uttar Pradesh,Unnao,Bangarmau,Lemon,23-08-2025,3900,4100,4000
Uttar Pradesh,Unnao,Bangarmau,Onion,23-08-2025,1360,1460,1410
Uttar Pradesh,Unnao,Bangarmau,Potato,23-08-2025,1080,1180,1130
Uttar Pradesh,Unnao,Bangarmau,Wheat,23-08-2025,2470,2570,2520
Uttar Pradesh,Unnao,Unnao,Bengal Gram Dal (Chana Dal),23-08-2025,7440,7500,7480
Uttar Pradesh,Unnao,Unnao,Onion,23-08-2025,1425,1500,1455
Uttar Pradesh,Unnao,Unnao,White Peas,23-08-2025,3950,4050,4000
Uttrakhand,Dehradoon,Rishikesh,Apple,23-08-2025,2600,8500,3500
Uttrakhand,Dehradoon,Rishikesh,Banana,23-08-2025,1650,2500,1800
Uttrakhand,Dehradoon,Rishikesh,Onion,23-08-2025,1650,2000,1700
Uttrakhand,Dehradoon,Rishikesh,Papaya,23-08-2025,1800,2500,2000
Uttrakhand,Dehradoon,Rishikesh,Pumpkin,23-08-2025,1000,1500,1250
Uttrakhand,Garhwal (Pauri),Kotadwara,Apple,23-08-2025,2500,3000,2800
Uttrakhand,Haridwar,Bhagwanpur(Naveen Mandi Sthal),Green Chilli,23-08-2025,1200,1400,1300
Uttrakhand,Haridwar,Bhagwanpur(Naveen Mandi Sthal),Potato,23-08-2025,500,700,600
Uttrakhand,Haridwar,Bhagwanpur(Naveen Mandi Sthal),Tomato,23-08-2025,600,1800,650
Uttrakhand,Haridwar,Haridwar Union,Bhindi(Ladies Finger),23-08-2025,1200,1500,1300
Uttrakhand,Haridwar,Haridwar Union,Bottle gourd,23-08-2025,1200,1600,1300
Uttrakhand,Haridwar,Haridwar Union,Cucumbar(Kheera),23-08-2025,1000,1500,1200
Uttrakhand,Haridwar,Haridwar Union,Papaya,23-08-2025,1800,2000,1900
Uttrakhand,Haridwar,Haridwar Union,Tomato,23-08-2025,4400,5500,4800
Uttrakhand,Haridwar,Manglaur,Bottle gourd,23-08-2025,1000,1600,1500
Uttrakhand,Haridwar,Manglaur,Cucumbar(Kheera),23-08-2025,1200,1600,1400
Uttrakhand,Haridwar,Manglaur,Pumpkin,23-08-2025,800,1300,1000
Uttrakhand,Haridwar,Manglaur,Tomato,23-08-2025,1500,2500,2000
Uttrakhand,Nanital,Ramnagar,Cucumbar(Kheera),23-08-2025,2000,2500,2250
Uttrakhand,Nanital,Ramnagar,Potato,23-08-2025,900,1200,1100
Uttrakhand,Nanital,Ramnagar,Tomato,23-08-2025,4000,5000,4500
Uttrakhand,UdhamSinghNagar,Bazpur,Guava,23-08-2025,1800,1800,1800
Uttrakhand,UdhamSinghNagar,Jaspur(UC),Banana,23-08-2025,2000,2000,2000
Uttrakhand,UdhamSinghNagar,Jaspur(UC),Bitter gourd,23-08-2025,1400,1400,1400
Uttrakhand,UdhamSinghNagar,Jaspur(UC),Brinjal,23-08-2025,1300,1300,1300
Uttrakhand,UdhamSinghNagar,Jaspur(UC),Jack Fruit,23-08-2025,1300,1400,1350
Uttrakhand,UdhamSinghNagar,Jaspur(UC),Ridgeguard(Tori),23-08-2025,1200,1300,1260
Uttrakhand,UdhamSinghNagar,Kashipur,Bhindi(Ladies Finger),23-08-2025,800,800,800
Uttrakhand,UdhamSinghNagar,Kashipur,Jack Fruit,23-08-2025,1400,1800,1600
Uttrakhand,UdhamSinghNagar,Kashipur,Potato,23-08-2025,1100,1100,1100
Uttrakhand,UdhamSinghNagar,Khateema,Litchi,23-08-2025,600,800,700
Uttrakhand,UdhamSinghNagar,Kicchha,Brinjal,23-08-2025,600,800,700
Uttrakhand,UdhamSinghNagar,Kicchha,Pumpkin,23-08-2025,500,700,600
Uttrakhand,UdhamSinghNagar,Rudrapur,Bhindi(Ladies Finger),23-08-2025,2000,3000,2500
Uttrakhand,UdhamSinghNagar,Rudrapur,Onion,23-08-2025,3000,4500,4000
Uttrakhand,UdhamSinghNagar,Rudrapur,Pointed gourd (Parval),23-08-2025,4000,6000,5000
Uttrakhand,UdhamSinghNagar,Rudrapur,Potato,23-08-2025,800,1400,1000
West Bengal,Bankura,Bishnupur(Bankura),Brinjal,23-08-2025,4500,5400,4800
West Bengal,Bankura,Bishnupur(Bankura),Potato,23-08-2025,1100,1200,1120
West Bengal,Bankura,Khatra,Mustard,23-08-2025,5800,6200,6000
West Bengal,Bankura,Khatra,Wheat,23-08-2025,2800,3200,3000
West Bengal,Darjeeling,Karsiyang(Matigara),Cabbage,23-08-2025,2400,2600,2500
West Bengal,Darjeeling,Karsiyang(Matigara),French Beans (Frasbean),23-08-2025,8000,9000,8500
West Bengal,Darjeeling,Karsiyang(Matigara),Squash(Chappal Kadoo),23-08-2025,1600,1800,1700
West Bengal,Howrah,Ramkrishanpur(Howrah),Bhindi(Ladies Finger),23-08-2025,5500,6500,6000
West Bengal,Kolkata,Mechua,Mango,23-08-2025,8000,10000,9000
West Bengal,Medinipur(E),Egra/contai,Bitter gourd,23-08-2025,5000,5200,5100
West Bengal,Medinipur(E),Egra/contai,Tomato,23-08-2025,5200,5400,5300
West Bengal,Medinipur(W),Ghatal,Brinjal,23-08-2025,7100,7300,7200
West Bengal,Medinipur(W),Ghatal,Onion,23-08-2025,1800,2000,1900
West Bengal,Medinipur(W),Ghatal,Pumpkin,23-08-2025,2000,2200,2100
West Bengal,Murshidabad,Kasimbazar,Jute,23-08-2025,7600,7700,7650
West Bengal,North 24 Parganas,Barasat,Brinjal,23-08-2025,5000,5000,5000
West Bengal,North 24 Parganas,Barasat,Green Chilli,23-08-2025,9500,9500,9500
West Bengal,North 24 Parganas,Habra,Green Chilli,23-08-2025,8000,8300,8200
West Bengal,North 24 Parganas,Habra,Papaya (Raw),23-08-2025,1600,1800,1700
West Bengal,Paschim Bardhaman,Asansol,Onion,23-08-2025,1850,2150,2000
West Bengal,Paschim Bardhaman,Asansol,Tomato,23-08-2025,4500,4800,4650
West Bengal,Paschim Bardhaman,Asansol,Wheat,23-08-2025,2750,3050,2860
West Bengal,Paschim Bardhaman,Durgapur,Brinjal,23-08-2025,4350,4500,4450
West Bengal,Paschim Bardhaman,Durgapur,Masur Dal,23-08-2025,9350,9600,9450
West Bengal,Paschim Bardhaman,Durgapur,Mustard Oil,23-08-2025,15500,15750,15600
West Bengal,Paschim Bardhaman,Durgapur,Rice,23-08-2025,3000,3200,3150
West Bengal,Purba Bardhaman,Guskara,Brinjal,23-08-2025,4600,4800,4700
West Bengal,Purba Bardhaman,Guskara,Paddy(Dhan)(Common),23-08-2025,2320,2340,2320
West Bengal,Purba Bardhaman,Guskara,Rice,23-08-2025,3550,3600,3550
West Bengal,Puruliya,Purulia,Pumpkin,23-08-2025,2000,2600,2300
West Bengal,Puruliya,Purulia,Rice,23-08-2025,3560,3580,3560
West Bengal,Sounth 24 Parganas,Baruipur(Canning),Bhindi(Ladies Finger),23-08-2025,4800,5000,4900
West Bengal,Sounth 24 Parganas,Baruipur(Canning),Cucumbar(Kheera),23-08-2025,4800,5000,4900
West Bengal,Sounth 24 Parganas,Baruipur(Canning),Rice,23-08-2025,5200,5300,5250
Andhra Pradesh,Chittor,Palamaner,Brinjal,23-08-2025,3000,4500,4000
Andhra Pradesh,Chittor,Palamaner,Tomato,23-08-2025,3500,4200,3920
Andhra Pradesh,East Godavari,Ravulapelem,Banana,23-08-2025,2500,3600,3400
Andhra Pradesh,East Godavari,Ravulapelem,Banana,23-08-2025,2400,3400,3200
Andhra Pradesh,Guntur,Tenali,Black Gram (Urd Beans)(Whole),23-08-2025,7000,7200,7100
Andhra Pradesh,Krishna,Tiruvuru,Paddy(Dhan)(Common),23-08-2025,2300,2500,2400
Andhra Pradesh,West Godavari,Denduluru,Lime,23-08-2025,1400,2500,1800
Chandigarh,Chandigarh,Chandigarh(Grain/Fruit),Onion,23-08-2025,800,1800,1400
Chandigarh,Chandigarh,Chandigarh(Grain/Fruit),Peas Wet,23-08-2025,5000,8000,7000
Chandigarh,Chandigarh,Chandigarh(Grain/Fruit),Tomato,23-08-2025,2400,6000,4800
Gujarat,Ahmedabad,Ahmedabad,Beetroot,23-08-2025,1200,2500,2000
Gujarat,Ahmedabad,Ahmedabad,Bhindi(Ladies Finger),23-08-2025,1200,2500,2000
Gujarat,Ahmedabad,Ahmedabad,Elephant Yam (Suran),23-08-2025,3500,4000,3850
Gujarat,Ahmedabad,Ahmedabad,Groundnut pods (raw),23-08-2025,3000,4000,3800
Gujarat,Ahmedabad,Ahmedabad,Pointed gourd (Parval),23-08-2025,2000,3200,2700
Gujarat,Ahmedabad,Ahmedabad(Chimanbhai Patal Market Vasana),Potato,23-08-2025,1900,2000,1950
Gujarat,Ahmedabad,Ahmedabad(Chimanbhai Patal Market Vasana),Potato,23-08-2025,700,1200,1050
Gujarat,Ahmedabad,Viramgam,Castor Seed,23-08-2025,6500,6525,6510
Gujarat,Ahmedabad,Viramgam,Wheat,23-08-2025,2575,2660,2620
Gujarat,Banaskanth,Amirgadh,Soanf,23-08-2025,8000,8000,8000
Gujarat,Banaskanth,Amirgadh,Wheat,23-08-2025,2630,2630,2630
Gujarat,Banaskanth,Deesa,Mustard,23-08-2025,6225,6371,6300
Gujarat,Banaskanth,Deesa,Wheat,23-08-2025,2575,2585,2580
Gujarat,Banaskanth,Deesa(Deesa Veg Yard),Ginger(Green),23-08-2025,4000,4500,4250
Gujarat,Banaskanth,Deesa(Deesa Veg Yard),Mousambi(Sweet Lime),23-08-2025,3000,4000,3500
Gujarat,Banaskanth,Dhanera,Jowar(Sorghum),23-08-2025,3760,3760,3760
Gujarat,Banaskanth,Palanpur,Bajra(Pearl Millet/Cumbu),23-08-2025,1725,2650,2187
Gujarat,Banaskanth,Palanpur,Castor Seed,23-08-2025,6475,6505,6490
Gujarat,Banaskanth,Panthawada,Groundnut,23-08-2025,4250,5500,5000
Gujarat,Banaskanth,Panthawada,Guar Seed(Cluster Beans Seed),23-08-2025,4000,4600,4400
Gujarat,Banaskanth,Vadgam,Bajra(Pearl Millet/Cumbu),23-08-2025,1800,2545,2455
Gujarat,Banaskanth,Vadgam,Groundnut,23-08-2025,4400,4400,4400
Gujarat,Botad,Botad,Corriander seed,23-08-2025,5000,6000,5500
Gujarat,Botad,Botad(Haddad),Cotton,23-08-2025,5500,7400,6500
Gujarat,Chhota Udaipur,Bodeliu,Groundnut,23-08-2025,4910,4921,4915
Gujarat,Dahod,Dahod,Bengal Gram(Gram)(Whole),23-08-2025,5800,5900,5860
Gujarat,Dahod,Dahod,"Sesamum(Sesame,Gingelly,Til)",23-08-2025,7000,8000,7550
Gujarat,Dahod,Dahod,Wheat,23-08-2025,2800,2850,2825
Gujarat,Dahod,Dahod(Veg. Market),Bhindi(Ladies Finger),23-08-2025,500,1200,850
Gujarat,Dahod,Dahod(Veg. Market),Bitter gourd,23-08-2025,500,2500,1500
Gujarat,Dahod,Dahod(Veg. Market),Potato,23-08-2025,1000,1500,1250
Gujarat,Dahod,Zalod(Zalod),Paddy(Dhan)(Common),23-08-2025,1500,1750,1625
Gujarat,Dahod,Zalod(Zalod),Wheat,23-08-2025,2500,2600,2550
Gujarat,Gandhinagar,Dehgam,Bajra(Pearl Millet/Cumbu),23-08-2025,2500,2600,2550
Gujarat,Gandhinagar,Dehgam,Castor Seed,23-08-2025,6355,6420,6387
Gujarat,Gandhinagar,Dehgam(Rekhiyal),Bajra(Pearl Millet/Cumbu),23-08-2025,2475,2490,2482
Gujarat,Gandhinagar,Mansa(Manas Veg Yard),Bitter gourd,23-08-2025,1000,1000,1000
Gujarat,Gir Somnath,Talalagir,Bhindi(Ladies Finger),23-08-2025,2000,4000,3000
Gujarat,Gir Somnath,Talalagir,Guar,23-08-2025,4000,6000,5000
Gujarat,Kheda,Nadiyad(Chaklasi),Cauliflower,23-08-2025,1500,2000,1750
Gujarat,Kheda,Nadiyad(Chaklasi),Coriander(Leaves),23-08-2025,1200,1500,1300
Gujarat,Kheda,Nadiyad(Chaklasi),Tomato,23-08-2025,1100,1300,1200
Gujarat,Kheda,Nadiyad(Piplag),Bitter gourd,23-08-2025,1150,1300,1200
Gujarat,Kheda,Nadiyad(Piplag),Cowpea(Veg),23-08-2025,2100,2300,2200
Gujarat,Kheda,Nadiyad(Piplag),Onion,23-08-2025,1500,1800,1650
Gujarat,Kheda,Nadiyad(Piplag),Onion,23-08-2025,1100,1300,1250
Gujarat,Kheda,Nadiyad(Piplag),Potato,23-08-2025,900,1050,1000
Gujarat,Mehsana,Kadi,Ajwan,23-08-2025,3750,7500,6000
Gujarat,Mehsana,Kadi,Wheat,23-08-2025,2555,2760,2675
Gujarat,Mehsana,Mehsana(Mehsana Veg),Bhindi(Ladies Finger),23-08-2025,500,1500,1100
Gujarat,Mehsana,Mehsana(Mehsana Veg),Tomato,23-08-2025,2500,4800,4200
Gujarat,Mehsana,Unava,Castor Seed,23-08-2025,6550,6580,6570
Gujarat,Mehsana,Unjha,Cummin Seed(Jeera),23-08-2025,16500,24025,19100
Gujarat,Mehsana,Unjha,Isabgul (Psyllium),23-08-2025,8625,12125,10750
Gujarat,Mehsana,Vijapur(Gojjariya),Castor Seed,23-08-2025,6525,6560,6540
Gujarat,Mehsana,Vijapur(veg),Bitter gourd,23-08-2025,250,750,500
Gujarat,Mehsana,Vijapur(veg),Tomato,23-08-2025,3500,4000,3750
Gujarat,Mehsana,Visnagar,Castor Seed,23-08-2025,6350,6587,6468
Gujarat,Morbi,Halvad,Groundnut,23-08-2025,3500,4275,4150
Gujarat,Morbi,Halvad,Groundnut,23-08-2025,5125,6350,5750
Gujarat,Morbi,Halvad,Wheat,23-08-2025,2615,2800,2700
Gujarat,Morbi,Morbi,Onion,23-08-2025,500,1800,1150
Gujarat,Navsari,Navsari,Bottle gourd,23-08-2025,1500,2000,1750
Gujarat,Navsari,Navsari,Cluster beans,23-08-2025,4000,4250,4125
Gujarat,Navsari,Navsari,Green Chilli,23-08-2025,2500,5000,3750
Gujarat,Navsari,Navsari,Lemon,23-08-2025,4000,5000,4500
Gujarat,Navsari,Navsari,Methi(Leaves),23-08-2025,3500,4000,3750
Gujarat,Patan,Harij,Bengal Gram(Gram)(Whole),23-08-2025,4750,5910,5330
Gujarat,Patan,Harij,Cummin Seed(Jeera),23-08-2025,17125,18655,17890
Gujarat,Patan,Harij,Wheat,23-08-2025,2550,2626,2590
Gujarat,Patan,Radhanpur,Castor Seed,23-08-2025,6400,6600,6555
Gujarat,Patan,Radhanpur,Wheat,23-08-2025,2505,2685,2600
Gujarat,Porbandar,Porbandar,Pomegranate,23-08-2025,6000,10000,8000
Gujarat,Sabarkantha,Himatnagar,Maize,23-08-2025,2300,2420,2400
Gujarat,Sabarkantha,Himatnagar,Soyabean,23-08-2025,4450,4475,4475
Gujarat,Sabarkantha,Modasa,Bajra(Pearl Millet/Cumbu),23-08-2025,2250,2330,2330
Gujarat,Sabarkantha,Modasa,Soyabean,23-08-2025,4350,4425,4425
Gujarat,Sabarkantha,Modasa,Wheat,23-08-2025,2650,2800,2800
Gujarat,Sabarkantha,Talod,Bajra(Pearl Millet/Cumbu),23-08-2025,1600,2995,2297
Gujarat,Sabarkantha,Talod,Guar Seed(Cluster Beans Seed),23-08-2025,4000,4745,4372
Gujarat,Surat,Nizar(Pumkitalov),Jowar(Sorghum),23-08-2025,2115,2188,2145
Gujarat,Surat,Songadh,Guar,23-08-2025,3500,4250,3990
Gujarat,Surendranagar,Vadhvan,Bhindi(Ladies Finger),23-08-2025,1500,2500,2000
Gujarat,Surendranagar,Vadhvan,Bitter gourd,23-08-2025,1000,1500,1250
Gujarat,Surendranagar,Vadhvan,Bottle gourd,23-08-2025,500,750,625
Gujarat,Surendranagar,Vadhvan,Cauliflower,23-08-2025,2000,2500,2250
Gujarat,Surendranagar,Vadhvan,Cucumbar(Kheera),23-08-2025,1000,1500,1250
Gujarat,Surendranagar,Vadhvan,Garlic,23-08-2025,9500,10000,9750
Gujarat,Surendranagar,Vadhvan,Methi(Leaves),23-08-2025,1500,2000,1750
Gujarat,Surendranagar,Vadhvan,Ridgeguard(Tori),23-08-2025,1000,1500,1250
Gujarat,Surendranagar,Vadhvan,Spinach,23-08-2025,500,1000,750
Gujarat,Surendranagar,Vadhvan,Tomato,23-08-2025,4000,4500,4250
Gujarat,Vadodara(Baroda),Padra,Cabbage,23-08-2025,900,1200,1050
Gujarat,Vadodara(Baroda),Padra,Cauliflower,23-08-2025,2500,3500,3000
Gujarat,Vadodara(Baroda),Padra,Cowpea(Veg),23-08-2025,3500,4000,3750
Gujarat,Vadodara(Baroda),Padra,Cucumbar(Kheera),23-08-2025,1000,2500,1750
Gujarat,Valsad,Valsad,Banana,23-08-2025,900,1050,975
Haryana,Ambala,Ambala Cantt.,Bhindi(Ladies Finger),23-08-2025,2000,2800,2500
Haryana,Ambala,Ambala Cantt.,Bitter gourd,23-08-2025,1500,2000,1800
Haryana,Ambala,Ambala Cantt.,Bottle gourd,23-08-2025,1500,4000,3500
Haryana,Ambala,Ambala Cantt.,Cauliflower,23-08-2025,2000,2500,2200
Haryana,Ambala,Ambala Cantt.,Onion,23-08-2025,1000,1800,1500
Haryana,Ambala,Ambala Cantt.,Pomegranate,23-08-2025,6000,8000,7500
Haryana,Ambala,Ambala Cantt.,Tomato,23-08-2025,2000,3000,2500
Haryana,Ambala,Ambala Cantt.,Water Melon,23-08-2025,1500,2200,2000
Haryana,Ambala,Naraingarh,Colacasia,23-08-2025,1000,2500,1500
Haryana,Ambala,Naraingarh,French Beans (Frasbean),23-08-2025,4000,6000,4800
Haryana,Ambala,Naraingarh,Garlic,23-08-2025,6000,6000,6000
Haryana,Ambala,Naraingarh,Green Chilli,23-08-2025,2000,4000,3200
Haryana,Ambala,Naraingarh,Guava,23-08-2025,1000,4000,1600
Haryana,Ambala,Naraingarh,Ridgeguard(Tori),23-08-2025,1800,2500,2000
Haryana,Ambala,Naraingarh,Tinda,23-08-2025,3000,5000,4000
Haryana,Ambala,Shahzadpur,Cabbage,23-08-2025,1200,1200,1200
Haryana,Ambala,Shahzadpur,Cucumbar(Kheera),23-08-2025,1000,1900,1900
Haryana,Bhiwani,Bhiwani,Mousambi(Sweet Lime),23-08-2025,2870,3504,3204
Haryana,Bhiwani,Bhiwani,Potato,23-08-2025,1450,2230,1890
Haryana,Bhiwani,Bhiwani,Tomato,23-08-2025,3560,4750,4210
Haryana,Faridabad,Ballabhgarh,Brinjal,23-08-2025,1200,1800,1500
Haryana,Faridabad,Ballabhgarh,Raddish,23-08-2025,1800,2400,2000
Haryana,Faridabad,Faridabad,Banana,23-08-2025,1200,2000,1600
Haryana,Faridabad,Faridabad,Cucumbar(Kheera),23-08-2025,700,2500,1650
Haryana,Gurgaon,Gurgaon,Brinjal,23-08-2025,1500,2500,2000
Haryana,Gurgaon,Gurgaon,Carrot,23-08-2025,1500,2500,2000
Haryana,Gurgaon,Gurgaon,Cauliflower,23-08-2025,3000,5000,4000
Haryana,Gurgaon,Gurgaon,Pomegranate,23-08-2025,5000,10000,7500
Haryana,Hissar,Barwala(Hisar),Apple,23-08-2025,8000,9000,8500
Haryana,Hissar,Barwala(Hisar),Cucumbar(Kheera),23-08-2025,1800,2000,1900
Haryana,Hissar,Barwala(Hisar),Mousambi(Sweet Lime),23-08-2025,3300,3500,3400
Haryana,Hissar,Barwala(Hisar),Pear(Marasebu),23-08-2025,4800,5000,4900
Haryana,Hissar,Barwala(Hisar),Potato,23-08-2025,1000,1100,1050
Haryana,Hissar,Barwala(Hisar),Pumpkin,23-08-2025,800,1000,900
Haryana,Hissar,Hansi,Bottle gourd,23-08-2025,1500,2000,1800
Haryana,Hissar,Hansi,Cauliflower,23-08-2025,4000,6000,5000
Haryana,Hissar,Hansi,Lemon,23-08-2025,3000,5000,4000
Haryana,Hissar,Hansi,Mousambi(Sweet Lime),23-08-2025,2000,4000,3000
Haryana,Hissar,Hansi,Onion,23-08-2025,1500,2000,1800
Haryana,Hissar,Hansi,Peas Wet,23-08-2025,10000,14000,12000
Haryana,Hissar,Hansi,Spinach,23-08-2025,3000,4000,3500
Haryana,Hissar,Hissar,Mustard,23-08-2025,6100,6250,6200
Haryana,Hissar,Uklana,Potato,23-08-2025,800,900,900
Haryana,Jind,Narwana,Apple,23-08-2025,5000,12000,8000
Haryana,Jind,Narwana,Pomegranate,23-08-2025,15000,15000,15000
Haryana,Jind,Safidon,Apple,23-08-2025,5000,5500,5500
Haryana,Jind,Safidon,Onion,23-08-2025,1300,1300,1300
Haryana,Jind,Safidon,Tomato,23-08-2025,3500,4000,3800
Haryana,Kaithal,Dhand,Potato,23-08-2025,1000,1200,1170
Haryana,Kaithal,Kaithal,Cabbage,23-08-2025,2000,2200,2100
Haryana,Kaithal,Kaithal,Onion,23-08-2025,1000,1700,1350
Haryana,Kaithal,Pundri,Onion,23-08-2025,1800,1900,1850
Haryana,Kaithal,Pundri,Potato,23-08-2025,1000,1100,1050
Haryana,Karnal,Gharaunda,Tomato,23-08-2025,4000,5000,5000
Haryana,Karnal,Indri,Potato,23-08-2025,1200,1200,1200
Haryana,Kurukshetra,Ladwa,Bitter gourd,23-08-2025,2000,2500,2200
Haryana,Kurukshetra,Ladwa,Colacasia,23-08-2025,2000,2000,2000
Haryana,Kurukshetra,Ladwa,Leafy Vegetable,23-08-2025,1000,1000,1000
Haryana,Kurukshetra,Ladwa,Potato,23-08-2025,1000,1500,1200
Haryana,Kurukshetra,Ladwa,Pumpkin,23-08-2025,500,1000,800
Haryana,Kurukshetra,Pehowa,Banana,23-08-2025,1500,1650,1600
Haryana,Kurukshetra,Shahabad,Cluster beans,23-08-2025,6000,6000,6000
Haryana,Kurukshetra,Shahabad,Cucumbar(Kheera),23-08-2025,2000,2500,2200
Haryana,Kurukshetra,Shahabad,Green Chilli,23-08-2025,3000,4500,3500
Haryana,Kurukshetra,Shahabad,Lemon,23-08-2025,4200,4500,4300
Haryana,Kurukshetra,Shahabad,Mango,23-08-2025,7500,9000,8000
Haryana,Kurukshetra,Shahabad,Peas Wet,23-08-2025,9000,9000,9000
Haryana,Kurukshetra,Shahabad,Plum,23-08-2025,6000,7000,6500
Haryana,Kurukshetra,Shahabad,Water Melon,23-08-2025,2000,2000,2000
Haryana,Mahendragarh-Narnaul,Narnaul,Apple,23-08-2025,6000,8000,8000
Haryana,Mahendragarh-Narnaul,Narnaul,Cauliflower,23-08-2025,2500,5000,3000
Haryana,Mahendragarh-Narnaul,Narnaul,Green Chilli,23-08-2025,2000,5000,4000
Haryana,Mahendragarh-Narnaul,Narnaul,Onion,23-08-2025,1500,1500,1500
Haryana,Mewat,Punhana,Onion,23-08-2025,2000,2000,2000
Haryana,Palwal,Hassanpur,Bottle gourd,23-08-2025,1100,1100,1100
Haryana,Palwal,Hassanpur,Brinjal,23-08-2025,700,700,700
Haryana,Palwal,Hassanpur,Cucumbar(Kheera),23-08-2025,1300,1300,1300
Haryana,Panchkula,Barwala,Bottle gourd,23-08-2025,1500,2000,1750
Haryana,Panchkula,Barwala,Cauliflower,23-08-2025,4000,5000,4500
Haryana,Panchkula,Barwala,Pumpkin,23-08-2025,800,1000,900
Haryana,Panchkula,Raipur Rai,Brinjal,23-08-2025,1400,1600,1400
Haryana,Panipat,Panipat,Banana,23-08-2025,2000,2400,2200
Haryana,Panipat,Panipat,Bottle gourd,23-08-2025,700,2000,1350
Haryana,Panipat,Panipat,Cabbage,23-08-2025,1000,1200,1100
Haryana,Panipat,Panipat,Raddish,23-08-2025,1000,1500,1250
Haryana,Panipat,Panipat,Tomato,23-08-2025,1000,4000,2500
Haryana,Panipat,Samalkha,Bhindi(Ladies Finger),23-08-2025,1500,1500,1500
Haryana,Panipat,Samalkha,Cauliflower,23-08-2025,2700,2700,2700
Haryana,Panipat,Samalkha,Cucumbar(Kheera),23-08-2025,2000,2000,2000
Haryana,Rohtak,Meham,Banana,23-08-2025,1700,1700,1700
Haryana,Rohtak,Meham,Guava,23-08-2025,1200,1200,1200
Haryana,Rohtak,Meham,Onion,23-08-2025,1700,2000,1800
Haryana,Rohtak,Sampla,Mousambi(Sweet Lime),23-08-2025,5000,5000,5000
Haryana,Sonipat,Ganaur,Apple,23-08-2025,5800,6000,5800
Haryana,Sonipat,Ganaur,Bhindi(Ladies Finger),23-08-2025,2800,3000,2800
Haryana,Sonipat,Ganaur,Green Chilli,23-08-2025,4500,5000,4800
Haryana,Sonipat,Ganaur,Spinach,23-08-2025,1800,2000,1800
Haryana,Sonipat,Gohana,Onion,23-08-2025,1200,2500,1600
Haryana,Sonipat,Sonepat,Brinjal,23-08-2025,1600,4200,1600
Haryana,Sonipat,Sonepat,Capsicum,23-08-2025,3500,5000,3500
Haryana,Yamuna Nagar,Mustafabad,Brinjal,23-08-2025,2000,2200,2200
Haryana,Yamuna Nagar,Mustafabad,Cabbage,23-08-2025,2000,2000,2000
Haryana,Yamuna Nagar,Mustafabad,Ridgeguard(Tori),23-08-2025,2000,2000,2000
Haryana,Yamuna Nagar,Radaur,Brinjal,23-08-2025,900,1100,1000
Haryana,Yamuna Nagar,Radaur,Guava,23-08-2025,2600,3000,2800
Haryana,Yamuna Nagar,Radaur,Potato,23-08-2025,1000,1200,1100
Haryana,Yamuna Nagar,Sadhaura,Cucumbar(Kheera),23-08-2025,1400,2000,1500
Himachal Pradesh,Bilaspur,Bilaspur,Banana,23-08-2025,2600,3300,3000
Himachal Pradesh,Bilaspur,Bilaspur,Cabbage,23-08-2025,2000,2700,2300
Himachal Pradesh,Bilaspur,Bilaspur,Papaya,23-08-2025,3500,4500,4000
Himachal Pradesh,Bilaspur,Bilaspur,Potato,23-08-2025,1000,3000,2300
Himachal Pradesh,Bilaspur,Bilaspur,Tomato,23-08-2025,3000,5500,4200
Himachal Pradesh,Chamba,Chamba,Sponge gourd,23-08-2025,3000,3500,3250
Himachal Pradesh,Hamirpur,Hamirpur,Bitter gourd,23-08-2025,4000,6000,5000
Himachal Pradesh,Hamirpur,Hamirpur,Bottle gourd,23-08-2025,3500,5500,4500
Himachal Pradesh,Hamirpur,Hamirpur,French Beans (Frasbean),23-08-2025,10000,10000,10000
Himachal Pradesh,Hamirpur,Hamirpur,Garlic,23-08-2025,10000,14000,12000
Himachal Pradesh,Hamirpur,Hamirpur,Guava,23-08-2025,6000,7000,6500
Himachal Pradesh,Hamirpur,Hamirpur,Potato,23-08-2025,1200,1600,1400
Himachal Pradesh,Hamirpur,Hamirpur,Potato,23-08-2025,2600,2800,2700
Himachal Pradesh,Hamirpur,Hamirpur(Nadaun),Bottle gourd,23-08-2025,3500,5500,4500
Himachal Pradesh,Hamirpur,Hamirpur(Nadaun),Guava,23-08-2025,6000,7000,6500
Himachal Pradesh,Hamirpur,Hamirpur(Nadaun),Papaya,23-08-2025,4500,5000,4700
Himachal Pradesh,Hamirpur,Hamirpur(Nadaun),Pineapple,23-08-2025,5000,5000,5000
Himachal Pradesh,Hamirpur,Hamirpur(Nadaun),Potato,23-08-2025,1200,2800,2000
Himachal Pradesh,Kangra,Dharamshala,Apple,23-08-2025,4000,20000,12000
Himachal Pradesh,Kangra,Dharamshala,Bottle gourd,23-08-2025,4800,5800,5200
Himachal Pradesh,Kangra,Dharamshala,Carrot,23-08-2025,3000,3500,3250
Himachal Pradesh,Kangra,Dharamshala,Coriander(Leaves),23-08-2025,25000,30000,27500
Himachal Pradesh,Kangra,Dharamshala,Tomato,23-08-2025,5000,5500,5250
Himachal Pradesh,Kangra,Kangra,Green Chilli,23-08-2025,5000,6500,5500
Himachal Pradesh,Kangra,Kangra,Mango,23-08-2025,12000,13000,12500
Himachal Pradesh,Kangra,Kangra,Pear(Marasebu),23-08-2025,4000,6000,5000
Himachal Pradesh,Kangra,Kangra,Pumpkin,23-08-2025,1500,1800,1600
Himachal Pradesh,Kangra,Kangra,Raddish,23-08-2025,2000,2200,2100
Himachal Pradesh,Kangra,Kangra,Sponge gourd,23-08-2025,3500,4000,3700
Himachal Pradesh,Kangra,Kangra(Baijnath),Bitter gourd,23-08-2025,4200,4500,4400
Himachal Pradesh,Kangra,Kangra(Baijnath),Brinjal,23-08-2025,3500,4200,3800
Himachal Pradesh,Kangra,Kangra(Jaisinghpur),Bottle gourd,23-08-2025,3800,4200,4000
Himachal Pradesh,Kangra,Kangra(Jassour),Cucumbar(Kheera),23-08-2025,1000,1500,1250
Himachal Pradesh,Kangra,Kangra(Jassour),Green Chilli,23-08-2025,3800,4000,3900
Himachal Pradesh,Kangra,Kangra(Jassour),Onion,23-08-2025,2000,2400,2200
Himachal Pradesh,Kangra,Kangra(Jassour),Pomegranate,23-08-2025,12000,16000,14000
Himachal Pradesh,Kangra,Kangra(Nagrota Bagwan),Apple,23-08-2025,3000,9000,6000
Himachal Pradesh,Kangra,Kangra(Nagrota Bagwan),Bhindi(Ladies Finger),23-08-2025,3000,3800,3500
Himachal Pradesh,Kangra,Kangra(Nagrota Bagwan),French Beans (Frasbean),23-08-2025,8000,9000,8500
Himachal Pradesh,Kangra,Palampur,Banana,23-08-2025,4800,5000,4900
Himachal Pradesh,Kangra,Palampur,Bitter gourd,23-08-2025,3800,4000,3900
Himachal Pradesh,Kangra,Palampur,Cauliflower,23-08-2025,5500,6000,5700
Himachal Pradesh,Kangra,Palampur,Ginger(Green),23-08-2025,8000,9000,8500
Himachal Pradesh,Kangra,Palampur,Lemon,23-08-2025,6000,6500,6200
Himachal Pradesh,Kangra,Palampur,Potato,23-08-2025,1500,2600,2200
Himachal Pradesh,Kangra,Palampur,Pumpkin,23-08-2025,1500,2000,1700
Himachal Pradesh,Kangra,Palampur,Spinach,23-08-2025,4000,5000,4500
Himachal Pradesh,Kullu,Kullu,Cauliflower,23-08-2025,1000,3500,2200
Himachal Pradesh,Mandi,Dhanotu (Mandi),Guava,23-08-2025,1500,2500,2000
Himachal Pradesh,Mandi,Dhanotu (Mandi),Mousambi(Sweet Lime),23-08-2025,5000,5000,5000
Himachal Pradesh,Mandi,Dhanotu (Mandi),Papaya,23-08-2025,3500,4000,3750
Himachal Pradesh,Mandi,Dhanotu (Mandi),Pumpkin,23-08-2025,1200,1800,1500
Himachal Pradesh,Mandi,Mandi(Mandi),Apple,23-08-2025,1400,3000,2500
Himachal Pradesh,Mandi,Mandi(Mandi),Bitter gourd,23-08-2025,2500,2500,2500
Himachal Pradesh,Mandi,Mandi(Mandi),Bottle gourd,23-08-2025,2500,3500,3000
Himachal Pradesh,Mandi,Mandi(Mandi),Brinjal,23-08-2025,2500,4000,3500
Himachal Pradesh,Mandi,Mandi(Mandi),Cabbage,23-08-2025,1000,1500,1200
Himachal Pradesh,Mandi,Mandi(Mandi),Cauliflower,23-08-2025,1500,4000,3000
Himachal Pradesh,Mandi,Mandi(Mandi),Garlic,23-08-2025,8000,10000,9000
Himachal Pradesh,Mandi,Mandi(Mandi),Grapes,23-08-2025,20000,32000,30000
Himachal Pradesh,Mandi,Mandi(Mandi),Plum,23-08-2025,2500,4000,3000
Himachal Pradesh,Mandi,Mandi(Mandi),Spinach,23-08-2025,4000,4000,4000
Himachal Pradesh,Sirmore,Nahan,Cabbage,23-08-2025,2000,2500,2200
Himachal Pradesh,Sirmore,Nahan,Cucumbar(Kheera),23-08-2025,2000,2500,2200
Himachal Pradesh,Sirmore,Nahan,Ginger(Green),23-08-2025,10000,12000,11000
Himachal Pradesh,Sirmore,Nahan,Pumpkin,23-08-2025,1500,2000,1800
Himachal Pradesh,Sirmore,Paonta Sahib,Ginger(Green),23-08-2025,8000,10000,9000
Himachal Pradesh,Sirmore,Paonta Sahib,Onion,23-08-2025,2000,2200,2100
Himachal Pradesh,Sirmore,Paonta Sahib,Pear(Marasebu),23-08-2025,9000,11000,10000
Himachal Pradesh,Solan,Dharampur,Capsicum,23-08-2025,2000,4000,4000
Himachal Pradesh,Solan,Solan,Brinjal,23-08-2025,2500,3000,2800
Himachal Pradesh,Solan,Solan,Cabbage,23-08-2025,800,1300,1000
Himachal Pradesh,Solan,Solan,Garlic,23-08-2025,4000,10000,6500
Himachal Pradesh,Solan,Solan,Green Chilli,23-08-2025,3500,5000,4500
Himachal Pradesh,Solan,Solan,Pineapple,23-08-2025,4200,6800,5000
Himachal Pradesh,Solan,Solan,Raddish,23-08-2025,1500,2500,2000
Himachal Pradesh,Solan,Solan,Spinach,23-08-2025,4000,4500,4200
Himachal Pradesh,Solan,Solan(Nalagarh),Apple,23-08-2025,3000,6000,4500
Himachal Pradesh,Solan,Solan(Nalagarh),Brinjal,23-08-2025,1400,2000,1700
Himachal Pradesh,Una,Santoshgarh,Banana,23-08-2025,3000,3200,3100
Himachal Pradesh,Una,Santoshgarh,Cucumbar(Kheera),23-08-2025,1500,2400,1950
Himachal Pradesh,Una,Santoshgarh,Lemon,23-08-2025,4400,4400,4400
Himachal Pradesh,Una,Una,Banana,23-08-2025,3100,3300,3200
Himachal Pradesh,Una,Una,Capsicum,23-08-2025,4500,7000,6000
Himachal Pradesh,Una,Una,Colacasia,23-08-2025,3000,3500,3250
Himachal Pradesh,Una,Una,Papaya,23-08-2025,4000,5000,4500
Himachal Pradesh,Una,Una,Pomegranate,23-08-2025,12000,13000,12500
Himachal Pradesh,Una,Una,Pumpkin,23-08-2025,2000,2500,2250
Jammu and Kashmir,Anantnag,Kulgam,Pear(Marasebu),23-08-2025,3000,4000,3500
Jammu and Kashmir,Jammu,Batote,Cabbage,23-08-2025,1800,2000,1900
Jammu and Kashmir,Jammu,Batote,Pear(Marasebu),23-08-2025,4000,4400,4200
Jammu and Kashmir,Jammu,Batote,Tomato,23-08-2025,2100,2300,2200
Jammu and Kashmir,Kathua,Kathua,Apple,23-08-2025,10000,15000,12500
Jammu and Kashmir,Kathua,Kathua,Bottle gourd,23-08-2025,2000,2200,2100
Jammu and Kashmir,Kathua,Kathua,Brinjal,23-08-2025,1000,1200,1100
Jammu and Kashmir,Kathua,Kathua,Guava,23-08-2025,3000,4000,3500
Jammu and Kashmir,Kathua,Kathua,Lemon,23-08-2025,4000,5000,4500
Jammu and Kashmir,Kathua,Kathua,Peas Wet,23-08-2025,8000,9000,8500
Jammu and Kashmir,Kathua,Kathua,Round gourd,23-08-2025,3000,3500,3250
Jammu and Kashmir,Pulwama,Pulwama (F&V),Pear(Marasebu),23-08-2025,5625,6250,5937.5
Jammu and Kashmir,Rajouri,Rajouri (F&V),Banana,23-08-2025,5500,5700,5600
Jammu and Kashmir,Rajouri,Rajouri (F&V),Capsicum,23-08-2025,5000,5200,5100
Jammu and Kashmir,Rajouri,Rajouri (F&V),Cucumbar(Kheera),23-08-2025,3000,3200,3100
Jammu and Kashmir,Rajouri,Rajouri (F&V),French Beans (Frasbean),23-08-2025,7000,7200,7100
Jammu and Kashmir,Rajouri,Rajouri (F&V),Potato,23-08-2025,1500,1700,1600
Jammu and Kashmir,Rajouri,Rajouri (F&V),Round gourd,23-08-2025,4500,4700,4600
Jammu and Kashmir,Srinagar,Parimpore,Apple,23-08-2025,6500,8000,7000
Jammu and Kashmir,Srinagar,Parimpore,Carrot,23-08-2025,2000,2800,2400
Jammu and Kashmir,Srinagar,Parimpore,French Beans (Frasbean),23-08-2025,4000,4200,4100
Jammu and Kashmir,Srinagar,Parimpore,Grapes,23-08-2025,24000,27000,25500
Jammu and Kashmir,Srinagar,Parimpore,Pear(Marasebu),23-08-2025,3000,3400,3200
Jammu and Kashmir,Srinagar,Parimpore,Potato,23-08-2025,1300,1400,1350
Jammu and Kashmir,Srinagar,Parimpore,Tomato,23-08-2025,3000,4000,3500
Jammu and Kashmir,Udhampur,Udhampur,Apple,23-08-2025,7000,9000,8000
Jammu and Kashmir,Udhampur,Udhampur,Cabbage,23-08-2025,1000,1500,1250
Jammu and Kashmir,Udhampur,Udhampur,Papaya,23-08-2025,4000,5000,4500
Kerala,Alappuzha,Aroor,Amphophalus,23-08-2025,7000,7200,7100
Kerala,Alappuzha,Aroor,Banana - Green,23-08-2025,5200,5400,5300
Kerala,Alappuzha,Aroor,Brinjal,23-08-2025,4000,4200,4100
Kerala,Alappuzha,Aroor,Capsicum,23-08-2025,9000,9200,9100
Kerala,Alappuzha,Aroor,Cauliflower,23-08-2025,4000,4200,4100
Kerala,Alappuzha,Aroor,Ginger(Green),23-08-2025,8000,8200,8100
Kerala,Alappuzha,Aroor,Ridgeguard(Tori),23-08-2025,6000,6200,6100
Kerala,Alappuzha,Aroor,Tomato,23-08-2025,5000,5200,5100
Kerala,Alappuzha,Chengannur,Banana - Green,23-08-2025,4400,4700,4500
Kerala,Alappuzha,Chengannur,Cucumbar(Kheera),23-08-2025,2900,3200,3000
Kerala,Alappuzha,Cherthala,Ashgourd,23-08-2025,3200,3400,3300
Kerala,Alappuzha,Cherthala,Beetroot,23-08-2025,4000,4200,4100
Kerala,Alappuzha,Cherthala,Bhindi(Ladies Finger),23-08-2025,4300,4500,4400
Kerala,Alappuzha,Cherthala,Cabbage,23-08-2025,4300,4500,4400
Kerala,Alappuzha,Cherthala,Cowpea(Veg),23-08-2025,4200,4400,4300
Kerala,Alappuzha,Cherthala,Cucumbar(Kheera),23-08-2025,3100,3500,3300
Kerala,Alappuzha,Cherthala,Green Chilli,23-08-2025,6000,6200,6100
Kerala,Alappuzha,Cherthala,Ridgeguard(Tori),23-08-2025,4300,4500,4400
Kerala,Alappuzha,Harippad,Bhindi(Ladies Finger),23-08-2025,4000,4500,4000
Kerala,Alappuzha,Harippad,Bottle gourd,23-08-2025,2000,2400,2000
Kerala,Alappuzha,Harippad,Onion,23-08-2025,2400,2800,2400
Kerala,Alappuzha,Harippad,Pineapple,23-08-2025,4000,4600,4000
Kerala,Alappuzha,Kayamkulam,Banana,23-08-2025,4100,4300,4200
Kerala,Alappuzha,Kayamkulam,Cauliflower,23-08-2025,2900,3100,3000
Kerala,Alappuzha,Kayamkulam,Onion,23-08-2025,2100,2300,2200
Kerala,Ernakulam,Aluva,Banana,23-08-2025,2800,3000,2900
Kerala,Ernakulam,Aluva,Banana - Green,23-08-2025,3500,3700,3600
Kerala,Ernakulam,Aluva,Cauliflower,23-08-2025,2500,4000,3300
Kerala,Ernakulam,Aluva,Colacasia,23-08-2025,6500,8000,7300
Kerala,Ernakulam,Aluva,Drumstick,23-08-2025,3000,4000,3500
Kerala,Ernakulam,Aluva,Ginger(Green),23-08-2025,8000,10000,9000
Kerala,Ernakulam,Aluva,Pineapple,23-08-2025,3500,4000,3800
Kerala,Ernakulam,Aluva,Potato,23-08-2025,3000,4000,3500
Kerala,Ernakulam,Aluva,Tomato,23-08-2025,4500,6000,5300
Kerala,Ernakulam,Ernakulam,Banana,23-08-2025,2500,3200,2900
Kerala,Ernakulam,Ernakulam,Cucumbar(Kheera),23-08-2025,2800,3500,3300
Kerala,Ernakulam,Kunnukara  VFPCK,Banana,23-08-2025,4500,4700,4600
Kerala,Ernakulam,Mookkannur  VFPCK,Banana,23-08-2025,1200,2300,1600
Kerala,Ernakulam,North Paravur,Brinjal,23-08-2025,3500,4500,4000
Kerala,Ernakulam,North Paravur,Capsicum,23-08-2025,6000,7000,6500
Kerala,Ernakulam,North Paravur,Colacasia,23-08-2025,4000,5000,4500
Kerala,Ernakulam,North Paravur,Cowpea(Veg),23-08-2025,4000,5000,4500
Kerala,Ernakulam,North Paravur,Garlic,23-08-2025,9800,11500,10000
Kerala,Ernakulam,North Paravur,Ginger(Green),23-08-2025,7500,8000,7800
Kerala,Ernakulam,North Paravur,Mint(Pudina),23-08-2025,7000,8000,7500
Kerala,Ernakulam,North Paravur,Pineapple,23-08-2025,5500,6000,5800
Kerala,Ernakulam,Perumbavoor,Elephant Yam (Suran),23-08-2025,4200,5200,4700
Kerala,Ernakulam,Perumbavoor,Ginger(Dry),23-08-2025,23500,24500,24000
Kerala,Ernakulam,Perumbavoor,Lemon,23-08-2025,6000,7000,6500
Kerala,Ernakulam,Perumbavoor,Potato,23-08-2025,2500,3500,3000
Kerala,Ernakulam,Perumbavoor,Tapioca,23-08-2025,2300,3300,2700
Kerala,Ernakulam,Thrippunithura,Banana - Green,23-08-2025,4200,6000,4400
Kerala,Ernakulam,Thrippunithura,Beetroot,23-08-2025,5000,6000,5200
Kerala,Ernakulam,Thrippunithura,Brinjal,23-08-2025,5500,7000,5700
Kerala,Ernakulam,Thrippunithura,Colacasia,23-08-2025,5500,6500,5700
Kerala,Ernakulam,Thrippunithura,Onion,23-08-2025,2500,2800,2500
Kerala,Ernakulam,Thrippunithura,Potato,23-08-2025,4400,4400,4400
Kerala,Ernakulam,Thrippunithura,Snakeguard,23-08-2025,5000,6000,5200
Kerala,Idukki,Adimali,Amphophalus,23-08-2025,8000,8000,8000
Kerala,Idukki,Adimali,Apple,23-08-2025,10000,10000,10000
Kerala,Idukki,Adimali,Bitter gourd,23-08-2025,6000,7000,7000
Kerala,Idukki,Vandiperiyar,Banana,23-08-2025,4800,5000,5000
Kerala,Idukki,Vandiperiyar,Bhindi(Ladies Finger),23-08-2025,5500,5600,5600
Kerala,Idukki,Vandiperiyar,Pumpkin,23-08-2025,3400,3500,3500
Kerala,Kannur,Kannur,Bitter gourd,23-08-2025,5500,5900,5700
Kerala,Kannur,Kannur,Black pepper,23-08-2025,64800,70400,68400
Kerala,Kannur,Kannur,Cucumbar(Kheera),23-08-2025,2500,2700,2600
Kerala,Kannur,Maloor VFPCK,Banana - Green,23-08-2025,5600,5600,5600
Kerala,Kannur,Taliparamba,Brinjal,23-08-2025,4900,5100,5000
Kerala,Kannur,Taliparamba,Tomato,23-08-2025,3900,4100,4000
Kerala,Kollam,Anchal,Amaranthus,23-08-2025,4500,4700,4600
Kerala,Kollam,Anchal,Banana,23-08-2025,8000,8200,8100
Kerala,Kollam,Anchal,Brinjal,23-08-2025,4600,4700,4700
Kerala,Kollam,Anchal,Carrot,23-08-2025,6500,6700,6600
Kerala,Kollam,Anchal,Cauliflower,23-08-2025,4500,4700,4600
Kerala,Kollam,Anchal,Colacasia,23-08-2025,6500,6700,6600
Kerala,Kottayam,Ettumanoor,Cabbage,23-08-2025,2800,3000,2900
Kerala,Kottayam,Ettumanoor,Drumstick,23-08-2025,3200,3600,3400
Kerala,Kottayam,Ettumanoor,Ginger(Green),23-08-2025,7500,8500,8000
Kerala,Kottayam,Ettumanoor,Pumpkin,23-08-2025,3000,3400,3200
Kerala,Kottayam,Ettumanoor,Snakeguard,23-08-2025,4500,5000,4700
Kerala,Kottayam,Kottayam,Beetroot,23-08-2025,4600,5000,4800
Kerala,Kottayam,Kottayam,Green Gram (Moong)(Whole),23-08-2025,9000,9600,9300
Kerala,Kottayam,Kottayam,Potato,23-08-2025,3400,3800,3600
Kerala,Kottayam,Kuruppanthura,Banana,23-08-2025,3000,5000,4000
Kerala,Kottayam,Kuruppanthura,Banana,23-08-2025,8000,8600,8500
Kerala,Kottayam,Kuruppanthura,Banana - Green,23-08-2025,5000,6000,5500
Kerala,Kottayam,Kuruppanthura,Carrot,23-08-2025,7600,9000,8000
Kerala,Kottayam,Kuruppanthura,Coconut,23-08-2025,7600,8500,8000
Kerala,Kottayam,Kuruppanthura,Drumstick,23-08-2025,3800,5000,4000
Kerala,Kottayam,Kuruppanthura,Lemon,23-08-2025,4000,6000,5000
Kerala,Kottayam,Kuruppanthura,Little gourd (Kundru),23-08-2025,5800,7000,6000
Kerala,Kottayam,Kuruppanthura,Potato,23-08-2025,4000,4000,4000
Kerala,Kottayam,Kuruppanthura,Pumpkin,23-08-2025,2400,4000,3000
Kerala,Kottayam,Kuruppanthura,Snakeguard,23-08-2025,4800,6000,5000
Kerala,Kottayam,Kuruppanthura,Tapioca,23-08-2025,3000,3500,3500
Kerala,Kottayam,Pampady,Colacasia,23-08-2025,4500,6500,5500
Kerala,Kottayam,Pampady,Cowpea(Veg),23-08-2025,5500,7000,6500
Kerala,Kottayam,Pampady,Elephant Yam (Suran),23-08-2025,5000,7000,6000
Kerala,Kottayam,Pampady,Pumpkin,23-08-2025,2500,4000,3500
Kerala,Kottayam,Pampady,Snakeguard,23-08-2025,4000,6000,5000
Kerala,Kozhikode(Calicut),Kallachi,Amaranthus,23-08-2025,3300,3700,3500
Kerala,Kozhikode(Calicut),Kallachi,Ashgourd,23-08-2025,2400,2800,2600
Kerala,Kozhikode(Calicut),Kallachi,Banana,23-08-2025,4800,5200,5000
Kerala,Kozhikode(Calicut),Kallachi,Banana,23-08-2025,5300,5700,5500
Kerala,Kozhikode(Calicut),Kallachi,Beetroot,23-08-2025,4300,4700,4500
Kerala,Kozhikode(Calicut),Kallachi,Bottle gourd,23-08-2025,3800,4200,4000
Kerala,Kozhikode(Calicut),Kallachi,Onion,23-08-2025,2200,2600,2400
Kerala,Kozhikode(Calicut),Mukkom,Beetroot,23-08-2025,2800,3200,3000
Kerala,Kozhikode(Calicut),Mukkom,Brinjal,23-08-2025,4000,4500,4200
Kerala,Kozhikode(Calicut),Mukkom,Coconut Seed,23-08-2025,6500,7000,6700
Kerala,Kozhikode(Calicut),Mukkom,Grapes,23-08-2025,11000,12500,12000
Kerala,Kozhikode(Calicut),Mukkom,Orange,23-08-2025,13000,14000,13500
Kerala,Kozhikode(Calicut),Mukkom,Tomato,23-08-2025,3200,3500,3300
Kerala,Kozhikode(Calicut),Palayam,Carrot,23-08-2025,5900,5900,5900
Kerala,Kozhikode(Calicut),Palayam,Drumstick,23-08-2025,3000,3000,3000
Kerala,Kozhikode(Calicut),Palayam,Snakeguard,23-08-2025,3500,3500,3500
Kerala,Kozhikode(Calicut),Perambra,Cucumbar(Kheera),23-08-2025,3300,4000,3500
Kerala,Kozhikode(Calicut),Perambra,Ginger(Green),23-08-2025,8000,8500,8200
Kerala,Kozhikode(Calicut),Perambra,Tomato,23-08-2025,5000,5200,5100
Kerala,Kozhikode(Calicut),Quilandy,Ashgourd,23-08-2025,2800,3000,3000
Kerala,Kozhikode(Calicut),Quilandy,Beetroot,23-08-2025,2900,3200,3000
Kerala,Kozhikode(Calicut),Quilandy,Carrot,23-08-2025,6800,7000,7000
Kerala,Kozhikode(Calicut),Quilandy,Green Chilli,23-08-2025,5500,7800,5800
Kerala,Kozhikode(Calicut),Quilandy,Tomato,23-08-2025,4800,5000,5000
Kerala,Malappuram,Kondotty,Amaranthus,23-08-2025,2900,3100,3000
Kerala,Malappuram,Kondotty,Beetroot,23-08-2025,2900,3100,3000
Kerala,Malappuram,Kondotty,Bottle gourd,23-08-2025,3100,3300,3200
Kerala,Malappuram,Kondotty,Brinjal,23-08-2025,3400,3600,3500
Kerala,Malappuram,Kondotty,Cabbage,23-08-2025,1900,2100,2000
Kerala,Malappuram,Kondotty,Cowpea(Veg),23-08-2025,4400,4600,4500
Kerala,Malappuram,Kondotty,Pumpkin,23-08-2025,2700,2900,2800
Kerala,Malappuram,Perinthalmanna,Apple,23-08-2025,14000,21000,15500
Kerala,Malappuram,Perinthalmanna,Ashgourd,23-08-2025,2000,2600,2200
Kerala,Malappuram,Perinthalmanna,Cabbage,23-08-2025,1300,1600,1400
Kerala,Malappuram,Perinthalmanna,Cowpea(Veg),23-08-2025,4000,4800,4500
Kerala,Malappuram,Perinthalmanna,Drumstick,23-08-2025,3500,4000,3800
Kerala,Palakad,Palakkad,Amaranthus,23-08-2025,2000,3000,2600
Kerala,Palakad,Palakkad,Arhar (Tur/Red Gram)(Whole),23-08-2025,10800,12000,11500
Kerala,Palakad,Palakkad,Ashgourd,23-08-2025,1600,2600,2200
Kerala,Palakad,Palakkad,Banana,23-08-2025,3700,5000,4400
Kerala,Palakad,Palakkad,Black Gram (Urd Beans)(Whole),23-08-2025,11000,12500,11800
Kerala,Palakad,Palakkad,Cabbage,23-08-2025,1500,2000,1800
Kerala,Palakad,Palakkad,Capsicum,23-08-2025,7000,8000,7600
Kerala,Palakad,Palakkad,Chili Red,23-08-2025,13500,15500,14600
Kerala,Palakad,Palakkad,Cluster beans,23-08-2025,4500,5500,5100
Kerala,Palakad,Palakkad,Coconut,23-08-2025,6500,6900,6800
Kerala,Palakad,Palakkad,Drumstick,23-08-2025,3200,4000,3700
Kerala,Palakad,Palakkad,Green Chilli,23-08-2025,7000,8000,7600
Kerala,Palakad,Palakkad,Green Gram (Moong)(Whole),23-08-2025,12000,14000,13100
Kerala,Palakad,Palakkad,Lemon,23-08-2025,8000,9000,8600
Kerala,Palakad,Palakkad,Tapioca,23-08-2025,2000,3000,2600
Kerala,Pathanamthitta,KODUMON VFPCK,Amphophalus,23-08-2025,4200,5000,4600
Kerala,Thirssur,Chavakkad,Banana,23-08-2025,5000,6000,6000
Kerala,Thirssur,Chavakkad,Banana,23-08-2025,2800,4000,4000
Kerala,Thirssur,Chavakkad,Bitter gourd,23-08-2025,4000,5600,5600
Kerala,Thirssur,Chavakkad,Coconut,23-08-2025,6500,7500,7500
Kerala,Thirssur,Chavakkad,Cowpea(Veg),23-08-2025,5000,6000,6000
Kerala,Thirssur,Chavakkad,Green Chilli,23-08-2025,6000,8000,8000
Kerala,Thirssur,Chavakkad,Tapioca,23-08-2025,2200,3000,3000
Kerala,Thirssur,KADUKUTTY VFPCK,Banana,23-08-2025,2000,2700,2500
Kerala,Thirssur,Kuzhur  VFPCK,Banana,23-08-2025,2500,5100,4200
Kerala,Thirssur,MALA VFPCK,Banana,23-08-2025,2000,3000,2500
Kerala,Thiruvananthapuram,Attingal,Banana,23-08-2025,2700,3500,3000
Kerala,Thiruvananthapuram,Neyyatinkara,Brinjal,23-08-2025,5400,6000,5700
Kerala,Thiruvananthapuram,Neyyatinkara,Cluster beans,23-08-2025,5400,6000,5700
Kerala,Thiruvananthapuram,Neyyatinkara,Colacasia,23-08-2025,5200,6000,5700
Kerala,Thiruvananthapuram,Neyyatinkara,Green Chilli,23-08-2025,7500,8000,7700
Kerala,Thiruvananthapuram,Parassala,Amaranthus,23-08-2025,6000,6500,6000
Kerala,Thiruvananthapuram,Parassala,Banana,23-08-2025,5800,6000,5800
Kerala,Thiruvananthapuram,Parassala,Banana,23-08-2025,6800,7000,6800
Kerala,Thiruvananthapuram,Parassala,Cabbage,23-08-2025,2800,3000,2800
Kerala,Wayanad,Kalpetta,Bitter gourd,23-08-2025,2300,2400,2400
Kerala,Wayanad,Kalpetta,Black pepper,23-08-2025,66500,67500,67500
Kerala,Wayanad,Kalpetta,Pumpkin,23-08-2025,800,900,900
Kerala,Wayanad,Kalpetta,Rubber,23-08-2025,18200,18300,18300
Kerala,Wayanad,Manathavady,Banana,23-08-2025,2500,2500,2500
Kerala,Wayanad,Manathavady,Ginger(Green),23-08-2025,4050,4100,4100
Kerala,Wayanad,Pulpally,Amaranthus,23-08-2025,2500,2700,2600
Kerala,Wayanad,Pulpally,Cowpea(Veg),23-08-2025,2400,2600,2500
Madhya Pradesh,Badwani,Badwani(F&V),Bitter gourd,23-08-2025,1300,1300,1300
Madhya Pradesh,Badwani,Badwani(F&V),Bottle gourd,23-08-2025,900,900,900
Madhya Pradesh,Badwani,Badwani(F&V),Cluster beans,23-08-2025,1500,1500,1500
Madhya Pradesh,Badwani,Badwani(F&V),Green Chilli,23-08-2025,1200,1200,1200
Madhya Pradesh,Indore,Indore(F&V),Bhindi(Ladies Finger),23-08-2025,600,1500,800
Madhya Pradesh,Indore,Indore(F&V),Carrot,23-08-2025,600,1200,800
Madhya Pradesh,Indore,Indore(F&V),Raddish,23-08-2025,300,600,400
Madhya Pradesh,Sagar,Sagar(F&V),Bhindi(Ladies Finger),23-08-2025,800,1000,900
Madhya Pradesh,Sagar,Sagar(F&V),Brinjal,23-08-2025,600,1000,800
Madhya Pradesh,Sagar,Sagar(F&V),Cauliflower,23-08-2025,600,1000,800
Madhya Pradesh,Sagar,Sagar(F&V),Lemon,23-08-2025,1000,2000,1500
Madhya Pradesh,Sagar,Sagar(F&V),Raddish,23-08-2025,500,700,600
Madhya Pradesh,Shajapur,Kalapipal(F&V),Garlic,23-08-2025,2100,5570,3410
NCT of Delhi,Delhi,Azadpur,Amla(Nelli Kai),23-08-2025,6000,10000,7750
NCT of Delhi,Delhi,Azadpur,Apple,23-08-2025,4000,5500,5000
NCT of Delhi,Delhi,Azadpur,Apple,23-08-2025,7000,9000,8000
NCT of Delhi,Delhi,Azadpur,Beetroot,23-08-2025,1000,2000,1250
NCT of Delhi,Delhi,Azadpur,Green Chilli,23-08-2025,1500,4500,2850
NCT of Delhi,Delhi,Azadpur,Karbuja(Musk Melon),23-08-2025,1000,4000,2125
NCT of Delhi,Delhi,Azadpur,Little gourd (Kundru),23-08-2025,1500,3000,2100
NCT of Delhi,Delhi,Azadpur,Mango,23-08-2025,5000,6333,5833
NCT of Delhi,Delhi,Azadpur,Mango,23-08-2025,5000,8333,7500
NCT of Delhi,Delhi,Azadpur,Mousambi(Sweet Lime),23-08-2025,800,3000,1600
NCT of Delhi,Delhi,Azadpur,Onion Green,23-08-2025,2000,4000,3000
NCT of Delhi,Delhi,Azadpur,Peas Wet,23-08-2025,3000,7000,4750
NCT of Delhi,Delhi,Azadpur,Pointed gourd (Parval),23-08-2025,1000,3000,2250
NCT of Delhi,Delhi,Azadpur,Pumpkin,23-08-2025,400,1000,650
NCT of Delhi,Delhi,Azadpur,Tinda,23-08-2025,2000,4000,3000
NCT of Delhi,Delhi,Azadpur,Water Melon,23-08-2025,1000,2500,1900
NCT of Delhi,Delhi,"Fish,Poultry & Egg Market, Gazipur",Fish,23-08-2025,5000,7000,6000
NCT of Delhi,Delhi,"Fish,Poultry & Egg Market, Gazipur",Fish,23-08-2025,11000,20000,15000
NCT of Delhi,Delhi,"Fish,Poultry & Egg Market, Gazipur",Fish,23-08-2025,8000,14000,10500
NCT of Delhi,Delhi,"Fish,Poultry & Egg Market, Gazipur",Fish,23-08-2025,20000,24000,22000
NCT of Delhi,Delhi,"Fish,Poultry & Egg Market, Gazipur",Fish,23-08-2025,31000,45000,40000
NCT of Delhi,Delhi,Keshopur,Peas Wet,23-08-2025,8000,14000,12000
Odisha,Boudh,Boudh,Onion,23-08-2025,1200,1800,1500
Odisha,Boudh,Khunthabandha,Banana - Green,23-08-2025,2500,4000,3000
Odisha,Boudh,Khunthabandha,Onion,23-08-2025,2500,4000,3000
Odisha,Boudh,Khunthabandha,Pumpkin,23-08-2025,800,1500,1000
Odisha,Gajapati,Kasinagar,Brinjal,23-08-2025,1500,2000,2000
Odisha,Gajapati,Parlakhemundi,Bhindi(Ladies Finger),23-08-2025,800,1000,900
Odisha,Gajapati,Parlakhemundi,Brinjal,23-08-2025,1300,1500,1400
Odisha,Gajapati,Parlakhemundi,Cucumbar(Kheera),23-08-2025,3300,3500,3400
Odisha,Gajapati,Parlakhemundi,Goat,23-08-2025,7000,9000,8000
Punjab,Bhatinda,Bhagta Bhai Ka,Banana,23-08-2025,3400,3400,3400
Punjab,Bhatinda,Bhagta Bhai Ka,Onion,23-08-2025,1700,1700,1700
Punjab,Bhatinda,Raman,Mango,23-08-2025,6025,6525,6275
Punjab,Bhatinda,Raman,Potato,23-08-2025,905,1005,960
Punjab,Bhatinda,Raman,Tomato,23-08-2025,6015,6095,6055
Punjab,Ferozpur,Zira,Brinjal,23-08-2025,1600,2000,1800
Punjab,Ferozpur,Zira,Colacasia,23-08-2025,1800,2200,2000
Punjab,Ferozpur,Zira,Guava,23-08-2025,2200,2600,2400
Punjab,Hoshiarpur,Mukerian(Talwara),Apple,23-08-2025,5000,8000,6500
Punjab,Hoshiarpur,Mukerian(Talwara),Bhindi(Ladies Finger),23-08-2025,2500,3500,3000
Punjab,Hoshiarpur,Mukerian(Talwara),Bitter gourd,23-08-2025,2500,3500,3000
Punjab,Hoshiarpur,Mukerian(Talwara),Brinjal,23-08-2025,2000,3000,2500
Punjab,Hoshiarpur,Mukerian(Talwara),Round gourd,23-08-2025,2000,3000,2500
Punjab,Jalandhar,Bhogpur,Round gourd,23-08-2025,1400,1400,1400
Punjab,Ludhiana,Khanna,Brinjal,23-08-2025,1000,1700,1500
Punjab,Ludhiana,Khanna,Cucumbar(Kheera),23-08-2025,1000,3000,2000
Punjab,Ludhiana,Khanna,Guava,23-08-2025,1000,2500,1500
Punjab,Ludhiana,Khanna,Pumpkin,23-08-2025,400,1000,700
Punjab,Ludhiana,Khanna,Tomato,23-08-2025,2000,3000,2500
Punjab,Ludhiana,Ludhiana,Beetroot,23-08-2025,1000,1800,1300
Punjab,Ludhiana,Ludhiana,Bitter gourd,23-08-2025,1200,2300,1800
Punjab,Ludhiana,Ludhiana,Brinjal,23-08-2025,1000,1800,1500
Punjab,Ludhiana,Ludhiana,Coriander(Leaves),23-08-2025,1500,4000,3000
Punjab,Ludhiana,Ludhiana,Cucumbar(Kheera),23-08-2025,700,1700,1000
Punjab,Ludhiana,Ludhiana,Mousambi(Sweet Lime),23-08-2025,2000,3000,2700
Punjab,Ludhiana,Sahnewal,Potato,23-08-2025,1000,1000,1000
Punjab,Sangrur,Ahmedgarh,Banana,23-08-2025,2500,2600,2600
Punjab,Sangrur,Ahmedgarh,Bhindi(Ladies Finger),23-08-2025,3200,3400,3400
Punjab,Tarntaran,Harike,Capsicum,23-08-2025,600,700,700
Punjab,Tarntaran,Patti,Bitter gourd,23-08-2025,4000,5000,4500
Punjab,Tarntaran,Patti,Brinjal,23-08-2025,2400,3000,2600
Punjab,Tarntaran,Patti,Pear(Marasebu),23-08-2025,3500,4000,3800
Punjab,Tarntaran,Tarantaran,French Beans (Frasbean),23-08-2025,4000,5500,5000
Punjab,Tarntaran,Tarantaran,Green Chilli,23-08-2025,3000,3600,3500
Rajasthan,Anupgarh,Rawla,Guar,23-08-2025,4700,4935,4818
Rajasthan,Beawar,Vijaynagar,Tomato,23-08-2025,300,550,450
Rajasthan,Churu,Sadulpur,Bajra(Pearl Millet/Cumbu),23-08-2025,2200,2300,2250
Rajasthan,Ganganagar,Sriganganagar (F&V),Green Peas,23-08-2025,7800,8200,8000
Rajasthan,Ganganagar,Sriganganagar (F&V),Sponge gourd,23-08-2025,1500,1900,1700
Rajasthan,Hanumangarh,Bhadara,Potato,23-08-2025,1000,1200,1111
Rajasthan,Jaipur Rural,Bassi,Tomato,23-08-2025,6500,7000,6750
Rajasthan,Jhalawar,Khanpur,Garlic,23-08-2025,2000,10100,5950
Rajasthan,Jhalawar,Khanpur,Wheat,23-08-2025,2600,2695,2695
Telangana,Adilabad,Bhainsa,Arhar (Tur/Red Gram)(Whole),23-08-2025,6425,6425,6425
Telangana,Hyderabad,Gudimalkapur,Astera,23-08-2025,120,160,140
Telangana,Hyderabad,Gudimalkapur,Lilly,23-08-2025,10,20,15
Telangana,Ranga Reddy,Chevella,Green Chilli,23-08-2025,8000,8000,8000
Telangana,Warangal,Warangal,Bhindi(Ladies Finger),23-08-2025,1600,2000,1800
Telangana,Warangal,Warangal,Cauliflower,23-08-2025,4000,4500,4250
Telangana,Warangal,Warangal,Green Chilli,23-08-2025,2600,3000,2800
Telangana,Warangal,Warangal,Mousambi(Sweet Lime),23-08-2025,2000,2000,2000
Tripura,North Tripura,Dasda,Potato,23-08-2025,1700,1900,1800
Tripura,South District,Barpathari,Bhindi(Ladies Finger),23-08-2025,3900,4100,4000
Uttar Pradesh,Agra,Achnera,Bajra(Pearl Millet/Cumbu),23-08-2025,2220,2300,2260
Uttar Pradesh,Agra,Achnera,Bhindi(Ladies Finger),23-08-2025,1450,1550,1500
Uttar Pradesh,Agra,Achnera,Green Gram (Moong)(Whole),23-08-2025,8700,8800,8750
Uttar Pradesh,Agra,Achnera,Gur(Jaggery),23-08-2025,4300,4340,4320
Uttar Pradesh,Agra,Achnera,Onion,23-08-2025,1470,1550,1510
Uttar Pradesh,Agra,Agra,Bengal Gram(Gram)(Whole),23-08-2025,6450,6720,6560
Uttar Pradesh,Agra,Agra,Bhindi(Ladies Finger),23-08-2025,1450,1650,1540
Uttar Pradesh,Agra,Agra,Bottle gourd,23-08-2025,1450,1700,1550
Uttar Pradesh,Agra,Agra,Cabbage,23-08-2025,1450,1700,1550
Uttar Pradesh,Agra,Agra,Cauliflower,23-08-2025,3000,3300,3100
Uttar Pradesh,Agra,Agra,Garlic,23-08-2025,5300,6500,5850
Uttar Pradesh,Agra,Agra,Mousambi(Sweet Lime),23-08-2025,2850,3300,3020
Uttar Pradesh,Agra,Agra,Pumpkin,23-08-2025,1050,1300,1150
Uttar Pradesh,Agra,Agra,Raddish,23-08-2025,2000,2200,2080
Uttar Pradesh,Agra,Agra,Sponge gourd,23-08-2025,1500,1800,1700
Uttar Pradesh,Agra,Agra,Tomato,23-08-2025,3600,4200,3950
Uttar Pradesh,Aligarh,Aligarh,Banana,23-08-2025,2550,2700,2620
Uttar Pradesh,Aligarh,Aligarh,Bhindi(Ladies Finger),23-08-2025,1400,1500,1440
Uttar Pradesh,Aligarh,Aligarh,Capsicum,23-08-2025,4860,5000,4920
Uttar Pradesh,Aligarh,Aligarh,Cauliflower,23-08-2025,2950,3050,3000
Uttar Pradesh,Aligarh,Aligarh,Guava,23-08-2025,1900,2000,1950
Uttar Pradesh,Aligarh,Aligarh,Gur(Jaggery),23-08-2025,4500,4600,4550
Uttar Pradesh,Aligarh,Aligarh,Mustard,23-08-2025,6720,6840,6800
Uttar Pradesh,Aligarh,Aligarh,Onion,23-08-2025,1300,1400,1350
Uttar Pradesh,Aligarh,Aligarh,Papaya,23-08-2025,2650,2800,2720
Uttar Pradesh,Aligarh,Aligarh,Raddish,23-08-2025,1800,1990,1850
Uttar Pradesh,Aligarh,Atrauli,Colacasia,23-08-2025,1800,1900,1850
Uttar Pradesh,Aligarh,Atrauli,Maize,23-08-2025,1900,2000,1950
Uttar Pradesh,Aligarh,Charra,Bajra(Pearl Millet/Cumbu),23-08-2025,2100,2200,2150
Uttar Pradesh,Aligarh,Charra,Pumpkin,23-08-2025,600,800,700
Uttar Pradesh,Aligarh,Khair,Bitter gourd,23-08-2025,1800,2200,2000
Uttar Pradesh,Aligarh,Khair,Cucumbar(Kheera),23-08-2025,1400,1800,1600
Uttar Pradesh,Aligarh,Khair,Garlic,23-08-2025,2800,3500,3000
Uttar Pradesh,Aligarh,Khair,Green Chilli,23-08-2025,2400,3000,2800
Uttar Pradesh,Ambedkarnagar,Akbarpur,Arhar Dal(Tur Dal),23-08-2025,9850,10250,10150
Uttar Pradesh,Ambedkarnagar,Akbarpur,Bengal Gram(Gram)(Whole),23-08-2025,6400,6550,6420
Uttar Pradesh,Ambedkarnagar,Akbarpur,Garlic,23-08-2025,6300,6380,6340
Uttar Pradesh,Ambedkarnagar,Akbarpur,Mustard Oil,23-08-2025,14500,14750,14650
Uttar Pradesh,Ambedkarnagar,Akbarpur,Potato,23-08-2025,1100,1220,1150
Uttar Pradesh,Ambedkarnagar,Akbarpur,Rice,23-08-2025,3200,3300,3220
Uttar Pradesh,Ambedkarnagar,Akbarpur,Wheat,23-08-2025,2500,2580,2560
Uttar Pradesh,Ambedkarnagar,Akbarpur,White Peas,23-08-2025,4000,4150,4100
Uttar Pradesh,Amethi,Sultanpur,Banana - Green,23-08-2025,1780,1835,1800
Uttar Pradesh,Amethi,Sultanpur,Capsicum,23-08-2025,5600,5650,5625
Uttar Pradesh,Amethi,Sultanpur,Jack Fruit,23-08-2025,1630,1685,1650
Uttar Pradesh,Amethi,Sultanpur,Mousambi(Sweet Lime),23-08-2025,3380,3480,3400
Uttar Pradesh,Amethi,Sultanpur,Potato,23-08-2025,900,950,925
Uttar Pradesh,Amethi,Sultanpur,Rice,23-08-2025,3250,3345,3300
Uttar Pradesh,Amroha,Amroha,Bitter gourd,23-08-2025,2500,2600,2550
Uttar Pradesh,Amroha,Amroha,Green Chilli,23-08-2025,4550,4650,4600
Uttar Pradesh,Amroha,Amroha,Mousambi(Sweet Lime),23-08-2025,3250,3350,3300
Uttar Pradesh,Amroha,Amroha,Papaya,23-08-2025,2700,2850,2800
Uttar Pradesh,Amroha,Hasanpur,Ginger(Green),23-08-2025,2100,3000,2520
Uttar Pradesh,Amroha,Hasanpur,Guava,23-08-2025,1810,2000,1850
Uttar Pradesh,Amroha,Hasanpur,Lemon,23-08-2025,2100,3000,2520
Uttar Pradesh,Amroha,Hasanpur,Onion,23-08-2025,1000,1200,1100
Uttar Pradesh,Auraiya,Achalda,Banana,23-08-2025,2700,2800,2750
Uttar Pradesh,Auraiya,Achalda,Onion,23-08-2025,1400,1520,1480
Uttar Pradesh,Auraiya,Auraiya,Banana,23-08-2025,2650,2875,2770
Uttar Pradesh,Auraiya,Auraiya,Brinjal,23-08-2025,1530,1710,1625
Uttar Pradesh,Auraiya,Auraiya,Cabbage,23-08-2025,2055,2300,2200
Uttar Pradesh,Auraiya,Auraiya,Onion,23-08-2025,1365,1570,1475
Uttar Pradesh,Auraiya,Dibiapur,Cauliflower,23-08-2025,1400,1575,1500
Uttar Pradesh,Auraiya,Dibiapur,Green Chilli,23-08-2025,2700,2900,2800
Uttar Pradesh,Auraiya,Dibiapur,Pumpkin,23-08-2025,900,1100,1000
Uttar Pradesh,Auraiya,Dibiapur,Spinach,23-08-2025,600,775,700
Uttar Pradesh,Auraiya,Dibiapur,Sponge gourd,23-08-2025,1500,1675,1600
Uttar Pradesh,Auraiya,Dibiapur,Tomato,23-08-2025,1700,1875,1800
Uttar Pradesh,Ayodhya,Faizabad,Banana,23-08-2025,2750,2900,2830
Uttar Pradesh,Ayodhya,Faizabad,Bottle gourd,23-08-2025,1720,1800,1750
Uttar Pradesh,Ayodhya,Faizabad,Garlic,23-08-2025,6270,6500,6350
Uttar Pradesh,Ayodhya,Faizabad,Onion,23-08-2025,1410,1530,1450
Uttar Pradesh,Ayodhya,Faizabad,Paddy(Dhan)(Common),23-08-2025,2000,2095,2050
Uttar Pradesh,Ayodhya,Faizabad,Wheat,23-08-2025,2400,2490,2460
Uttar Pradesh,Ayodhya,Rudauli,Apple,23-08-2025,9700,9990,9850
Uttar Pradesh,Ayodhya,Rudauli,Cucumbar(Kheera),23-08-2025,2100,2200,2150
Uttar Pradesh,Ayodhya,Rudauli,Pumpkin,23-08-2025,2550,2650,2600
Uttar Pradesh,Ayodhya,Rudauli,Sponge gourd,23-08-2025,2400,2600,2500
Uttar Pradesh,Azamgarh,Azamgarh,Banana - Green,23-08-2025,1600,1750,1670
Uttar Pradesh,Azamgarh,Azamgarh,Green Chilli,23-08-2025,4800,4950,4875
Uttar Pradesh,Azamgarh,Azamgarh,Potato,23-08-2025,990,1150,1065
Uttar Pradesh,Badaun,Badayoun,Apple,23-08-2025,6900,7400,7300
Uttar Pradesh,Badaun,Badayoun,Banana - Green,23-08-2025,1760,1880,1800
Uttar Pradesh,Badaun,Badayoun,Bhindi(Ladies Finger),23-08-2025,1700,1850,1780
Uttar Pradesh,Badaun,Badayoun,Bitter gourd,23-08-2025,2250,2400,2300
Uttar Pradesh,Badaun,Badayoun,Cabbage,23-08-2025,1610,1730,1660
Uttar Pradesh,Badaun,Badayoun,Onion,23-08-2025,1240,1350,1290
Uttar Pradesh,Badaun,Badayoun,Tomato,23-08-2025,3900,4000,3950
Uttar Pradesh,Badaun,Badayoun,Wheat,23-08-2025,2460,2570,2500
Uttar Pradesh,Badaun,Shahaswan,Banana - Green,23-08-2025,1500,1700,1600
Uttar Pradesh,Badaun,Shahaswan,Brinjal,23-08-2025,950,1100,1000
Uttar Pradesh,Badaun,Visoli,Potato,23-08-2025,650,650,650
Uttar Pradesh,Badaun,Wazirganj,Apple,23-08-2025,7300,7350,7325
Uttar Pradesh,Badaun,Wazirganj,Brinjal,23-08-2025,1675,1750,1700
Uttar Pradesh,Badaun,Wazirganj,Cucumbar(Kheera),23-08-2025,1925,2000,1950
Uttar Pradesh,Baghpat,Bagpat,Bhindi(Ladies Finger),23-08-2025,1500,1700,1600
Uttar Pradesh,Baghpat,Bagpat,Bottle gourd,23-08-2025,1100,1300,1200
Uttar Pradesh,Baghpat,Baraut,Cauliflower,23-08-2025,3500,3600,3550
Uttar Pradesh,Baghpat,Baraut,Green Gram Dal (Moong Dal),23-08-2025,9600,9800,9700
Uttar Pradesh,Baghpat,Baraut,Onion,23-08-2025,1350,1475,1410
Uttar Pradesh,Baghpat,Baraut,Papaya,23-08-2025,2700,2850,2785
Uttar Pradesh,Baghpat,Baraut,Potato,23-08-2025,900,1200,1050
Uttar Pradesh,Baghpat,Baraut,Potato,23-08-2025,800,1000,900
Uttar Pradesh,Baghpat,Baraut,Rice,23-08-2025,3200,3400,3325
Uttar Pradesh,Baghpat,Baraut,Sugar,23-08-2025,4200,4200,4200
Uttar Pradesh,Baghpat,Khekda,Bhindi(Ladies Finger),23-08-2025,1700,1900,1800
Uttar Pradesh,Baghpat,Khekda,Brinjal,23-08-2025,1800,2100,2000
Uttar Pradesh,Bahraich,Bahraich,Apple,23-08-2025,6800,7250,7000
Uttar Pradesh,Bahraich,Bahraich,Bengal Gram Dal (Chana Dal),23-08-2025,7500,7750,7650
Uttar Pradesh,Bahraich,Bahraich,Black Gram (Urd Beans)(Whole),23-08-2025,8750,9000,8880
Uttar Pradesh,Bahraich,Bahraich,Cauliflower,23-08-2025,3400,3600,3500
Uttar Pradesh,Bahraich,Bahraich,Pomegranate,23-08-2025,6300,6750,6500
Uttar Pradesh,Bahraich,Bahraich,Sponge gourd,23-08-2025,2100,2300,2200
Uttar Pradesh,Bahraich,Bahraich,Tomato,23-08-2025,4100,4400,4250
Uttar Pradesh,Bahraich,Naanpara,Maize,23-08-2025,2100,2180,2140
Uttar Pradesh,Bahraich,Naanpara,Wheat,23-08-2025,2400,2450,2425
Uttar Pradesh,Ballia,Ballia,Brinjal,23-08-2025,1750,1820,1780
Uttar Pradesh,Ballia,Ballia,Ginger(Green),23-08-2025,3720,3800,3760
Uttar Pradesh,Ballia,Ballia,Mousambi(Sweet Lime),23-08-2025,3560,3670,3615
Uttar Pradesh,Ballia,Ballia,Pomegranate,23-08-2025,6700,6840,6760
Uttar Pradesh,Ballia,Ballia,Wheat,23-08-2025,2510,2550,2530
Uttar Pradesh,Ballia,Rasda,Apple,23-08-2025,9055,9200,9125
Uttar Pradesh,Ballia,Rasda,Green Chilli,23-08-2025,4875,5000,4925
Uttar Pradesh,Ballia,Rasda,Potato,23-08-2025,980,1125,1060
Uttar Pradesh,Ballia,Vilthararoad,Banana,23-08-2025,1800,1900,1850
Uttar Pradesh,Ballia,Vilthararoad,Onion,23-08-2025,1600,1700,1650
Uttar Pradesh,Ballia,Vilthararoad,Wheat,23-08-2025,2600,2700,2650
Uttar Pradesh,Balrampur,Balrampur,Arhar Dal(Tur Dal),23-08-2025,9600,9800,9700
Uttar Pradesh,Balrampur,Balrampur,Black Gram (Urd Beans)(Whole),23-08-2025,8800,9000,8900
Uttar Pradesh,Balrampur,Balrampur,Lentil (Masur)(Whole),23-08-2025,7150,7360,7250
Uttar Pradesh,Balrampur,Tulsipur,Bottle gourd,23-08-2025,1520,1570,1550
Uttar Pradesh,Balrampur,Tulsipur,Tomato,23-08-2025,4025,4075,4050
Uttar Pradesh,Banda,Banda,Apple,23-08-2025,7600,7800,7700
Uttar Pradesh,Banda,Banda,Banana,23-08-2025,2150,2310,2230
Uttar Pradesh,Banda,Banda,Bitter gourd,23-08-2025,2575,2775,2675
Uttar Pradesh,Banda,Banda,Cauliflower,23-08-2025,3100,3265,3180
Uttar Pradesh,Banda,Banda,Rice,23-08-2025,3220,3385,3300
Uttar Pradesh,Barabanki,Barabanki,Bitter gourd,23-08-2025,2350,2450,2400
Uttar Pradesh,Barabanki,Barabanki,Brinjal,23-08-2025,1790,1890,1840
Uttar Pradesh,Barabanki,Barabanki,Cucumbar(Kheera),23-08-2025,2110,2210,2160
Uttar Pradesh,Barabanki,Barabanki,Ginger(Green),23-08-2025,4100,4200,4150
Uttar Pradesh,Barabanki,Barabanki,Green Chilli,23-08-2025,4800,4900,4850
Uttar Pradesh,Barabanki,Barabanki,Papaya,23-08-2025,2760,2860,2810
Uttar Pradesh,Barabanki,Barabanki,Pomegranate,23-08-2025,6700,6800,6750
Uttar Pradesh,Barabanki,Barabanki,Rice,23-08-2025,3380,3440,3410
Uttar Pradesh,Barabanki,Barabanki,Tomato,23-08-2025,4120,4220,4170
Uttar Pradesh,Barabanki,Safdarganj,Papaya,23-08-2025,2800,2900,2850
Uttar Pradesh,Barabanki,Safdarganj,Wheat,23-08-2025,2500,2600,2550
Uttar Pradesh,Bareilly,Anwala,Green Chilli,23-08-2025,3000,4000,3500
Uttar Pradesh,Bareilly,Anwala,Ridgeguard(Tori),23-08-2025,1200,1500,1400
Uttar Pradesh,Bareilly,Anwala,Tomato,23-08-2025,3000,4000,3500
Uttar Pradesh,Bareilly,Bareilly,Banana,23-08-2025,2765,2830,2800
Uttar Pradesh,Bareilly,Bareilly,Bengal Gram(Gram)(Whole),23-08-2025,6625,6720,6675
Uttar Pradesh,Bareilly,Bareilly,Black Gram Dal (Urd Dal),23-08-2025,10050,10150,10100
Uttar Pradesh,Bareilly,Bareilly,Cucumbar(Kheera),23-08-2025,2030,2075,2050
Uttar Pradesh,Bareilly,Bareilly,Paddy(Dhan)(Common),23-08-2025,2100,2200,2150
Uttar Pradesh,Bareilly,Bareilly,Potato,23-08-2025,970,1025,1000
Uttar Pradesh,Bareilly,Bareilly,Rice,23-08-2025,3380,3480,3430
Uttar Pradesh,Bareilly,Bareilly,Tomato,23-08-2025,4065,4130,4100
Uttar Pradesh,Basti,Basti,Apple,23-08-2025,8460,8660,8560
Uttar Pradesh,Basti,Basti,Gur(Jaggery),23-08-2025,4425,4525,4475
Uttar Pradesh,Basti,Basti,Paddy(Dhan)(Common),23-08-2025,2215,2300,2285
Uttar Pradesh,Basti,Basti,Pomegranate,23-08-2025,6675,6875,6775
Uttar Pradesh,Basti,Basti,Rice,23-08-2025,3225,3325,3275
Uttar Pradesh,Bijnor,Bijnaur,Bottle gourd,23-08-2025,1230,1300,1260
Uttar Pradesh,Bijnor,Chaandpur,Potato,23-08-2025,1100,1300,1200
Uttar Pradesh,Bijnor,Chaandpur,Tomato,23-08-2025,2400,2600,2500
Uttar Pradesh,Bijnor,Kiratpur,Bottle gourd,23-08-2025,1500,1600,1550
Uttar Pradesh,Bijnor,Kiratpur,Tomato,23-08-2025,4100,4200,4150
Uttar Pradesh,Bulandshahar,Buland Shahr,Apple,23-08-2025,8600,9000,8840
Uttar Pradesh,Bulandshahar,Buland Shahr,Mustard Oil,23-08-2025,15500,16000,15800
Uttar Pradesh,Bulandshahar,Buland Shahr,Papaya,23-08-2025,2600,2880,2780
Uttar Pradesh,Bulandshahar,Buland Shahr,Rice,23-08-2025,3250,3400,3300
Uttar Pradesh,Bulandshahar,Buland Shahr,Tomato,23-08-2025,4000,4200,4100
Uttar Pradesh,Bulandshahar,Buland Shahr,Wheat,23-08-2025,2570,2610,2590
Uttar Pradesh,Bulandshahar,Divai,Bhindi(Ladies Finger),23-08-2025,1100,1300,1200
Uttar Pradesh,Bulandshahar,Divai,Maize,23-08-2025,2225,2235,2230
Uttar Pradesh,Bulandshahar,Divai,Onion,23-08-2025,1200,1400,1300
Uttar Pradesh,Bulandshahar,Gulavati,Bottle gourd,23-08-2025,1000,1200,1100
Uttar Pradesh,Bulandshahar,Gulavati,Potato,23-08-2025,1200,1400,1300
Uttar Pradesh,Bulandshahar,Jahangirabad,Banana - Green,23-08-2025,1690,1888,1780
Uttar Pradesh,Bulandshahar,Jahangirabad,Bitter gourd,23-08-2025,2405,2590,2495
Uttar Pradesh,Bulandshahar,Jahangirabad,Colacasia,23-08-2025,1800,1990,1885
Uttar Pradesh,Bulandshahar,Jahangirabad,Cucumbar(Kheera),23-08-2025,1800,1980,1890
Uttar Pradesh,Bulandshahar,Jahangirabad,Gur(Jaggery),23-08-2025,4210,4400,4305
Uttar Pradesh,Bulandshahar,Jahangirabad,Pumpkin,23-08-2025,1310,1500,1405
Uttar Pradesh,Bulandshahar,Khurja,Wheat,23-08-2025,2540,2640,2590
Uttar Pradesh,Bulandshahar,Sikarpur,Cauliflower,23-08-2025,4800,5000,4900
Uttar Pradesh,Bulandshahar,Sikarpur,Cucumbar(Kheera),23-08-2025,2800,3000,2900
Uttar Pradesh,Bulandshahar,Sikarpur,Green Chilli,23-08-2025,4800,5000,4900
Uttar Pradesh,Bulandshahar,Sikarpur,Sponge gourd,23-08-2025,1400,1500,1450
Uttar Pradesh,Chandauli,Chandoli,Bhindi(Ladies Finger),23-08-2025,1650,1750,1700
Uttar Pradesh,Chandauli,Chandoli,Potato,23-08-2025,1030,1130,1080
Uttar Pradesh,Deoria,Devariya,Apple,23-08-2025,8510,8530,8520
Uttar Pradesh,Deoria,Devariya,White Peas,23-08-2025,4200,4225,4215
Uttar Pradesh,Etah,Etah,Apple,23-08-2025,8000,9000,8500
Uttar Pradesh,Etah,Etah,Banana,23-08-2025,2500,2700,2700
Uttar Pradesh,Etah,Etah,Bottle gourd,23-08-2025,1000,1500,1360
Uttar Pradesh,Etah,Etah,Garlic,23-08-2025,5000,6000,5850
Uttar Pradesh,Etah,Etah,Onion,23-08-2025,1200,1500,1375
Uttar Pradesh,Etah,Etah,Pomegranate,23-08-2025,6000,7000,6800
Uttar Pradesh,Etawah,Bharthna,Banana,23-08-2025,2650,3050,2850
Uttar Pradesh,Etawah,Bharthna,Bengal Gram Dal (Chana Dal),23-08-2025,7560,7960,7760
Uttar Pradesh,Etawah,Bharthna,Mustard Oil,23-08-2025,14250,14450,14350
Uttar Pradesh,Etawah,Bharthna,Onion,23-08-2025,1370,1570,1470
Uttar Pradesh,Etawah,Etawah,Arhar Dal(Tur Dal),23-08-2025,10300,10600,10500
Uttar Pradesh,Etawah,Etawah,Bhindi(Ladies Finger),23-08-2025,850,1150,1050
Uttar Pradesh,Etawah,Etawah,Bottle gourd,23-08-2025,850,1150,1050
Uttar Pradesh,Etawah,Etawah,Cucumbar(Kheera),23-08-2025,1450,1750,1650
Uttar Pradesh,Etawah,Etawah,Mustard,23-08-2025,6950,7150,7075
Uttar Pradesh,Etawah,Etawah,Pomegranate,23-08-2025,4800,5100,5000
Uttar Pradesh,Etawah,Etawah,Raddish,23-08-2025,1700,2000,1900
Uttar Pradesh,Etawah,Etawah,Sponge gourd,23-08-2025,1450,1750,1650
Uttar Pradesh,Etawah,Jasvantnagar,Banana,23-08-2025,2760,2860,2810
Uttar Pradesh,Etawah,Jasvantnagar,Cabbage,23-08-2025,2020,2120,2070
Uttar Pradesh,Etawah,Jasvantnagar,Sponge gourd,23-08-2025,1620,1720,1670
Uttar Pradesh,Farukhabad,Farukhabad,Apple,23-08-2025,7400,7650,7500
Uttar Pradesh,Farukhabad,Farukhabad,Green Chilli,23-08-2025,4300,4500,4400
Uttar Pradesh,Farukhabad,Farukhabad,Groundnut,23-08-2025,6700,6800,6783
Uttar Pradesh,Farukhabad,Farukhabad,Pomegranate,23-08-2025,5500,5700,5600
Uttar Pradesh,Farukhabad,Farukhabad,Tomato,23-08-2025,3900,4100,3975
Uttar Pradesh,Farukhabad,Kayamganj,Apple,23-08-2025,7450,7600,7550
Uttar Pradesh,Farukhabad,Kayamganj,Bhindi(Ladies Finger),23-08-2025,1400,1525,1475
Uttar Pradesh,Farukhabad,Mohamadabad,Bottle gourd,23-08-2025,1100,1300,1200
Uttar Pradesh,Farukhabad,Mohamadabad,Green Gram Dal (Moong Dal),23-08-2025,9650,9850,9750
Uttar Pradesh,Farukhabad,Mohamadabad,Potato,23-08-2025,780,980,880
Uttar Pradesh,Fatehpur,Fatehpur,Bottle gourd,23-08-2025,1500,1650,1575
Uttar Pradesh,Fatehpur,Fatehpur,Colacasia,23-08-2025,1800,1915,1860
Uttar Pradesh,Fatehpur,Fatehpur,Ginger(Green),23-08-2025,3900,4100,4000
Uttar Pradesh,Fatehpur,Fatehpur,Gur(Jaggery),23-08-2025,4270,4500,4380
Uttar Pradesh,Fatehpur,Fatehpur,Tomato,23-08-2025,4000,4200,4110
Uttar Pradesh,Fatehpur,Khaga,Apple,23-08-2025,8425,8700,8600
Uttar Pradesh,Fatehpur,Khaga,Bhindi(Ladies Finger),23-08-2025,1700,1820,1770
Uttar Pradesh,Fatehpur,Khaga,Pumpkin,23-08-2025,1485,1610,1540
Uttar Pradesh,Fatehpur,Khaga,Wheat,23-08-2025,2510,2575,2540
Uttar Pradesh,Firozabad,Firozabad,Bhindi(Ladies Finger),23-08-2025,1350,1580,1460
Uttar Pradesh,Firozabad,Firozabad,Black Gram Dal (Urd Dal),23-08-2025,9650,9860,9770
Uttar Pradesh,Firozabad,Firozabad,Green Gram Dal (Moong Dal),23-08-2025,9450,9685,9570
Uttar Pradesh,Firozabad,Firozabad,Gur(Jaggery),23-08-2025,4240,4400,4325
Uttar Pradesh,Firozabad,Firozabad,Pomegranate,23-08-2025,5900,6300,6175
Uttar Pradesh,Firozabad,Firozabad,Pumpkin,23-08-2025,960,1150,1075
Uttar Pradesh,Firozabad,Sirsaganj,Onion,23-08-2025,1000,1200,1100
Uttar Pradesh,Firozabad,Tundla,Barley (Jau),23-08-2025,2325,2375,2350
Uttar Pradesh,Firozabad,Tundla,Gur(Jaggery),23-08-2025,4065,4125,4100
Uttar Pradesh,Firozabad,Tundla,Rice,23-08-2025,3525,3565,3540
Uttar Pradesh,Gautam Budh Nagar,Dadri,Apple,23-08-2025,8400,8800,8600
Uttar Pradesh,Gautam Budh Nagar,Dadri,Arhar Dal(Tur Dal),23-08-2025,10000,10500,10250
Uttar Pradesh,Gautam Budh Nagar,Dadri,Bottle gourd,23-08-2025,1350,1560,1450
Uttar Pradesh,Gautam Budh Nagar,Dadri,Brinjal,23-08-2025,1600,1800,1700
Uttar Pradesh,Gautam Budh Nagar,Dadri,Onion,23-08-2025,1300,1550,1410
Uttar Pradesh,Gautam Budh Nagar,Dadri,Tomato,23-08-2025,3800,4050,3900
Uttar Pradesh,Ghaziabad,Ghaziabad,Bhindi(Ladies Finger),23-08-2025,1630,1710,1670
Uttar Pradesh,Ghaziabad,Ghaziabad,Black Gram (Urd Beans)(Whole),23-08-2025,8700,8800,8750
Uttar Pradesh,Ghaziabad,Ghaziabad,Black Gram (Urd Beans)(Whole),23-08-2025,8500,8600,8550
Uttar Pradesh,Ghaziabad,Ghaziabad,Brinjal,23-08-2025,1700,1800,1750
Uttar Pradesh,Ghaziabad,Ghaziabad,Garlic,23-08-2025,6250,6350,6300
Uttar Pradesh,Ghaziabad,Ghaziabad,Green Gram Dal (Moong Dal),23-08-2025,9650,9750,9700
Uttar Pradesh,Ghaziabad,Ghaziabad,Maize,23-08-2025,2340,2360,2350
Uttar Pradesh,Ghaziabad,Ghaziabad,Mousambi(Sweet Lime),23-08-2025,3400,3600,3500
Uttar Pradesh,Ghaziabad,Ghaziabad,Onion,23-08-2025,1360,1460,1410
Uttar Pradesh,Ghaziabad,Ghaziabad,Pomegranate,23-08-2025,7100,7300,7200
Uttar Pradesh,Ghaziabad,Ghaziabad,Pumpkin,23-08-2025,1380,1480,1430
Uttar Pradesh,Ghaziabad,Ghaziabad,Rice,23-08-2025,3300,3500,3400
Uttar Pradesh,Ghaziabad,Hapur,Arhar Dal(Tur Dal),23-08-2025,10000,10800,10200
Uttar Pradesh,Ghaziabad,Hapur,Potato,23-08-2025,1000,1100,1060
Uttar Pradesh,Ghaziabad,Hapur,Pumpkin,23-08-2025,1400,1500,1470
Uttar Pradesh,Ghazipur,Gazipur,Bitter gourd,23-08-2025,2370,2430,2400
Uttar Pradesh,Ghazipur,Gazipur,Black Gram Dal (Urd Dal),23-08-2025,10160,10210,10190
Uttar Pradesh,Ghazipur,Gazipur,Green Gram Dal (Moong Dal),23-08-2025,9720,9780,9750
Uttar Pradesh,Ghazipur,Gazipur,Masur Dal,23-08-2025,7720,7770,7740
Uttar Pradesh,Ghazipur,Gazipur,Mousambi(Sweet Lime),23-08-2025,3530,3580,3550
Uttar Pradesh,Ghazipur,Gazipur,Tomato,23-08-2025,4020,4080,4050
Uttar Pradesh,Ghazipur,Gazipur,Wheat,23-08-2025,2525,2570,2550
Uttar Pradesh,Gonda,Gonda,Banana,23-08-2025,2950,3250,3100
Uttar Pradesh,Gonda,Gonda,Bengal Gram(Gram)(Whole),23-08-2025,6770,6825,6800
Uttar Pradesh,Gonda,Gonda,Bitter gourd,23-08-2025,3770,3900,3800
Uttar Pradesh,Gonda,Gonda,Brinjal,23-08-2025,2380,2600,2400
Uttar Pradesh,Gonda,Gonda,Jack Fruit,23-08-2025,1600,1800,1700
Uttar Pradesh,Gonda,Gonda,White Peas,23-08-2025,4230,4315,4270
Uttar Pradesh,Gonda,Nawabganj,Brinjal,23-08-2025,2050,2150,2100
Uttar Pradesh,Gonda,Nawabganj,Ginger(Green),23-08-2025,4100,4300,4200
Uttar Pradesh,Gonda,Nawabganj,Lentil (Masur)(Whole),23-08-2025,7300,7500,7400
Uttar Pradesh,Gonda,Nawabganj,Pumpkin,23-08-2025,1750,1850,1800
Uttar Pradesh,Gorakhpur,Gorakhpur,Bitter gourd,23-08-2025,2150,2325,2225
Uttar Pradesh,Gorakhpur,Gorakhpur,Cucumbar(Kheera),23-08-2025,2025,2200,2100
Uttar Pradesh,Gorakhpur,Gorakhpur,Paddy(Dhan)(Common),23-08-2025,2200,2250,2225
Uttar Pradesh,Gorakhpur,Gorakhpur,White Peas,23-08-2025,4175,4225,4200
Uttar Pradesh,Hamirpur,Raath,Wheat,23-08-2025,2400,2450,2425
Uttar Pradesh,Hardoi,Hardoi,Black Gram Dal (Urd Dal),23-08-2025,10100,10160,10145
Uttar Pradesh,Hardoi,Hardoi,Brinjal,23-08-2025,1650,1700,1675
Uttar Pradesh,Hardoi,Hardoi,Gur(Jaggery),23-08-2025,3970,4030,4010
Uttar Pradesh,Hardoi,Hardoi,Lemon,23-08-2025,4000,4100,4050
Uttar Pradesh,Hardoi,Hardoi,Mustard,23-08-2025,6650,6710,6680
Uttar Pradesh,Hardoi,Hardoi,Ridgeguard(Tori),23-08-2025,1650,1690,1670
Uttar Pradesh,Hardoi,Madhoganj,Potato,23-08-2025,1100,1170,1135
Uttar Pradesh,Hardoi,Sandi,Brinjal,23-08-2025,1650,1710,1675
Uttar Pradesh,Hardoi,Sandi,Maize,23-08-2025,2180,2270,2230
Uttar Pradesh,Hardoi,Sandi,Paddy(Dhan)(Common),23-08-2025,2170,2280,2260
Uttar Pradesh,Hardoi,Sandi,Potato,23-08-2025,1100,1150,1125
Uttar Pradesh,Hardoi,Sandila,Bengal Gram(Gram)(Whole),23-08-2025,6580,6670,6630
Uttar Pradesh,Hardoi,Sandila,Bottle gourd,23-08-2025,1580,1660,1620
Uttar Pradesh,Hardoi,Sandila,Garlic,23-08-2025,6200,6300,6250
Uttar Pradesh,Hardoi,Sandila,Paddy(Dhan)(Common),23-08-2025,2170,2320,2270
Uttar Pradesh,Hardoi,Sandila,Tomato,23-08-2025,3780,3870,3830
Uttar Pradesh,Hathras,Haathras,Banana,23-08-2025,2450,2650,2560
Uttar Pradesh,Hathras,Haathras,Bhindi(Ladies Finger),23-08-2025,1300,1500,1420
Uttar Pradesh,Hathras,Haathras,Black Gram (Urd Beans)(Whole),23-08-2025,8800,8900,8850
Uttar Pradesh,Hathras,Haathras,Bottle gourd,23-08-2025,1350,1550,1470
Uttar Pradesh,Hathras,Haathras,Mousambi(Sweet Lime),23-08-2025,3300,3500,3450
Uttar Pradesh,Jalaun (Orai),Jalaun,Lentil (Masur)(Whole),23-08-2025,6050,6120,6070
Uttar Pradesh,Jalaun (Orai),Jalaun,Mustard,23-08-2025,6840,6880,6862
Uttar Pradesh,Jalaun (Orai),Jalaun,Mustard,23-08-2025,7880,7920,7900
Uttar Pradesh,Jalaun (Orai),Jalaun,White Peas,23-08-2025,3050,3100,3077
Uttar Pradesh,Jalaun (Orai),Konch,Green Chilli,23-08-2025,2400,2600,2500
Uttar Pradesh,Jalaun (Orai),Orai,Bitter gourd,23-08-2025,2100,2600,2350
Uttar Pradesh,Jalaun (Orai),Orai,Bottle gourd,23-08-2025,1525,1900,1750
Uttar Pradesh,Jalaun (Orai),Orai,Brinjal,23-08-2025,1525,1940,1725
Uttar Pradesh,Jalaun (Orai),Orai,Cauliflower,23-08-2025,2600,2900,2750
Uttar Pradesh,Jalaun (Orai),Orai,Rice,23-08-2025,3410,3540,3480
Uttar Pradesh,Jaunpur,Jaunpur,Bengal Gram(Gram)(Whole),23-08-2025,6475,6570,6525
Uttar Pradesh,Jaunpur,Mugrabaadshahpur,Ginger(Green),23-08-2025,3640,3840,3740
Uttar Pradesh,Jaunpur,Mugrabaadshahpur,Pumpkin,23-08-2025,1330,1530,1430
Uttar Pradesh,Jaunpur,Mugrabaadshahpur,Wheat,23-08-2025,2470,2670,2570
Uttar Pradesh,Jaunpur,Shahganj,Apple,23-08-2025,9270,9365,9320
Uttar Pradesh,Jaunpur,Shahganj,Bhindi(Ladies Finger),23-08-2025,1680,1760,1720
Uttar Pradesh,Jaunpur,Shahganj,Bottle gourd,23-08-2025,1500,1560,1530
Uttar Pradesh,Jhansi,Chirgaon,Groundnut,23-08-2025,5400,5680,5460
Uttar Pradesh,Jhansi,Chirgaon,Potato,23-08-2025,1200,1360,1240
Uttar Pradesh,Jhansi,Jhansi,Apple,23-08-2025,7400,8000,7450
Uttar Pradesh,Jhansi,Jhansi,Capsicum,23-08-2025,5000,5260,5140
Uttar Pradesh,Jhansi,Jhansi,Carrot,23-08-2025,3100,3250,3120
Uttar Pradesh,Jhansi,Jhansi,Pumpkin,23-08-2025,1650,1750,1700
Uttar Pradesh,Jhansi,Jhansi (Grain),White Peas,23-08-2025,3300,3450,3360
Uttar Pradesh,Jhansi,Moth,Banana,23-08-2025,2140,2250,2200
Uttar Pradesh,Kannuj,Chhibramau,Onion,23-08-2025,1375,1525,1450
Uttar Pradesh,Kannuj,Chhibramau,Pumpkin,23-08-2025,1350,1500,1430
Uttar Pradesh,Kannuj,Chhibramau,Tomato,23-08-2025,3800,4000,3900
Uttar Pradesh,Kannuj,Kannauj,Colacasia,23-08-2025,1500,1600,1550
Uttar Pradesh,Kannuj,Kannauj,Ridgeguard(Tori),23-08-2025,1700,1800,1760
Uttar Pradesh,Kanpur,Choubepur,Apple,23-08-2025,8050,8250,8150
Uttar Pradesh,Kanpur,Choubepur,Bottle gourd,23-08-2025,1050,1250,1150
Uttar Pradesh,Kanpur,Choubepur,Ginger(Green),23-08-2025,3800,4000,3900
Uttar Pradesh,Kanpur,Choubepur,Green Chilli,23-08-2025,4350,4550,4450
Uttar Pradesh,Kanpur,Choubepur,Green Gram (Moong)(Whole),23-08-2025,8600,8700,8682
Uttar Pradesh,Kanpur,Choubepur,Pumpkin,23-08-2025,1400,1600,1500
Uttar Pradesh,Kanpur,Choubepur,Wheat,23-08-2025,2470,2540,2520
Uttar Pradesh,Kanpur,Kanpur(Grain),Bajra(Pearl Millet/Cumbu),23-08-2025,2200,2300,2250
Uttar Pradesh,Kanpur,Kanpur(Grain),Black Gram (Urd Beans)(Whole),23-08-2025,8590,8690,8640
Uttar Pradesh,Kanpur,Kanpur(Grain),Garlic,23-08-2025,6080,6280,6180
Uttar Pradesh,Kanpur,Kanpur(Grain),Maize,23-08-2025,2175,2275,2225
Uttar Pradesh,Kanpur,Kanpur(Grain),Mousambi(Sweet Lime),23-08-2025,2780,2880,2830
Uttar Pradesh,Kanpur,Kanpur(Grain),Mustard,23-08-2025,6980,7080,7030
Uttar Pradesh,Kanpur,Kanpur(Grain),Papaya,23-08-2025,2650,2850,2750
Uttar Pradesh,Kanpur,Kanpur(Grain),Wheat,23-08-2025,2480,2580,2530
Uttar Pradesh,Kanpur,Uttaripura,Green Chilli,23-08-2025,4400,4600,4500
Uttar Pradesh,Kanpur,Uttaripura,Pumpkin,23-08-2025,1350,1550,1450
Uttar Pradesh,Kanpur,Uttaripura,Wheat,23-08-2025,2470,2570,2520
Uttar Pradesh,Kanpur Dehat,Pukharayan,Bengal Gram(Gram)(Whole),23-08-2025,6340,6365,6355
Uttar Pradesh,Kanpur Dehat,Pukharayan,Gur(Jaggery),23-08-2025,4510,4535,4525
Uttar Pradesh,Kanpur Dehat,Pukharayan,Mustard,23-08-2025,7020,7040,7030
Uttar Pradesh,Kanpur Dehat,Pukharayan,Onion,23-08-2025,1230,1250,1240
Uttar Pradesh,Kasganj,Kasganj,Bhindi(Ladies Finger),23-08-2025,1450,1570,1500
Uttar Pradesh,Kasganj,Kasganj,Cauliflower,23-08-2025,3000,3130,3050
Uttar Pradesh,Kasganj,Kasganj,Ginger(Green),23-08-2025,3450,3600,3530
Uttar Pradesh,Kasganj,Kasganj,Green Chilli,23-08-2025,4050,4150,4100
Uttar Pradesh,Kasganj,Kasganj,Onion,23-08-2025,1300,1470,1350
Uttar Pradesh,Kaushambi,Manjhanpur,Apple,23-08-2025,8300,8600,8450
Uttar Pradesh,Kaushambi,Manjhanpur,Bhindi(Ladies Finger),23-08-2025,1600,1830,1715
Uttar Pradesh,Kaushambi,Manjhanpur,Bottle gourd,23-08-2025,1525,1680,1600
Uttar Pradesh,Kaushambi,Manjhanpur,Cucumbar(Kheera),23-08-2025,1920,2100,2000
Uttar Pradesh,Kaushambi,Manjhanpur,Potato,23-08-2025,945,1090,1010
Uttar Pradesh,Kaushambi,Manjhanpur,Pumpkin,23-08-2025,1470,1625,1545
Uttar Pradesh,Kaushambi,Manjhanpur,Wheat,23-08-2025,2470,2620,2545
Uttar Pradesh,Lakhimpur,Golagokarnath,Mustard,23-08-2025,6650,6750,6710
Uttar Pradesh,Lakhimpur,Golagokarnath,Rice,23-08-2025,3100,3250,3180
Uttar Pradesh,Lakhimpur,Lakhimpur,Apple,23-08-2025,8350,8600,8480
Uttar Pradesh,Lakhimpur,Lakhimpur,Bitter gourd,23-08-2025,2100,2350,2260
Uttar Pradesh,Lakhimpur,Lakhimpur,Garlic,23-08-2025,6100,6320,6260
Uttar Pradesh,Lakhimpur,Lakhimpur,Gur(Jaggery),23-08-2025,3750,3930,3880
Uttar Pradesh,Lakhimpur,Lakhimpur,Maize,23-08-2025,2160,2300,2240
Uttar Pradesh,Lakhimpur,Lakhimpur,Maize,23-08-2025,2000,2100,2070
Uttar Pradesh,Lakhimpur,Lakhimpur,Onion,23-08-2025,1400,1500,1450
Uttar Pradesh,Lakhimpur,Lakhimpur,Paddy(Dhan)(Common),23-08-2025,2000,2100,2065
Uttar Pradesh,Lakhimpur,Lakhimpur,Paddy(Dhan)(Common),23-08-2025,1960,2050,2000
Uttar Pradesh,Lalitpur,Lalitpur,Bottle gourd,23-08-2025,1730,1800,1760
Uttar Pradesh,Lalitpur,Lalitpur,Onion,23-08-2025,1330,1400,1360
Uttar Pradesh,Lalitpur,Mehrauni,Barley (Jau),23-08-2025,1800,2200,2000
Uttar Pradesh,Lucknow,Lucknow,Bengal Gram Dal (Chana Dal),23-08-2025,7420,7620,7520
Uttar Pradesh,Lucknow,Lucknow,Bhindi(Ladies Finger),23-08-2025,1650,1750,1700
Uttar Pradesh,Lucknow,Lucknow,Black Gram Dal (Urd Dal),23-08-2025,10050,10250,10150
Uttar Pradesh,Lucknow,Lucknow,Pomegranate,23-08-2025,6600,6800,6700
Uttar Pradesh,Lucknow,Lucknow,Sponge gourd,23-08-2025,1900,2000,1950
Uttar Pradesh,Lucknow,Lucknow,Tomato,23-08-2025,3910,4010,3960
Uttar Pradesh,Lucknow,Lucknow,White Peas,23-08-2025,3990,4190,4090
Uttar Pradesh,Maharajganj,Anandnagar,Apple,23-08-2025,7000,8000,7500
Uttar Pradesh,Maharajganj,Anandnagar,Banana - Green,23-08-2025,1500,1700,1600
Uttar Pradesh,Maharajganj,Anandnagar,Green Chilli,23-08-2025,4000,5000,4500
Uttar Pradesh,Maharajganj,Anandnagar,Papaya,23-08-2025,2000,2200,2100
Uttar Pradesh,Maharajganj,Anandnagar,Potato,23-08-2025,1200,1500,1350
Uttar Pradesh,Maharajganj,Gadaura,Potato,23-08-2025,1150,1300,1200
Uttar Pradesh,Mahoba,Mahoba,Bengal Gram(Gram)(Whole),23-08-2025,5700,5800,5770
Uttar Pradesh,Mahoba,Mahoba,Bhindi(Ladies Finger),23-08-2025,1850,1950,1910
Uttar Pradesh,Mahoba,Mahoba,Brinjal,23-08-2025,1800,1920,1850
Uttar Pradesh,Mahoba,Mahoba,Mousambi(Sweet Lime),23-08-2025,3480,3580,3520
Uttar Pradesh,Mainpuri,Bewar,Wheat,23-08-2025,2460,2500,2480
Uttar Pradesh,Mainpuri,Ghiraur,Onion,23-08-2025,1360,1560,1460
Uttar Pradesh,Mainpuri,Mainpuri,Bottle gourd,23-08-2025,1100,1300,1200
Uttar Pradesh,Mainpuri,Mainpuri,Pumpkin,23-08-2025,1300,1500,1400
Uttar Pradesh,Mathura,Kosikalan,Banana,23-08-2025,1900,2000,1950
Uttar Pradesh,Mathura,Kosikalan,Potato,23-08-2025,950,1000,980
Uttar Pradesh,Mathura,Mathura,Apple,23-08-2025,7400,7800,7700
Uttar Pradesh,Mathura,Mathura,Barley (Jau),23-08-2025,2300,2415,2400
Uttar Pradesh,Mathura,Mathura,Bhindi(Ladies Finger),23-08-2025,1180,1360,1250
Uttar Pradesh,Mathura,Mathura,Brinjal,23-08-2025,1200,1400,1300
Uttar Pradesh,Mathura,Mathura,Colacasia,23-08-2025,1800,2000,1900
Uttar Pradesh,Mathura,Mathura,Cucumbar(Kheera),23-08-2025,1400,1600,1500
Uttar Pradesh,Mathura,Mathura,Garlic,23-08-2025,5600,6000,5850
Uttar Pradesh,Mathura,Mathura,Gur(Jaggery),23-08-2025,4300,4460,4400
Uttar Pradesh,Mathura,Mathura,Onion,23-08-2025,1400,1650,1540
Uttar Pradesh,Mathura,Mathura,Papaya,23-08-2025,3100,3500,3300
Uttar Pradesh,Mathura,Mathura,Rice,23-08-2025,3300,3460,3400
Uttar Pradesh,Mathura,Mathura,Tomato,23-08-2025,3800,4200,4000
Uttar Pradesh,Mau(Maunathbhanjan),Doharighat,Green Chilli,23-08-2025,4900,5000,4955
Uttar Pradesh,Mau(Maunathbhanjan),Doharighat,Potato,23-08-2025,1700,1800,1750
Uttar Pradesh,Mau(Maunathbhanjan),Doharighat,Rice,23-08-2025,3900,4000,3960
Uttar Pradesh,Mau(Maunathbhanjan),Kopaganj,Cauliflower,23-08-2025,1000,1200,1100
Uttar Pradesh,Mau(Maunathbhanjan),Kopaganj,Onion,23-08-2025,1200,1400,1300
Uttar Pradesh,Meerut,Meerut,Bengal Gram(Gram)(Whole),23-08-2025,6640,6740,6690
Uttar Pradesh,Meerut,Meerut,Brinjal,23-08-2025,2150,2350,2250
Uttar Pradesh,Meerut,Meerut,Garlic,23-08-2025,6210,6410,6310
Uttar Pradesh,Meerut,Meerut,Onion,23-08-2025,1300,1500,1400
Uttar Pradesh,Meerut,Meerut,Pomegranate,23-08-2025,7200,7400,7300
Uttar Pradesh,Meerut,Meerut,Wheat,23-08-2025,2590,2790,2620
Uttar Pradesh,Mirzapur,Ahirora,Green Chilli,23-08-2025,3800,4000,3900
Uttar Pradesh,Mirzapur,Ahirora,Raddish,23-08-2025,1200,1400,1300
Uttar Pradesh,Mirzapur,Ahirora,Sponge gourd,23-08-2025,1000,1200,1100
Uttar Pradesh,Mirzapur,Mirzapur,Bengal Gram Dal (Chana Dal),23-08-2025,7400,7500,7465
Uttar Pradesh,Mirzapur,Mirzapur,Black Gram Dal (Urd Dal),23-08-2025,10100,10185,10150
Uttar Pradesh,Mirzapur,Mirzapur,Cucumbar(Kheera),23-08-2025,2100,2200,2165
Uttar Pradesh,Mirzapur,Mirzapur,Potato,23-08-2025,1050,1175,1100
Uttar Pradesh,Mirzapur,Mirzapur,Raddish,23-08-2025,2200,2300,2260
Uttar Pradesh,Mirzapur,Mirzapur,Rice,23-08-2025,3375,3465,3420
Uttar Pradesh,Mirzapur,Mirzapur,Tomato,23-08-2025,3900,4000,3945
Uttar Pradesh,Muzaffarnagar,Shahpur,Banana - Green,23-08-2025,1010,1065,1025
Uttar Pradesh,Muzaffarnagar,Shahpur,Brinjal,23-08-2025,655,720,690
Uttar Pradesh,Muzaffarnagar,Shahpur,Cauliflower,23-08-2025,755,855,810
Uttar Pradesh,Pillibhit,Pilibhit,Ginger(Green),23-08-2025,4230,4320,4270
Uttar Pradesh,Pillibhit,Pilibhit,Potato,23-08-2025,945,1020,980
Uttar Pradesh,Pillibhit,Pilibhit,Rice,23-08-2025,3450,3540,3495
Uttar Pradesh,Pillibhit,Puranpur,Brinjal,23-08-2025,1670,1750,1715
Uttar Pradesh,Pillibhit,Puranpur,Mousambi(Sweet Lime),23-08-2025,3615,3700,3655
Uttar Pradesh,Pillibhit,Puranpur,Onion,23-08-2025,1340,1420,1380
Uttar Pradesh,Pratapgarh,Pratapgarh,Arhar Dal(Tur Dal),23-08-2025,10300,10650,10400
Uttar Pradesh,Pratapgarh,Pratapgarh,Bhindi(Ladies Finger),23-08-2025,1900,2150,1965
Uttar Pradesh,Pratapgarh,Pratapgarh,Garlic,23-08-2025,6600,6850,6650
Uttar Pradesh,Pratapgarh,Pratapgarh,Ginger(Green),23-08-2025,4600,4800,4650
Uttar Pradesh,Pratapgarh,Pratapgarh,Mousambi(Sweet Lime),23-08-2025,3400,3650,3485
Uttar Pradesh,Pratapgarh,Pratapgarh,Mustard Oil,23-08-2025,14400,14800,14650
Uttar Pradesh,Pratapgarh,Pratapgarh,Pointed gourd (Parval),23-08-2025,3800,4000,3850
Uttar Pradesh,Pratapgarh,Pratapgarh,Tomato,23-08-2025,4000,4200,4050
Uttar Pradesh,Prayagraj,Ajuha,Brinjal,23-08-2025,1630,1780,1700
Uttar Pradesh,Prayagraj,Allahabad,Carrot,23-08-2025,3000,3070,3045
Uttar Pradesh,Prayagraj,Jasra,Tomato,23-08-2025,4010,4220,4145
Uttar Pradesh,Raebarelli,Bachranwa,Green Chilli,23-08-2025,4600,4700,4650
Uttar Pradesh,Raebarelli,Bachranwa,Tomato,23-08-2025,3800,3900,3850
Uttar Pradesh,Raebarelli,Bachranwa,Wheat,23-08-2025,3175,3200,3190
Uttar Pradesh,Raebarelli,Jayas,Bottle gourd,23-08-2025,1580,1630,1600
Uttar Pradesh,Raebarelli,Jayas,Green Chilli,23-08-2025,4550,4600,4570
Uttar Pradesh,Raebarelli,Jayas,Onion,23-08-2025,1365,1400,1385
Uttar Pradesh,Raebarelli,Lalganj,Green Chilli,23-08-2025,4000,6000,5000
Uttar Pradesh,Raebarelli,Lalganj,Paddy(Dhan)(Common),23-08-2025,2325,2450,2400
Uttar Pradesh,Raebarelli,Raibareilly,Apple,23-08-2025,8000,8100,8050
Uttar Pradesh,Raebarelli,Raibareilly,Barley (Jau),23-08-2025,2350,2400,2375
Uttar Pradesh,Raebarelli,Raibareilly,Bengal Gram(Gram)(Whole),23-08-2025,6700,6730,6715
Uttar Pradesh,Raebarelli,Raibareilly,Colacasia,23-08-2025,1625,1675,1650
Uttar Pradesh,Raebarelli,Raibareilly,Garlic,23-08-2025,5800,5900,5850
Uttar Pradesh,Raebarelli,Raibareilly,Ginger(Green),23-08-2025,4560,4650,4600
Uttar Pradesh,Raebarelli,Raibareilly,Wheat,23-08-2025,2500,2520,2510
Uttar Pradesh,Rampur,Rampur,Banana,23-08-2025,2750,2850,2800
Uttar Pradesh,Rampur,Rampur,Banana - Green,23-08-2025,1800,1900,1850
Uttar Pradesh,Rampur,Rampur,Lemon,23-08-2025,3650,3750,3700
Uttar Pradesh,Rampur,Vilaspur,Apple,23-08-2025,8000,9000,8500
Uttar Pradesh,Rampur,Vilaspur,Banana,23-08-2025,1900,2300,2100
Uttar Pradesh,Saharanpur,Deoband,Banana - Green,23-08-2025,1300,1800,1500
Uttar Pradesh,Saharanpur,Deoband,Bottle gourd,23-08-2025,1500,2000,1800
Uttar Pradesh,Saharanpur,Deoband,Cucumbar(Kheera),23-08-2025,1400,1800,1500
Uttar Pradesh,Sambhal,Sambhal,Onion,23-08-2025,1100,1800,1500
Uttar Pradesh,Sambhal,Sambhal,Tomato,23-08-2025,2000,2500,2250
Uttar Pradesh,Sant Kabir Nagar,Khalilabad,Pointed gourd (Parval),23-08-2025,1700,1800,1750
Uttar Pradesh,Shahjahanpur,Puwaha,Onion,23-08-2025,1250,1325,1300
Uttar Pradesh,Shahjahanpur,Puwaha,Potato,23-08-2025,1010,1025,1020
Uttar Pradesh,Shahjahanpur,Puwaha,Pumpkin,23-08-2025,1300,1350,1325
Uttar Pradesh,Shahjahanpur,Puwaha,Sponge gourd,23-08-2025,1600,1750,1700
Uttar Pradesh,Shahjahanpur,Puwaha,Tomato,23-08-2025,3950,4025,4000
Uttar Pradesh,Shahjahanpur,Shahjahanpur,Banana,23-08-2025,2710,2800,2760
Uttar Pradesh,Shahjahanpur,Shahjahanpur,Mousambi(Sweet Lime),23-08-2025,3580,3700,3640
Uttar Pradesh,Shahjahanpur,Tilhar,Apple,23-08-2025,7300,7450,7390
Uttar Pradesh,Shahjahanpur,Tilhar,Green Chilli,23-08-2025,4300,4400,4350
Uttar Pradesh,Shahjahanpur,Tilhar,Onion,23-08-2025,1290,1330,1320
Uttar Pradesh,Shahjahanpur,Tilhar,Pumpkin,23-08-2025,1280,1380,1330
Uttar Pradesh,Shahjahanpur,Tilhar,Rice,23-08-2025,3360,3460,3410
Uttar Pradesh,Shamli,Kairana,Green Chilli,23-08-2025,2900,3000,2950
Uttar Pradesh,Shamli,Kairana,Onion,23-08-2025,1200,1300,1250
Uttar Pradesh,Shamli,Khandhla,Bitter gourd,23-08-2025,3400,3500,3450
Uttar Pradesh,Shamli,Shamli,Barley (Jau),23-08-2025,2350,2450,2400
Uttar Pradesh,Shamli,Shamli,Green Gram Dal (Moong Dal),23-08-2025,9660,9740,9700
Uttar Pradesh,Shamli,Shamli,Mustard Oil,23-08-2025,15350,15450,15400
Uttar Pradesh,Shamli,Shamli,Papaya,23-08-2025,2650,2750,2700
Uttar Pradesh,Siddharth Nagar,Naugarh,Bengal Gram(Gram)(Whole),23-08-2025,6620,6650,6630
Uttar Pradesh,Siddharth Nagar,Naugarh,Peas(Dry),23-08-2025,4170,4190,4180
Uttar Pradesh,Siddharth Nagar,Naugarh,Rice,23-08-2025,3270,3295,3290
Uttar Pradesh,Siddharth Nagar,Sahiyapur,Apple,23-08-2025,8500,8780,8600
Uttar Pradesh,Siddharth Nagar,Sahiyapur,Brinjal,23-08-2025,1200,1350,1220
Uttar Pradesh,Siddharth Nagar,Sahiyapur,Paddy(Dhan)(Common),23-08-2025,2340,2560,2500
Uttar Pradesh,Siddharth Nagar,Sahiyapur,Potato,23-08-2025,900,1150,980
Uttar Pradesh,Sitapur,Hargaon (Laharpur),Banana,23-08-2025,1200,1300,1250
Uttar Pradesh,Sitapur,Hargaon (Laharpur),Onion,23-08-2025,1200,1240,1220
Uttar Pradesh,Sitapur,Hargaon (Laharpur),Pumpkin,23-08-2025,900,920,910
Uttar Pradesh,Sitapur,Mehmoodabad,Ginger(Green),23-08-2025,3845,3900,3870
Uttar Pradesh,Sitapur,Mehmoodabad,Onion,23-08-2025,1370,1430,1400
Uttar Pradesh,Sitapur,Sitapur,Apple,23-08-2025,8000,8950,8700
Uttar Pradesh,Sitapur,Sitapur,Arhar Dal(Tur Dal),23-08-2025,9700,10150,9960
Uttar Pradesh,Sitapur,Sitapur,Mustard,23-08-2025,6300,7200,6660
Uttar Pradesh,Sitapur,Sitapur,Pomegranate,23-08-2025,6200,7000,6760
Uttar Pradesh,Sitapur,Sitapur,White Peas,23-08-2025,3900,4100,4045
Uttar Pradesh,Sitapur,Viswan,Bhindi(Ladies Finger),23-08-2025,1760,1800,1780
Uttar Pradesh,Sitapur,Viswan,Mustard Oil,23-08-2025,14670,14770,14720
Uttar Pradesh,Sitapur,Viswan,Pomegranate,23-08-2025,6730,6830,6780
Uttar Pradesh,Sitapur,Viswan,Rice,23-08-2025,3155,3195,3175
Uttar Pradesh,Sitapur,Viswan,Tomato,23-08-2025,3840,3900,3870
Uttar Pradesh,Sitapur,Viswan,Wheat,23-08-2025,2470,2510,2490
Uttar Pradesh,Sitapur,Viswan,Wood,23-08-2025,625,725,675
Uttar Pradesh,Unnao,Bangarmau,Green Chilli,23-08-2025,4510,4610,4560
Uttar Pradesh,Unnao,Bangarmau,Pumpkin,23-08-2025,1490,1590,1540
Uttar Pradesh,Unnao,Bangarmau,Tomato,23-08-2025,3750,3850,3800
Uttar Pradesh,Unnao,Unnao,Arhar Dal(Tur Dal),23-08-2025,9650,9800,9700
Uttrakhand,Dehradoon,Rishikesh,Brinjal,23-08-2025,1500,2500,2050
Uttrakhand,Dehradoon,Rishikesh,Colacasia,23-08-2025,1500,2500,1800
Uttrakhand,Dehradoon,Rishikesh,Mousambi(Sweet Lime),23-08-2025,4000,4550,4300
Uttrakhand,Dehradoon,Rishikesh,Potato,23-08-2025,1100,1500,1350
Uttrakhand,Garhwal (Pauri),Kotadwara,Brinjal,23-08-2025,1000,1200,1100
Uttrakhand,Garhwal (Pauri),Kotadwara,Tomato,23-08-2025,2000,2500,2200
Uttrakhand,Haridwar,Bhagwanpur(Naveen Mandi Sthal),Bottle gourd,23-08-2025,500,600,550
Uttrakhand,Haridwar,Haridwar Union,Apple,23-08-2025,1200,2000,1500
Uttrakhand,Haridwar,Haridwar Union,Banana,23-08-2025,1200,1500,1300
Uttrakhand,Haridwar,Haridwar Union,Lemon,23-08-2025,4000,4800,4500
Uttrakhand,Haridwar,Haridwar Union,Potato,23-08-2025,800,1200,1000
Uttrakhand,Haridwar,Haridwar Union,Pumpkin,23-08-2025,700,1000,800
Uttrakhand,Nanital,Ramnagar,Banana - Green,23-08-2025,1000,1500,1250
Uttrakhand,Nanital,Ramnagar,Bhindi(Ladies Finger),23-08-2025,1000,1500,1250
Uttrakhand,UdhamSinghNagar,Bazpur,Apple,23-08-2025,8000,8000,8000
Uttrakhand,UdhamSinghNagar,Bazpur,Mousambi(Sweet Lime),23-08-2025,4000,4000,4000
Uttrakhand,UdhamSinghNagar,Jaspur(UC),Bhindi(Ladies Finger),23-08-2025,1200,1300,1275
Uttrakhand,UdhamSinghNagar,Jaspur(UC),Cucumbar(Kheera),23-08-2025,1100,1200,1150
Uttrakhand,UdhamSinghNagar,Jaspur(UC),Green Chilli,23-08-2025,2600,2600,2600
Uttrakhand,UdhamSinghNagar,Jaspur(UC),Tomato,23-08-2025,2800,2900,2871
Uttrakhand,UdhamSinghNagar,Kashipur,Bottle gourd,23-08-2025,800,1000,900
Uttrakhand,UdhamSinghNagar,Kashipur,Brinjal,23-08-2025,800,800,800
Uttrakhand,UdhamSinghNagar,Kashipur,Cabbage,23-08-2025,2200,3200,2700
Uttrakhand,UdhamSinghNagar,Kashipur,Capsicum,23-08-2025,800,800,800
Uttrakhand,UdhamSinghNagar,Kashipur,Guava,23-08-2025,2400,2400,2400
Uttrakhand,UdhamSinghNagar,Kashipur,Papaya,23-08-2025,1800,2200,2000
Uttrakhand,UdhamSinghNagar,Khateema,Cucumbar(Kheera),23-08-2025,900,1100,1000
Uttrakhand,UdhamSinghNagar,Khateema,Potato,23-08-2025,600,800,700
Uttrakhand,UdhamSinghNagar,Kicchha,Tomato,23-08-2025,3100,3300,3200
Uttrakhand,UdhamSinghNagar,Sitarganj,Bitter gourd,23-08-2025,1600,2200,1800
Uttrakhand,UdhamSinghNagar,Sitarganj,Brinjal,23-08-2025,800,1200,1000
West Bengal,Bankura,Bishnupur(Bankura),Onion,23-08-2025,2000,2500,2300
West Bengal,Bankura,Khatra,Bottle gourd,23-08-2025,2400,3400,3000
West Bengal,Bankura,Khatra,Cucumbar(Kheera),23-08-2025,3000,4000,3500
West Bengal,Darjeeling,Darjeeling,Cabbage,23-08-2025,2400,2600,2500
West Bengal,Darjeeling,Darjeeling,Onion,23-08-2025,2800,3000,2900
West Bengal,Darjeeling,Darjeeling,Potato,23-08-2025,2100,2300,2200
West Bengal,Darjeeling,Darjeeling,Tomato,23-08-2025,6500,6700,6600
West Bengal,Darjeeling,Siliguri,Banana,23-08-2025,1800,2000,1900
West Bengal,Darjeeling,Siliguri,Black Gram Dal (Urd Dal),23-08-2025,10800,11000,10900
West Bengal,Darjeeling,Siliguri,Tomato,23-08-2025,5000,5200,5100
West Bengal,Howrah,Ramkrishanpur(Howrah),Arhar Dal(Tur Dal),23-08-2025,11800,12200,12000
West Bengal,Howrah,Ramkrishanpur(Howrah),Bengal Gram Dal (Chana Dal),23-08-2025,8300,8700,8500
West Bengal,Howrah,Ramkrishanpur(Howrah),Green Gram Dal (Moong Dal),23-08-2025,10800,11200,11000
West Bengal,Howrah,Ramkrishanpur(Howrah),Masur Dal,23-08-2025,8800,9200,9000
West Bengal,Howrah,Ramkrishanpur(Howrah),Rice,23-08-2025,3500,3700,3600
West Bengal,Kolkata,Mechua,Apple,23-08-2025,16000,18000,17000
West Bengal,Kolkata,Mechua,Mousambi(Sweet Lime),23-08-2025,6000,8000,7000
West Bengal,Kolkata,Mechua,Pomegranate,23-08-2025,16000,18000,17000
West Bengal,Medinipur(E),Egra/contai,Rice,23-08-2025,3600,3800,3700
West Bengal,Medinipur(W),Ghatal,Bhindi(Ladies Finger),23-08-2025,6100,6300,6200
West Bengal,Medinipur(W),Ghatal,Carrot,23-08-2025,3600,3800,3700
West Bengal,Medinipur(W),Ghatal,Cucumbar(Kheera),23-08-2025,2800,3000,2900
West Bengal,Medinipur(W),Ghatal,Green Chilli,23-08-2025,8100,8300,8200
West Bengal,Medinipur(W),Ghatal,Paddy(Dhan)(Common),23-08-2025,2300,2350,2330
West Bengal,Medinipur(W),Ghatal,Rice,23-08-2025,3600,3800,3710
West Bengal,Murshidabad,Kandi,Potato,23-08-2025,1260,1380,1320
West Bengal,Murshidabad,Kandi,Rice,23-08-2025,3550,3800,3650
West Bengal,Murshidabad,Kandi,Wheat,23-08-2025,2500,2600,2550
West Bengal,North 24 Parganas,Barasat,Onion,23-08-2025,2200,2200,2200
West Bengal,North 24 Parganas,Habra,Bitter gourd,23-08-2025,4000,4300,4200
West Bengal,Paschim Bardhaman,Asansol,Arhar Dal(Tur Dal),23-08-2025,11865,12200,12000
West Bengal,Paschim Bardhaman,Asansol,Peas(Dry),23-08-2025,5200,5500,5350
West Bengal,Paschim Bardhaman,Asansol,Potato,23-08-2025,1180,1260,1250
West Bengal,Paschim Bardhaman,Asansol,Rice,23-08-2025,4350,4550,4450
West Bengal,Paschim Bardhaman,Durgapur,Cabbage,23-08-2025,1850,2200,2050
West Bengal,Paschim Bardhaman,Durgapur,Mustard,23-08-2025,6870,7200,7050
West Bengal,Paschim Bardhaman,Durgapur,Mustard,23-08-2025,6200,6500,6350
West Bengal,Paschim Bardhaman,Durgapur,Onion,23-08-2025,1650,1750,1700
West Bengal,Paschim Bardhaman,Durgapur,Tomato,23-08-2025,4050,4300,4200
West Bengal,Paschim Bardhaman,Durgapur,Wheat,23-08-2025,2500,2735,2650
West Bengal,Puruliya,Purulia,Masur Dal,23-08-2025,9400,9500,9500
West Bengal,Puruliya,Purulia,Moath Dal,23-08-2025,9800,9900,9850
Andhra Pradesh,Anantapur,Anantapur,Mousambi(Sweet Lime),23-08-2025,900,1800,1200
Andhra Pradesh,Chittor,Madanapalli,Tomato,23-08-2025,3600,4500,4200
Andhra Pradesh,Chittor,Madanapalli,Tomato,23-08-2025,2000,3400,3000
Andhra Pradesh,Chittor,Palamaner,Green Chilli,23-08-2025,3000,4000,3500
Andhra Pradesh,Chittor,Vayalapadu,Tomato,23-08-2025,4400,4800,4600
Andhra Pradesh,Guntur,Tenali,Lemon,23-08-2025,2000,2700,2300
Chandigarh,Chandigarh,Chandigarh(Grain/Fruit),Bottle gourd,23-08-2025,1500,2000,1700
Chandigarh,Chandigarh,Chandigarh(Grain/Fruit),Pumpkin,23-08-2025,500,1000,800
Gujarat,Ahmedabad,Ahmedabad,Banana - Green,23-08-2025,500,1000,850
Gujarat,Ahmedabad,Ahmedabad,Brinjal,23-08-2025,1000,2500,1500
Gujarat,Ahmedabad,Ahmedabad,Capsicum,23-08-2025,2500,3750,3100
Gujarat,Ahmedabad,Ahmedabad,Cucumbar(Kheera),23-08-2025,800,2200,1800
Gujarat,Ahmedabad,Ahmedabad,Drumstick,23-08-2025,1500,4000,3350
Gujarat,Ahmedabad,Ahmedabad,Guar,23-08-2025,1500,3000,2300
Gujarat,Ahmedabad,Ahmedabad,Papaya (Raw),23-08-2025,900,1000,950
Gujarat,Ahmedabad,Viramgam,Paddy(Dhan)(Common),23-08-2025,1755,1895,1825
Gujarat,Amreli,Savarkundla,Bengal Gram(Gram)(Whole),23-08-2025,4500,5425,5250
Gujarat,Amreli,Savarkundla,Groundnut,23-08-2025,4000,5250,5000
Gujarat,Banaskanth,Deesa(Deesa Veg Yard),Bitter gourd,23-08-2025,2500,3000,2750
Gujarat,Banaskanth,Deesa(Deesa Veg Yard),Bottle gourd,23-08-2025,800,1000,900
Gujarat,Banaskanth,Deesa(Deesa Veg Yard),Brinjal,23-08-2025,3000,3500,3250
Gujarat,Banaskanth,Deesa(Deesa Veg Yard),Cabbage,23-08-2025,1500,2000,1750
Gujarat,Banaskanth,Deesa(Deesa Veg Yard),Cauliflower,23-08-2025,2500,3500,3000
Gujarat,Banaskanth,Deesa(Deesa Veg Yard),Cucumbar(Kheera),23-08-2025,1500,2000,1750
Gujarat,Banaskanth,Deesa(Deesa Veg Yard),Guar,23-08-2025,1500,2000,1750
Gujarat,Banaskanth,Deesa(Deesa Veg Yard),Onion,23-08-2025,1300,1600,1450
Gujarat,Banaskanth,Deesa(Deesa Veg Yard),Onion Green,23-08-2025,1500,2000,1750
Gujarat,Banaskanth,Deesa(Deesa Veg Yard),Pomegranate,23-08-2025,10000,12000,11000
Gujarat,Banaskanth,Dhanera,Rajgir,23-08-2025,5405,5535,5485
Gujarat,Banaskanth,Dhanera,Wheat,23-08-2025,2655,2670,2660
Gujarat,Banaskanth,Panthawada,Bajra(Pearl Millet/Cumbu),23-08-2025,1705,2650,2100
Gujarat,Banaskanth,Tharad,Bajra(Pearl Millet/Cumbu),23-08-2025,1950,2750,2450
Gujarat,Banaskanth,Tharad,Castor Seed,23-08-2025,6350,6550,6450
Gujarat,Chhota Udaipur,Bodeliu,Maize,23-08-2025,2040,2090,2070
Gujarat,Dahod,Dahod,Arhar (Tur/Red Gram)(Whole),23-08-2025,5300,6000,5500
Gujarat,Dahod,Dahod,Arhar (Tur/Red Gram)(Whole),23-08-2025,5400,6200,5600
Gujarat,Dahod,Dahod,Bengal Gram(Gram)(Whole),23-08-2025,6000,6050,6020
Gujarat,Dahod,Dahod,Castor Seed,23-08-2025,6000,6100,6050
Gujarat,Dahod,Dahod,Maize,23-08-2025,2200,3200,2450
Gujarat,Dahod,Dahod,Paddy(Dhan)(Common),23-08-2025,1690,1690,1690
Gujarat,Dahod,Dahod(Veg. Market),Bottle gourd,23-08-2025,800,1500,1150
Gujarat,Dahod,Dahod(Veg. Market),Cabbage,23-08-2025,800,1500,1150
Gujarat,Dahod,Dahod(Veg. Market),Cauliflower,23-08-2025,200,3000,1600
Gujarat,Dahod,Dahod(Veg. Market),Cluster beans,23-08-2025,1800,5000,3400
Gujarat,Dahod,Dahod(Veg. Market),Cowpea(Veg),23-08-2025,2000,4500,3250
Gujarat,Dahod,Dahod(Veg. Market),Ginger(Green),23-08-2025,2500,7000,4750
Gujarat,Dahod,Dahod(Veg. Market),Green Chilli,23-08-2025,1000,4000,3000
Gujarat,Dahod,Dahod(Veg. Market),Lemon,23-08-2025,600,5000,2900
Gujarat,Dahod,Dahod(Veg. Market),Little gourd (Kundru),23-08-2025,1500,2500,2000
Gujarat,Dahod,Dahod(Veg. Market),Mint(Pudina),23-08-2025,6000,10000,8000
Gujarat,Dahod,Dahod(Veg. Market),Pumpkin,23-08-2025,1000,1200,1100
Gujarat,Gandhinagar,Dehgam(Rekhiyal),Guar,23-08-2025,4250,4500,4375
Gujarat,Gandhinagar,Mansa(Manas Veg Yard),Bhindi(Ladies Finger),23-08-2025,1000,1500,1000
Gujarat,Gandhinagar,Mansa(Manas Veg Yard),Guar,23-08-2025,3000,3500,3000
Gujarat,Gandhinagar,Mansa(Manas Veg Yard),Tomato,23-08-2025,4000,4000,4000
Gujarat,Gir Somnath,Talalagir,Cabbage,23-08-2025,1000,2000,1500
Gujarat,Kheda,Kapadvanj,Cabbage,23-08-2025,1200,1400,1300
Gujarat,Kheda,Kapadvanj,Cauliflower,23-08-2025,3000,3500,3200
Gujarat,Kheda,Kapadvanj,Onion,23-08-2025,1000,1800,1400
Gujarat,Kheda,Nadiad,Potato,23-08-2025,1600,2000,1800
Gujarat,Kheda,Nadiyad(Chaklasi),Brinjal,23-08-2025,1300,1400,1350
Gujarat,Kheda,Nadiyad(Chaklasi),Potato,23-08-2025,900,1200,1100
Gujarat,Kheda,Nadiyad(Piplag),Bhindi(Ladies Finger),23-08-2025,1100,1500,1250
Gujarat,Kheda,Nadiyad(Piplag),Bottle gourd,23-08-2025,1000,1500,1300
Gujarat,Kheda,Nadiyad(Piplag),Ginger(Green),23-08-2025,4000,5000,4800
Gujarat,Kheda,Nadiyad(Piplag),Lemon,23-08-2025,5000,6000,5500
Gujarat,Kheda,Nadiyad(Piplag),Sponge gourd,23-08-2025,700,800,750
Gujarat,Kheda,Nadiyad(Piplag),Tinda,23-08-2025,1800,2000,1900
Gujarat,Mehsana,Kadi,Kulthi(Horse Gram),23-08-2025,5325,5455,5400
Gujarat,Mehsana,Mehsana(Jornang),Wheat,23-08-2025,2675,2705,2700
Gujarat,Mehsana,Unjha,Ajwan,23-08-2025,5000,11900,8750
Gujarat,Mehsana,Vijapur(Gojjariya),Wheat,23-08-2025,2625,2745,2725
Gujarat,Mehsana,Vijapur(Kukarvada),Castor Seed,23-08-2025,6475,6560,6510
Gujarat,Mehsana,Vijapur(veg),Potato,23-08-2025,1000,1000,1000
Gujarat,Mehsana,Visnagar,Jowar(Sorghum),23-08-2025,1855,5005,3430
Gujarat,Morbi,Halvad,Castor Seed,23-08-2025,6250,6440,6425
Gujarat,Morbi,Morbi,Brinjal,23-08-2025,500,1500,1000
Gujarat,Morbi,Morbi,Guar,23-08-2025,2000,3000,2500
Gujarat,Morbi,Morbi,Wheat,23-08-2025,2510,2750,2630
Gujarat,Navsari,Bilimora,Bhindi(Ladies Finger),23-08-2025,1500,2500,2000
Gujarat,Navsari,Bilimora,Bottle gourd,23-08-2025,1500,2000,1800
Gujarat,Navsari,Navsari,Brinjal,23-08-2025,1500,3000,2250
Gujarat,Navsari,Navsari,Cowpea(Veg),23-08-2025,3500,4000,3750
Gujarat,Navsari,Navsari,Potato,23-08-2025,900,2000,1450
Gujarat,Panchmahals,Morva Hafad,Paddy(Dhan)(Common),23-08-2025,1500,2100,1800
Gujarat,Patan,Radhanpur,Mustard,23-08-2025,6000,6425,6325
Gujarat,Patan,Siddhpur,Suva (Dill Seed),23-08-2025,6100,6100,6100
Gujarat,Patan,Siddhpur,Wheat,23-08-2025,2625,2695,2660
Gujarat,Porbandar,Porbandar,Apple,23-08-2025,6000,12000,9000
Gujarat,Porbandar,Porbandar,Methi Seeds,23-08-2025,3775,3775,3775
Gujarat,Sabarkantha,Himatnagar,Bajra(Pearl Millet/Cumbu),23-08-2025,1800,2610,2400
Gujarat,Surat,Mahuva(Anaval),Pointed gourd (Parval),23-08-2025,1600,1750,1700
Gujarat,Surendranagar,Dhragradhra,Soanf,23-08-2025,5500,7310,6500
Gujarat,Surendranagar,Vadhvan,Amaranthus,23-08-2025,1000,1500,1250
Gujarat,Surendranagar,Vadhvan,Banana - Green,23-08-2025,1000,1500,1250
Gujarat,Surendranagar,Vadhvan,Cabbage,23-08-2025,1000,2000,1500
Gujarat,Surendranagar,Vadhvan,Green Chilli,23-08-2025,1000,1500,1250
Gujarat,Surendranagar,Vadhvan,Guar,23-08-2025,2500,3500,3000
Gujarat,Surendranagar,Vadhvan,Onion Green,23-08-2025,1000,1500,1250
Gujarat,Surendranagar,Vadhvan,Raddish,23-08-2025,500,1000,750
Gujarat,Surendranagar,Vadhvan,Tinda,23-08-2025,3500,4500,4000
Gujarat,Vadodara(Baroda),Padra,Bhindi(Ladies Finger),23-08-2025,1000,1500,1250
Gujarat,Vadodara(Baroda),Padra,Bitter gourd,23-08-2025,1000,1500,1250
Gujarat,Vadodara(Baroda),Padra,Brinjal,23-08-2025,1500,2250,1900
Gujarat,Vadodara(Baroda),Padra,Cluster beans,23-08-2025,1750,2500,2150
Gujarat,Vadodara(Baroda),Padra,Ginger(Green),23-08-2025,3000,4500,3750
Gujarat,Vadodara(Baroda),Padra,Green Chilli,23-08-2025,1000,2000,1500
Gujarat,Vadodara(Baroda),Padra,Pointed gourd (Parval),23-08-2025,2500,3000,2750
Gujarat,Vadodara(Baroda),Padra,Sponge gourd,23-08-2025,400,900,650
Haryana,Ambala,Ambala Cantt.,Cucumbar(Kheera),23-08-2025,1000,1500,1200
Haryana,Ambala,Ambala Cantt.,French Beans (Frasbean),23-08-2025,2500,3200,2800
Haryana,Ambala,Ambala Cantt.,Grapes,23-08-2025,10000,10000,10000
Haryana,Ambala,Ambala Cantt.,Lemon,23-08-2025,2000,3000,2500
Haryana,Ambala,Ambala Cantt.,Potato,23-08-2025,700,1300,1200
Haryana,Ambala,Naraingarh,Apple,23-08-2025,1300,6000,3000
Haryana,Ambala,Naraingarh,Banana - Green,23-08-2025,1400,2500,2200
Haryana,Ambala,Naraingarh,Bhindi(Ladies Finger),23-08-2025,1000,3000,2500
Haryana,Ambala,Naraingarh,Cabbage,23-08-2025,800,2500,1500
Haryana,Ambala,Naraingarh,Coriander(Leaves),23-08-2025,5000,5000,5000
Haryana,Ambala,Naraingarh,Mousambi(Sweet Lime),23-08-2025,2000,4000,3000
Haryana,Ambala,Naraingarh,Pointed gourd (Parval),23-08-2025,3000,3500,3250
Haryana,Ambala,Naraingarh,Pomegranate,23-08-2025,5000,6000,5500
Haryana,Ambala,Naraingarh,Pumpkin,23-08-2025,400,1000,600
Haryana,Ambala,Naraingarh,Raddish,23-08-2025,900,1600,1400
Haryana,Ambala,Shahzadpur,Bhindi(Ladies Finger),23-08-2025,3000,3000,3000
Haryana,Ambala,Shahzadpur,Capsicum,23-08-2025,3000,3100,3100
Haryana,Ambala,Shahzadpur,Tinda,23-08-2025,3300,3300,3300
Haryana,Ambala,Shahzadpur,Tomato,23-08-2025,2000,3400,2000
Haryana,Bhiwani,Bhiwani,Onion,23-08-2025,1450,1720,1560
Haryana,Bhiwani,Siwani,Guar Seed(Cluster Beans Seed),23-08-2025,5033,5218,5207
Haryana,Faridabad,Ballabhgarh,Cabbage,23-08-2025,1500,1800,1600
Haryana,Faridabad,Ballabhgarh,Colacasia,23-08-2025,1500,2000,1800
Haryana,Faridabad,Ballabhgarh,Guava,23-08-2025,1000,2000,1500
Haryana,Faridabad,Ballabhgarh,Potato,23-08-2025,800,1200,1000
Haryana,Faridabad,Faridabad,Brinjal,23-08-2025,1000,2500,1750
Haryana,Faridabad,Faridabad,Cabbage,23-08-2025,1200,2000,1600
Haryana,Gurgaon,Gurgaon,Banana,23-08-2025,2000,3000,2500
Haryana,Gurgaon,Gurgaon,Cabbage,23-08-2025,1000,1400,1200
Haryana,Gurgaon,Gurgaon,Guava,23-08-2025,2000,4000,3000
Haryana,Hissar,Hansi,Brinjal,23-08-2025,2000,3000,2500
Haryana,Hissar,Hansi,Capsicum,23-08-2025,5000,7000,6000
Haryana,Hissar,Hansi,Indian Colza(Sarson),23-08-2025,7000,7000,7000
Haryana,Hissar,Hansi,Pumpkin,23-08-2025,1000,1500,1200
Haryana,Hissar,Hissar,Bajra(Pearl Millet/Cumbu),23-08-2025,2240,2240,2240
Haryana,Hissar,Uklana,Cucumbar(Kheera),23-08-2025,1400,1500,1500
Haryana,Hissar,Uklana,Onion,23-08-2025,1400,1500,1500
Haryana,Jind,Jind,Onion,23-08-2025,1000,1600,1100
Haryana,Jind,Narwana,Mousambi(Sweet Lime),23-08-2025,2500,3000,2750
Haryana,Jind,Safidon,Banana,23-08-2025,3000,3000,3000
Haryana,Kaithal,Kaithal,Potato,23-08-2025,900,1900,1450
Haryana,Kaithal,Pundri,Tomato,23-08-2025,4700,4800,4750
Haryana,Karnal,Gharaunda,Potato,23-08-2025,1000,1300,1300
Haryana,Karnal,Indri,Apple,23-08-2025,5000,5000,5000
Haryana,Karnal,Indri,Banana,23-08-2025,2500,2500,2500
Haryana,Karnal,Indri,Onion,23-08-2025,1800,1800,1800
Haryana,Karnal,Indri,Pomegranate,23-08-2025,10000,10000,10000
Haryana,Kurukshetra,Ladwa,Banana,23-08-2025,2500,3500,3200
Haryana,Kurukshetra,Ladwa,Brinjal,23-08-2025,1000,1000,1000
Haryana,Kurukshetra,Ladwa,Green Chilli,23-08-2025,4000,4500,4200
Haryana,Kurukshetra,Ladwa,Mousambi(Sweet Lime),23-08-2025,3000,3500,3200
Haryana,Kurukshetra,Ladwa,Pineapple,23-08-2025,3000,3500,3200
Haryana,Kurukshetra,Pehowa,Brinjal,23-08-2025,1500,1700,1560
Haryana,Kurukshetra,Shahabad,Apple,23-08-2025,4000,7480,6000
Haryana,Kurukshetra,Shahabad,Cauliflower,23-08-2025,4000,5000,4500
Haryana,Kurukshetra,Shahabad,Ginger(Dry),23-08-2025,4000,4500,4200
Haryana,Kurukshetra,Shahabad,Grapes,23-08-2025,9000,9000,9000
Haryana,Kurukshetra,Shahabad,Mousambi(Sweet Lime),23-08-2025,3000,3400,3200
Haryana,Mahendragarh-Narnaul,Narnaul,Bottle gourd,23-08-2025,600,1500,1000
Haryana,Mahendragarh-Narnaul,Narnaul,Cluster beans,23-08-2025,6000,6000,6000
Haryana,Mahendragarh-Narnaul,Narnaul,Garlic,23-08-2025,5000,5000,5000
Haryana,Mahendragarh-Narnaul,Narnaul,Raddish,23-08-2025,2000,2000,2000
Haryana,Mahendragarh-Narnaul,Narnaul,Spinach,23-08-2025,2000,2000,2000
Haryana,Mahendragarh-Narnaul,Narnaul,Tender Coconut,23-08-2025,5000,6000,6000
Haryana,Mahendragarh-Narnaul,Narnaul,Tinda,23-08-2025,2800,4000,3000
Haryana,Palwal,Hassanpur,Tomato,23-08-2025,2800,2800,2800
Haryana,Panchkula,Barwala,Onion,23-08-2025,1200,2000,1350
Haryana,Panchkula,Barwala,Potato,23-08-2025,700,700,700
Haryana,Panchkula,"New Grain Market , Panchkula",Potato,23-08-2025,1800,2500,2000
Haryana,Panchkula,Raipur Rai,Pumpkin,23-08-2025,800,1000,800
Haryana,Panchkula,Raipur Rai,Tinda,23-08-2025,1800,2000,1800
Haryana,Panipat,Madlauda,Onion,23-08-2025,1600,1600,1600
Haryana,Panipat,Madlauda,Tomato,23-08-2025,3000,3500,3250
Haryana,Panipat,Panipat,Mango,23-08-2025,5000,7000,6000
Haryana,Panipat,Samalkha,Bottle gourd,23-08-2025,1400,1400,1400
Haryana,Panipat,Samalkha,Brinjal,23-08-2025,1500,1500,1500
Haryana,Panipat,Samalkha,Capsicum,23-08-2025,4000,4000,4000
Haryana,Rewari,Kosli,Bhindi(Ladies Finger),23-08-2025,2000,2000,2000
Haryana,Rewari,Kosli,Bottle gourd,23-08-2025,1000,1000,1000
Haryana,Rewari,Kosli,Brinjal,23-08-2025,1000,1000,1000
Haryana,Rewari,Rewari,Apple,23-08-2025,6000,18000,12000
Haryana,Rohtak,Meham,Apple,23-08-2025,3000,5000,4000
Haryana,Rohtak,Meham,Potato,23-08-2025,1000,1200,1100
Haryana,Rohtak,Meham,Ridgeguard(Tori),23-08-2025,1500,1500,1500
Haryana,Sirsa,Ellanabad,Green Gram Dal (Moong Dal),23-08-2025,3680,6795,5880
Haryana,Sirsa,Sirsa,Banana,23-08-2025,1800,1800,1800
Haryana,Sirsa,Sirsa,Chikoos(Sapota),23-08-2025,5000,5000,5000
Haryana,Sirsa,Sirsa,Cucumbar(Kheera),23-08-2025,1400,3000,2000
Haryana,Sirsa,Sirsa,Onion,23-08-2025,1300,1800,1500
Haryana,Sirsa,Sirsa,Potato,23-08-2025,600,2800,1000
Haryana,Sonipat,Ganaur,Bitter gourd,23-08-2025,2800,3000,2800
Haryana,Sonipat,Ganaur,Brinjal,23-08-2025,2800,3000,2800
Haryana,Sonipat,Ganaur,Tinda,23-08-2025,3500,4000,3800
Haryana,Sonipat,Gohana,Apple,23-08-2025,5000,8000,6000
Haryana,Sonipat,Gohana,Brinjal,23-08-2025,2000,4000,3000
Haryana,Sonipat,Gohana,Potato,23-08-2025,1000,2500,1500
Haryana,Sonipat,Sonepat,Cucumbar(Kheera),23-08-2025,1900,4500,1900
Haryana,Sonipat,Sonepat,Potato,23-08-2025,1200,1600,1200
Haryana,Sonipat,Sonepat(Kharkhoda),Apple,23-08-2025,12000,13000,12500
Haryana,Yamuna Nagar,Mustafabad,Tomato,23-08-2025,4800,5000,4800
Haryana,Yamuna Nagar,Radaur,Apple,23-08-2025,5000,6000,5500
Haryana,Yamuna Nagar,Radaur,Cauliflower,23-08-2025,4500,5000,4800
Haryana,Yamuna Nagar,Radaur,Cucumbar(Kheera),23-08-2025,2000,2500,2200
Haryana,Yamuna Nagar,Radaur,Ginger(Green),23-08-2025,6000,6800,6500
Haryana,Yamuna Nagar,Radaur,Tomato,23-08-2025,1500,2500,1800
Haryana,Yamuna Nagar,Sadhaura,Bhindi(Ladies Finger),23-08-2025,1000,2500,2000
Haryana,Yamuna Nagar,Sadhaura,Tomato,23-08-2025,3100,4000,3500
Himachal Pradesh,Bilaspur,Bilaspur,Bottle gourd,23-08-2025,2000,3000,2500
Himachal Pradesh,Bilaspur,Bilaspur,Cauliflower,23-08-2025,4000,5000,4500
Himachal Pradesh,Bilaspur,Bilaspur,Mousambi(Sweet Lime),23-08-2025,5000,6200,6000
Himachal Pradesh,Bilaspur,Bilaspur,Peas cod,23-08-2025,12000,14000,13000
Himachal Pradesh,Bilaspur,Bilaspur,Pumpkin,23-08-2025,2000,3000,2500
Himachal Pradesh,Chamba,Chamba,Bitter gourd,23-08-2025,3500,4000,3750
Himachal Pradesh,Chamba,Chamba,Cauliflower,23-08-2025,5000,5500,5250
Himachal Pradesh,Chamba,Chamba,Onion,23-08-2025,2300,2500,2400
Himachal Pradesh,Hamirpur,Hamirpur,Brinjal,23-08-2025,3500,4000,3700
Himachal Pradesh,Hamirpur,Hamirpur,Cauliflower,23-08-2025,6500,7000,6700
Himachal Pradesh,Hamirpur,Hamirpur,Pomegranate,23-08-2025,14000,18000,16000
Himachal Pradesh,Hamirpur,Hamirpur,Squash(Chappal Kadoo),23-08-2025,2500,3000,2700
Himachal Pradesh,Hamirpur,Hamirpur(Nadaun),Brinjal,23-08-2025,3500,4000,3700
Himachal Pradesh,Hamirpur,Hamirpur(Nadaun),Cauliflower,23-08-2025,6500,7000,6700
Himachal Pradesh,Hamirpur,Hamirpur(Nadaun),French Beans (Frasbean),23-08-2025,10000,10000,10000
Himachal Pradesh,Hamirpur,Hamirpur(Nadaun),Lemon,23-08-2025,6000,6000,6000
Himachal Pradesh,Kangra,Dharamshala,Bhindi(Ladies Finger),23-08-2025,4000,4500,4250
Himachal Pradesh,Kangra,Dharamshala,Brinjal,23-08-2025,3500,4500,4000
Himachal Pradesh,Kangra,Dharamshala,French Beans (Frasbean),23-08-2025,8000,9000,8500
Himachal Pradesh,Kangra,Dharamshala,Garlic,23-08-2025,9000,13000,11000
Himachal Pradesh,Kangra,Dharamshala,Potato,23-08-2025,1500,2400,1950
Himachal Pradesh,Kangra,Kangra,Bitter gourd,23-08-2025,3500,4000,3700
Himachal Pradesh,Kangra,Kangra,Brinjal,23-08-2025,2500,3500,3000
Himachal Pradesh,Kangra,Kangra,Capsicum,23-08-2025,7500,8000,7700
Himachal Pradesh,Kangra,Kangra,Cauliflower,23-08-2025,6000,7500,6500
Himachal Pradesh,Kangra,Kangra,Colacasia,23-08-2025,2800,3000,2900
Himachal Pradesh,Kangra,Kangra,Coriander(Leaves),23-08-2025,25000,30000,26000
Himachal Pradesh,Kangra,Kangra,French Beans (Frasbean),23-08-2025,9000,10000,9500
Himachal Pradesh,Kangra,Kangra,Mousambi(Sweet Lime),23-08-2025,4500,5000,4700
Himachal Pradesh,Kangra,Kangra,Spinach,23-08-2025,4000,4500,4200
Himachal Pradesh,Kangra,Kangra(Baijnath),Apple,23-08-2025,3500,9000,6000
Himachal Pradesh,Kangra,Kangra(Baijnath),Carrot,23-08-2025,3000,3000,3000
Himachal Pradesh,Kangra,Kangra(Baijnath),Cauliflower,23-08-2025,4000,4500,4500
Himachal Pradesh,Kangra,Kangra(Baijnath),Cucumbar(Kheera),23-08-2025,3000,3200,3200
Himachal Pradesh,Kangra,Kangra(Baijnath),Ginger(Green),23-08-2025,8000,8000,8000
Himachal Pradesh,Kangra,Kangra(Baijnath),Mousambi(Sweet Lime),23-08-2025,5200,5500,5500
Himachal Pradesh,Kangra,Kangra(Baijnath),Tomato,23-08-2025,4500,5500,5000
Himachal Pradesh,Kangra,Kangra(Jaisinghpur),Banana,23-08-2025,5000,5200,5100
Himachal Pradesh,Kangra,Kangra(Jaisinghpur),Carrot,23-08-2025,3000,3200,3100
Himachal Pradesh,Kangra,Kangra(Jaisinghpur),Cucumbar(Kheera),23-08-2025,3000,3500,3200
Himachal Pradesh,Kangra,Kangra(Jaisinghpur),Guava,23-08-2025,6500,7500,7000
Himachal Pradesh,Kangra,Kangra(Jaisinghpur),Pomegranate,23-08-2025,8000,13000,10000
Himachal Pradesh,Kangra,Kangra(Jassour),Brinjal,23-08-2025,2000,2200,2100
Himachal Pradesh,Kangra,Kangra(Jassour),Garlic,23-08-2025,12000,16000,14000
Himachal Pradesh,Kangra,Kangra(Nagrota Bagwan),Capsicum,23-08-2025,7500,7800,7700
Himachal Pradesh,Kangra,Kangra(Nagrota Bagwan),Guava,23-08-2025,4500,5500,5000
Himachal Pradesh,Kangra,Kangra(Nagrota Bagwan),Onion,23-08-2025,2400,2600,2500
Himachal Pradesh,Kangra,Kangra(Nagrota Bagwan),Pumpkin,23-08-2025,1400,1800,1500
Himachal Pradesh,Kangra,Palampur,Beetroot,23-08-2025,4800,5000,4900
Himachal Pradesh,Kangra,Palampur,Bottle gourd,23-08-2025,3500,4000,3700
Himachal Pradesh,Kangra,Palampur,Cucumbar(Kheera),23-08-2025,2500,3000,2700
Himachal Pradesh,Kangra,Palampur,Garlic,23-08-2025,10000,12000,11000
Himachal Pradesh,Kangra,Palampur,Guava,23-08-2025,6000,7000,6500
Himachal Pradesh,Kullu,Kullu,Banana,23-08-2025,3300,3600,3500
Himachal Pradesh,Kullu,Kullu,Bottle gourd,23-08-2025,3500,4000,3800
Himachal Pradesh,Kullu,Kullu,Cabbage,23-08-2025,1500,2000,1800
Himachal Pradesh,Kullu,Kullu,Onion,23-08-2025,2400,2800,2600
Himachal Pradesh,Kullu,Kullu,Squash(Chappal Kadoo),23-08-2025,2000,2500,2300
Himachal Pradesh,Mandi,Dhanotu (Mandi),Bitter gourd,23-08-2025,2500,3000,2750
Himachal Pradesh,Mandi,Dhanotu (Mandi),Cauliflower,23-08-2025,3500,4000,3750
Himachal Pradesh,Mandi,Dhanotu (Mandi),Mango,23-08-2025,2500,3500,3000
Himachal Pradesh,Mandi,Mandi(Mandi),Bhindi(Ladies Finger),23-08-2025,3000,4000,3500
Himachal Pradesh,Mandi,Mandi(Mandi),Colacasia,23-08-2025,2500,3000,3000
Himachal Pradesh,Mandi,Mandi(Mandi),Mango,23-08-2025,15000,15000,15000
Himachal Pradesh,Mandi,Mandi(Mandi),Peas cod,23-08-2025,11000,11000,11000
Himachal Pradesh,Mandi,Mandi(Mandi),Persimon(Japani Fal),23-08-2025,4500,5000,5000
Himachal Pradesh,Mandi,Mandi(Mandi),Tomato,23-08-2025,3000,5000,4000
Himachal Pradesh,Sirmore,Nahan,Bhindi(Ladies Finger),23-08-2025,3000,3500,3200
Himachal Pradesh,Sirmore,Nahan,Carrot,23-08-2025,3000,4000,3500
Himachal Pradesh,Sirmore,Nahan,Cauliflower,23-08-2025,5000,6000,5500
Himachal Pradesh,Sirmore,Nahan,Green Chilli,23-08-2025,4000,5000,4500
Himachal Pradesh,Sirmore,Nahan,Lemon,23-08-2025,5000,6000,5500
Himachal Pradesh,Sirmore,Nahan,Onion,23-08-2025,1800,2200,2000
Himachal Pradesh,Sirmore,Nahan,Papaya,23-08-2025,3000,3500,3200
Himachal Pradesh,Sirmore,Nahan,Pomegranate,23-08-2025,10000,14000,12000
Himachal Pradesh,Sirmore,Nahan,Sponge gourd,23-08-2025,3000,4000,3500
Himachal Pradesh,Sirmore,Paonta Sahib,Bitter gourd,23-08-2025,3500,4000,3800
Himachal Pradesh,Sirmore,Paonta Sahib,Brinjal,23-08-2025,2500,3000,2800
Himachal Pradesh,Sirmore,Paonta Sahib,Cabbage,23-08-2025,2000,2500,2200
Himachal Pradesh,Sirmore,Paonta Sahib,Colacasia,23-08-2025,2500,3000,2800
Himachal Pradesh,Sirmore,Paonta Sahib,Papaya,23-08-2025,3500,4000,3800
Himachal Pradesh,Sirmore,Paonta Sahib,Pumpkin,23-08-2025,1500,2000,1800
Himachal Pradesh,Solan,Solan,Bhindi(Ladies Finger),23-08-2025,2500,2800,2700
Himachal Pradesh,Solan,Solan,Bottle gourd,23-08-2025,2000,2800,2500
Himachal Pradesh,Solan,Solan,Carrot,23-08-2025,2200,2500,2300
Himachal Pradesh,Solan,Solan,Mousambi(Sweet Lime),23-08-2025,4500,5500,5000
Himachal Pradesh,Solan,Solan,Papaya,23-08-2025,3000,3500,3200
Himachal Pradesh,Solan,Solan,Pomegranate,23-08-2025,10000,13000,12000
Himachal Pradesh,Solan,Solan,Potato,23-08-2025,800,2400,2200
Himachal Pradesh,Solan,Solan,Tomato,23-08-2025,1300,5000,3500
Himachal Pradesh,Solan,Solan(Nalagarh),Banana,23-08-2025,3000,3500,3200
Himachal Pradesh,Solan,Solan(Nalagarh),Bottle gourd,23-08-2025,1800,2200,2000
Himachal Pradesh,Solan,Solan(Nalagarh),Ginger(Green),23-08-2025,5000,7000,6000
Himachal Pradesh,Solan,Solan(Nalagarh),Green Chilli,23-08-2025,4000,5000,4500
Himachal Pradesh,Solan,Solan(Nalagarh),Potato,23-08-2025,1200,1400,1300
Himachal Pradesh,Una,Santoshgarh,Cabbage,23-08-2025,1700,1700,1700
Himachal Pradesh,Una,Santoshgarh,Capsicum,23-08-2025,5800,6000,5900
Himachal Pradesh,Una,Santoshgarh,Coriander(Leaves),23-08-2025,9000,9500,9250
Himachal Pradesh,Una,Santoshgarh,Ginger(Green),23-08-2025,5700,5800,5750
Himachal Pradesh,Una,Santoshgarh,Green Chilli,23-08-2025,4000,5700,4850
Himachal Pradesh,Una,Una,Bhindi(Ladies Finger),23-08-2025,2500,4000,3200
Himachal Pradesh,Una,Una,Brinjal,23-08-2025,1000,3000,2000
Himachal Pradesh,Una,Una,Mango,23-08-2025,9000,12000,10500
Himachal Pradesh,Una,Una,Mousambi(Sweet Lime),23-08-2025,4000,5000,4500
Himachal Pradesh,Una,Una,Potato,23-08-2025,1100,1400,1200
Jammu and Kashmir,Baramulla,Nowpora,Apple,23-08-2025,8000,10000,9000
Jammu and Kashmir,Jammu,Batote,Banana,23-08-2025,4500,4700,4600
Jammu and Kashmir,Jammu,Batote,Cucumbar(Kheera),23-08-2025,2100,2300,2200
Jammu and Kashmir,Jammu,Batote,Onion,23-08-2025,2200,2400,2300
Jammu and Kashmir,Jammu,Narwal Jammu (F&V),Banana,23-08-2025,4000,4200,4100
Jammu and Kashmir,Kathua,Kathua,Bhindi(Ladies Finger),23-08-2025,2000,2200,2100
Jammu and Kashmir,Kathua,Kathua,Cabbage,23-08-2025,2000,2200,2100
Jammu and Kashmir,Kathua,Kathua,Carrot,23-08-2025,3000,3500,3250
Jammu and Kashmir,Kathua,Kathua,Coriander(Leaves),23-08-2025,11000,12000,11500
Jammu and Kashmir,Kathua,Kathua,Green Chilli,23-08-2025,6500,7000,6750
Jammu and Kashmir,Kathua,Kathua,Mashrooms,23-08-2025,11000,12000,11500
Jammu and Kashmir,Kathua,Kathua,Potato,23-08-2025,1200,1400,1300
Jammu and Kashmir,Kathua,Kathua,Pumpkin,23-08-2025,600,700,650
Jammu and Kashmir,Kathua,Kathua,Tomato,23-08-2025,4500,5000,4750
Jammu and Kashmir,Rajouri,Rajouri (F&V),Apple,23-08-2025,5000,5200,5100
Jammu and Kashmir,Rajouri,Rajouri (F&V),Bhindi(Ladies Finger),23-08-2025,4000,4200,4100
Jammu and Kashmir,Rajouri,Rajouri (F&V),Bottle gourd,23-08-2025,3500,3700,3600
Jammu and Kashmir,Rajouri,Rajouri (F&V),Knool Khol,23-08-2025,3500,3700,3600
Jammu and Kashmir,Srinagar,Ganderbal,Apple,23-08-2025,5000,6000,5500
Jammu and Kashmir,Srinagar,Ganderbal,Apple,23-08-2025,3500,4500,4000
Jammu and Kashmir,Srinagar,Parimpore,Banana,23-08-2025,3432,3690,3576
Jammu and Kashmir,Srinagar,Parimpore,Cauliflower,23-08-2025,2500,3000,2750
Jammu and Kashmir,Srinagar,Parimpore,Garlic,23-08-2025,6000,7000,6500
Jammu and Kashmir,Srinagar,Parimpore,Green Chilli,23-08-2025,2000,2200,2100
Jammu and Kashmir,Srinagar,Parimpore,Onion,23-08-2025,1500,1900,1700
Jammu and Kashmir,Srinagar,Parimpore,Pear(Marasebu),23-08-2025,4000,4400,4200
Jammu and Kashmir,Udhampur,Udhampur,Bitter gourd,23-08-2025,3500,4000,3750
Kerala,Alappuzha,Aroor,Ashgourd,23-08-2025,2500,2700,2600
Kerala,Alappuzha,Aroor,Drumstick,23-08-2025,4000,4200,4100
Kerala,Alappuzha,Aroor,Garlic,23-08-2025,14000,14200,14100
Kerala,Alappuzha,Chengannur,Amphophalus,23-08-2025,4800,5200,5000
Kerala,Alappuzha,Chengannur,Beetroot,23-08-2025,3800,4300,4000
Kerala,Alappuzha,Chengannur,Bitter gourd,23-08-2025,5800,6100,6000
Kerala,Alappuzha,Chengannur,Cabbage,23-08-2025,3800,4100,4000
Kerala,Alappuzha,Chengannur,Capsicum,23-08-2025,0,0,8000
Kerala,Alappuzha,Chengannur,Colacasia,23-08-2025,6800,7300,7000
Kerala,Alappuzha,Chengannur,Garlic,23-08-2025,0,0,12000
Kerala,Alappuzha,Chengannur,Ginger(Green),23-08-2025,0,0,8000
Kerala,Alappuzha,Chengannur,Onion,23-08-2025,3900,4200,4000
Kerala,Alappuzha,Chengannur,Snakeguard,23-08-2025,4800,5100,5000
Kerala,Alappuzha,Cherthala,Bitter gourd,23-08-2025,4000,4500,4300
Kerala,Alappuzha,Cherthala,Onion,23-08-2025,3000,3200,3100
Kerala,Alappuzha,Cherthala,Potato,23-08-2025,4000,4200,4100
Kerala,Alappuzha,Harippad,Amphophalus,23-08-2025,5000,5500,5000
Kerala,Alappuzha,Harippad,Ashgourd,23-08-2025,3000,3500,3000
Kerala,Alappuzha,Harippad,Cucumbar(Kheera),23-08-2025,3000,3500,3000
Kerala,Alappuzha,Harippad,Mango,23-08-2025,5000,5500,5000
Kerala,Alappuzha,Kayamkulam,Beetroot,23-08-2025,1900,2100,2000
Kerala,Alappuzha,Kayamkulam,Bhindi(Ladies Finger),23-08-2025,4300,4500,4400
Kerala,Alappuzha,Kayamkulam,Drumstick,23-08-2025,1500,1700,1600
Kerala,Alappuzha,Kayamkulam,Snakeguard,23-08-2025,4200,4400,4300
Kerala,Alappuzha,Mannar,Banana - Green,23-08-2025,4100,4300,4200
Kerala,Ernakulam,Aluva,Bitter gourd,23-08-2025,4000,6000,5000
Kerala,Ernakulam,Aluva,Brinjal,23-08-2025,3000,4000,3500
Kerala,Ernakulam,Aluva,Carrot,23-08-2025,7000,8000,7500
Kerala,Ernakulam,Aluva,Cowpea(Veg),23-08-2025,4000,6000,5000
Kerala,Ernakulam,Aluva,Elephant Yam (Suran),23-08-2025,4800,6000,5400
Kerala,Ernakulam,Aluva,Pumpkin,23-08-2025,2000,3000,2500
Kerala,Ernakulam,Aluva,Snakeguard,23-08-2025,3000,4000,3500
Kerala,Ernakulam,Aluva,Tapioca,23-08-2025,2000,3000,2500
Kerala,Ernakulam,Ernakulam,Amphophalus,23-08-2025,4200,5000,4700
Kerala,Ernakulam,Ernakulam,Tapioca,23-08-2025,2200,3000,2600
Kerala,Ernakulam,Mazhuvannur VFPCK,Banana,23-08-2025,1200,5400,3400
Kerala,Ernakulam,Mazhuvannur VFPCK,Banana,23-08-2025,1000,2800,1700
Kerala,Ernakulam,Mazhuvannur VFPCK,Pineapple,23-08-2025,1400,3000,2500
Kerala,Ernakulam,Mookkannur  VFPCK,Banana,23-08-2025,3200,4300,3800
Kerala,Ernakulam,North Paravur,Amaranthus,23-08-2025,2000,3000,2500
Kerala,Ernakulam,North Paravur,Banana - Green,23-08-2025,3800,4500,4000
Kerala,Ernakulam,North Paravur,Bhindi(Ladies Finger),23-08-2025,4500,5000,4800
Kerala,Ernakulam,North Paravur,Bottle gourd,23-08-2025,2000,2500,2200
Kerala,Ernakulam,North Paravur,Cauliflower,23-08-2025,3000,4000,3500
Kerala,Ernakulam,North Paravur,Coconut,23-08-2025,7200,8000,7500
Kerala,Ernakulam,North Paravur,Drumstick,23-08-2025,3000,4000,3500
Kerala,Ernakulam,North Paravur,Green Chilli,23-08-2025,5000,6000,5500
Kerala,Ernakulam,North Paravur,Onion,23-08-2025,4800,5500,5000
Kerala,Ernakulam,North Paravur,Potato,23-08-2025,4000,5000,4500
Kerala,Ernakulam,North Paravur,Ridgeguard(Tori),23-08-2025,5500,6500,6000
Kerala,Ernakulam,North Paravur,Sweet Potato,23-08-2025,4000,4800,4500
Kerala,Ernakulam,Perumbavoor,Arecanut(Betelnut/Supari),23-08-2025,32500,33500,33000
Kerala,Ernakulam,Perumbavoor,Ashgourd,23-08-2025,2000,3000,2500
Kerala,Ernakulam,Perumbavoor,Beetroot,23-08-2025,2000,3000,2500
Kerala,Ernakulam,Perumbavoor,Colacasia,23-08-2025,4800,5800,5200
Kerala,Ernakulam,Perumbavoor,Cucumbar(Kheera),23-08-2025,1600,2600,2000
Kerala,Ernakulam,Perumbavoor,Ginger(Green),23-08-2025,6500,7500,7000
Kerala,Ernakulam,Perumbavoor,Green Chilli,23-08-2025,5000,6000,5500
Kerala,Ernakulam,Perumbavoor,Indian Beans (Seam),23-08-2025,5500,6500,6000
Kerala,Ernakulam,Perumbavoor,Pumpkin,23-08-2025,1300,2300,1700
Kerala,Ernakulam,Thrippunithura,Amphophalus,23-08-2025,5000,8000,5200
Kerala,Ernakulam,Thrippunithura,Ashgourd,23-08-2025,4000,5000,4200
Kerala,Ernakulam,Thrippunithura,Bitter gourd,23-08-2025,5600,7400,5800
Kerala,Ernakulam,Thrippunithura,Bottle gourd,23-08-2025,4000,5000,4200
Kerala,Ernakulam,Thrippunithura,Capsicum,23-08-2025,8000,12000,10000
Kerala,Ernakulam,Thrippunithura,Indian Beans (Seam),23-08-2025,7000,8000,7200
Kerala,Idukki,Adimali,Amaranthus,23-08-2025,6000,7000,7000
Kerala,Idukki,Adimali,Banana,23-08-2025,6000,6000,6000
Kerala,Idukki,Adimali,Banana,23-08-2025,4000,4000,4000
Kerala,Idukki,Adimali,Beetroot,23-08-2025,4000,5000,4000
Kerala,Idukki,Adimali,Coconut,23-08-2025,9000,9000,9000
Kerala,Idukki,Vandiperiyar,Apple,23-08-2025,23000,24000,24000
Kerala,Idukki,Vandiperiyar,Ashgourd,23-08-2025,3400,3500,3500
Kerala,Idukki,Vandiperiyar,Banana,23-08-2025,6500,6600,6600
Kerala,Idukki,Vandiperiyar,Banana,23-08-2025,5500,5600,5600
Kerala,Idukki,Vandiperiyar,Beetroot,23-08-2025,3700,3800,3800
Kerala,Idukki,Vandiperiyar,Carrot,23-08-2025,5800,6000,6000
Kerala,Idukki,Vandiperiyar,Drumstick,23-08-2025,4500,4600,4600
Kerala,Idukki,Vandiperiyar,Green Chilli,23-08-2025,7400,7500,7500
Kerala,Idukki,Vandiperiyar,Tomato,23-08-2025,4800,5000,5000
Kerala,Kannur,Chavassery VFPCK,Banana - Green,23-08-2025,6000,6000,6000
Kerala,Kannur,Kannur,Banana - Green,23-08-2025,4500,4700,4600
Kerala,Kannur,Kannur,Coconut Oil,23-08-2025,36400,40500,37500
Kerala,Kannur,Payyannur,Amaranthus,23-08-2025,3700,3900,3800
Kerala,Kannur,Payyannur,Banana,23-08-2025,4200,4400,4300
Kerala,Kannur,Payyannur,Cucumbar(Kheera),23-08-2025,2700,2900,2800
Kerala,Kannur,Taliparamba,Green Chilli,23-08-2025,4900,5100,5000
Kerala,Kannur,Taliparamba,Onion,23-08-2025,2500,2700,2600
Kerala,Kollam,Anchal,Cabbage,23-08-2025,5000,5200,5100
Kerala,Kollam,Anchal,Capsicum,23-08-2025,6500,6700,6600
Kerala,Kollam,Anchal,Snakeguard,23-08-2025,4500,4700,4600
Kerala,Kottayam,Ettumanoor,Ashgourd,23-08-2025,2800,3200,3000
Kerala,Kottayam,Ettumanoor,Banana - Green,23-08-2025,3600,4000,3800
Kerala,Kottayam,Ettumanoor,Beetroot,23-08-2025,3000,3400,3200
Kerala,Kottayam,Ettumanoor,Bitter gourd,23-08-2025,4800,5200,5000
Kerala,Kottayam,Ettumanoor,Elephant Yam (Suran),23-08-2025,4200,4600,4400
Kerala,Kottayam,Ettumanoor,Green Chilli,23-08-2025,4600,4900,4700
Kerala,Kottayam,Ettumanoor,Little gourd (Kundru),23-08-2025,5400,5600,5500
Kerala,Kottayam,Ettumanoor,Mango (Raw-Ripe),23-08-2025,8000,9000,8500
Kerala,Kottayam,Ettumanoor,Onion,23-08-2025,2400,2800,2600
Kerala,Kottayam,Ettumanoor,Potato,23-08-2025,2600,3000,2800
Kerala,Kottayam,Ettumanoor,Tapioca,23-08-2025,2400,2600,2500
Kerala,Kottayam,Kottayam,Banana,23-08-2025,2200,2600,2400
Kerala,Kottayam,Kottayam,Bengal Gram(Gram)(Whole),23-08-2025,8400,8800,8600
Kerala,Kottayam,Kottayam,Cluster beans,23-08-2025,6200,6600,6400
Kerala,Kottayam,Kottayam,Little gourd (Kundru),23-08-2025,3000,3400,3200
Kerala,Kottayam,Kottayam,Onion,23-08-2025,5200,5600,5400
Kerala,Kottayam,Kottayam,Snakeguard,23-08-2025,3800,4200,4000
Kerala,Kottayam,Kuruppanthura,Brinjal,23-08-2025,4600,5000,5000
Kerala,Kottayam,Kuruppanthura,Cabbage,23-08-2025,3600,4000,4000
Kerala,Kottayam,Kuruppanthura,Cowpea(Veg),23-08-2025,5600,6000,6000
Kerala,Kottayam,Kuruppanthura,Onion,23-08-2025,5000,6000,5800
Kerala,Kottayam,Kuruppanthura,Tomato,23-08-2025,5000,7000,6000
Kerala,Kottayam,Pampady,Banana,23-08-2025,2500,4000,3500
Kerala,Kottayam,Pampady,Banana,23-08-2025,3000,4500,4000
Kerala,Kottayam,Pampady,Bhindi(Ladies Finger),23-08-2025,5000,6500,6000
Kerala,Kottayam,Pampady,Cauliflower,23-08-2025,4000,4500,4200
Kerala,Kottayam,Pampady,Ginger(Green),23-08-2025,12500,14000,13500
Kerala,Kottayam,Pampady,Mango (Raw-Ripe),23-08-2025,7000,8500,8000
Kerala,Kottayam,Pampady,Tomato,23-08-2025,5100,7000,6000
Kerala,Kozhikode(Calicut),Kallachi,Cabbage,23-08-2025,2300,2700,2500
Kerala,Kozhikode(Calicut),Kallachi,Carrot,23-08-2025,6800,7200,7000
Kerala,Kozhikode(Calicut),Kallachi,Ginger(Green),23-08-2025,6800,7200,7000
Kerala,Kozhikode(Calicut),Kallachi,Green Chilli,23-08-2025,4800,5200,5000
Kerala,Kozhikode(Calicut),Kallachi,Potato,23-08-2025,2600,3000,2800
Kerala,Kozhikode(Calicut),Kallachi,Pumpkin,23-08-2025,2500,2900,2700
Kerala,Kozhikode(Calicut),Kallachi,Snakeguard,23-08-2025,4400,4800,4600
Kerala,Kozhikode(Calicut),Mukkom,Amphophalus,23-08-2025,4400,4800,4600
Kerala,Kozhikode(Calicut),Mukkom,Ashgourd,23-08-2025,3400,3600,3500
Kerala,Kozhikode(Calicut),Mukkom,Ginger(Green),23-08-2025,7800,8500,8000
Kerala,Kozhikode(Calicut),Mukkom,Potato,23-08-2025,2400,2800,2600
Kerala,Kozhikode(Calicut),Palayam,Amaranthus,23-08-2025,2300,2500,2300
Kerala,Kozhikode(Calicut),Palayam,Beetroot,23-08-2025,4000,4000,4000
Kerala,Kozhikode(Calicut),Palayam,Ginger(Green),23-08-2025,5500,6000,5500
Kerala,Kozhikode(Calicut),Palayam,Potato,23-08-2025,2200,2300,2200
Kerala,Kozhikode(Calicut),Palayam,Raddish,23-08-2025,2300,2300,2300
Kerala,Kozhikode(Calicut),Perambra,Amphophalus,23-08-2025,5000,5500,5000
Kerala,Kozhikode(Calicut),Perambra,Brinjal,23-08-2025,3500,4500,4000
Kerala,Kozhikode(Calicut),Perambra,Cluster beans,23-08-2025,5000,5500,5200
Kerala,Kozhikode(Calicut),Perambra,Drumstick,23-08-2025,4000,5000,4500
Kerala,Kozhikode(Calicut),Perambra,French Beans (Frasbean),23-08-2025,7000,7500,7200
Kerala,Kozhikode(Calicut),Perambra,Onion,23-08-2025,2300,2600,2500
Kerala,Kozhikode(Calicut),Perambra,Snakeguard,23-08-2025,4500,5000,4500
Kerala,Kozhikode(Calicut),Quilandy,Amphophalus,23-08-2025,5400,5500,5500
Kerala,Kozhikode(Calicut),Quilandy,Brinjal,23-08-2025,3700,4000,3800
Kerala,Kozhikode(Calicut),Quilandy,Cauliflower,23-08-2025,2600,3000,2800
Kerala,Kozhikode(Calicut),Quilandy,French Beans (Frasbean),23-08-2025,6500,7000,6800
Kerala,Kozhikode(Calicut),Quilandy,Pumpkin,23-08-2025,2400,2500,2400
Kerala,Malappuram,Kondotty,Cauliflower,23-08-2025,3400,3600,3500
Kerala,Malappuram,Kondotty,Ginger(Green),23-08-2025,7400,7600,7500
Kerala,Malappuram,Perinthalmanna,Bhindi(Ladies Finger),23-08-2025,4000,4500,4200
Kerala,Malappuram,Perinthalmanna,Bitter gourd,23-08-2025,4500,5000,4800
Kerala,Malappuram,Perinthalmanna,Capsicum,23-08-2025,5000,6500,5500
Kerala,Malappuram,Perinthalmanna,Carrot,23-08-2025,4500,5800,5000
Kerala,Malappuram,Perinthalmanna,Cauliflower,23-08-2025,3000,3800,3500
Kerala,Malappuram,Perinthalmanna,Cluster beans,23-08-2025,3500,4200,4000
Kerala,Malappuram,Perinthalmanna,Pumpkin,23-08-2025,1200,1600,1500
Kerala,Malappuram,Perinthalmanna,Raddish,23-08-2025,2500,3500,2800
Kerala,Malappuram,Perinthalmanna,Snakeguard,23-08-2025,3500,4000,3800
Kerala,Palakad,Palakkad,Bengal Gram(Gram)(Whole),23-08-2025,9000,10000,9600
Kerala,Palakad,Palakkad,Cowpea (Lobia/Karamani),23-08-2025,9500,10500,10100
Kerala,Palakad,Palakkad,Green Peas,23-08-2025,14500,16000,15300
Kerala,Palakad,Palakkad,Kabuli Chana(Chickpeas-White),23-08-2025,11000,12500,11800
Kerala,Palakad,Palakkad,Onion,23-08-2025,5000,6000,5600
Kerala,Palakad,Palakkad,Tomato,23-08-2025,5000,6000,5600
Kerala,Palakad,Vadakkenchery,Banana,23-08-2025,5000,5500,5250
Kerala,Palakad,Vadakkenchery,Beetroot,23-08-2025,4000,7500,5750
Kerala,Palakad,Vadakkenchery,Bhindi(Ladies Finger),23-08-2025,5500,6000,5750
Kerala,Pathanamthitta,Pallikkal  VFPCK,Banana,23-08-2025,5200,8500,6000
Kerala,Pathanamthitta,THENGAMAM VFPCK,Amaranthus,23-08-2025,2000,2000,2000
Kerala,Thirssur,Chavakkad,Ashgourd,23-08-2025,2600,3200,3200
Kerala,Thirssur,Chavakkad,Bhindi(Ladies Finger),23-08-2025,4000,5000,5000
Kerala,Thirssur,Chavakkad,Carrot,23-08-2025,7000,8000,8000
Kerala,Thirssur,Chavakkad,Snakeguard,23-08-2025,4000,5000,5000
Kerala,Thirssur,Kuzhur  VFPCK,Banana,23-08-2025,1500,2700,2100
Kerala,Thirssur,Kuzhur  VFPCK,Banana,23-08-2025,1000,2500,2000
Kerala,Thirssur,MALA VFPCK,Banana,23-08-2025,3000,5200,4800
Kerala,Thiruvananthapuram,Attingal,Banana,23-08-2025,6500,7500,7000
Kerala,Thiruvananthapuram,Neyyatinkara,Bitter gourd,23-08-2025,6000,6500,6200
Kerala,Thiruvananthapuram,Neyyatinkara,Cucumbar(Kheera),23-08-2025,3600,4000,3700
Kerala,Thiruvananthapuram,Neyyatinkara,Ginger(Green),23-08-2025,7500,8000,7700
Kerala,Thiruvananthapuram,Neyyatinkara,Tapioca,23-08-2025,4500,5000,4700
Kerala,Thiruvananthapuram,PAPPANCHANI VFPCK,Cucumbar(Kheera),23-08-2025,48,50,49
Kerala,Thiruvananthapuram,Parassala,Banana,23-08-2025,6000,6500,6000
Kerala,Thiruvananthapuram,Parassala,Colacasia,23-08-2025,6800,7000,6800
Kerala,Wayanad,Kalpetta,Brinjal,23-08-2025,2000,2100,2100
Kerala,Wayanad,Kalpetta,Green Chilli,23-08-2025,3400,3500,3500
Kerala,Wayanad,Manathavady,Bitter gourd,23-08-2025,2800,3000,2900
Kerala,Wayanad,Manathavady,Coffee,23-08-2025,25200,25300,25300
Kerala,Wayanad,Pulpally,Banana,23-08-2025,3600,3800,3700
Kerala,Wayanad,Pulpally,Bitter gourd,23-08-2025,3200,3500,3400
Kerala,Wayanad,Pulpally,Coffee,23-08-2025,19400,19600,19500
Kerala,Wayanad,Pulpally,Paddy(Dhan)(Common),23-08-2025,2450,2470,2460
Kerala,Wayanad,Pulpally,Pepper ungarbled,23-08-2025,64500,64700,64600
Kerala,Wayanad,Pulpally,Pumpkin,23-08-2025,1100,1300,1200
Madhya Pradesh,Badwani,Badwani(F&V),Bhindi(Ladies Finger),23-08-2025,1000,1000,1000
Madhya Pradesh,Badwani,Badwani(F&V),Tomato,23-08-2025,1800,1800,1800
Madhya Pradesh,Indore,Indore(F&V),Cauliflower,23-08-2025,600,1200,800
Madhya Pradesh,Indore,Indore(F&V),Cucumbar(Kheera),23-08-2025,200,400,300
Madhya Pradesh,Indore,Indore(F&V),Drumstick,23-08-2025,1000,2000,1600
Madhya Pradesh,Indore,Indore(F&V),Papaya,23-08-2025,1000,2800,1800
Madhya Pradesh,Indore,Indore(F&V),Pineapple,23-08-2025,1500,3000,2500
Madhya Pradesh,Indore,Indore(F&V),Pomegranate,23-08-2025,1400,8000,4000
Madhya Pradesh,Sagar,Sagar(F&V),Cucumbar(Kheera),23-08-2025,600,1000,800
Madhya Pradesh,Sagar,Sagar(F&V),Green Chilli,23-08-2025,2000,3000,2500
Madhya Pradesh,Sagar,Sagar(F&V),Onion,23-08-2025,1000,1200,1100
Madhya Pradesh,Sagar,Sagar(F&V),Other green and fresh vegetables,23-08-2025,600,800,700
Madhya Pradesh,Sagar,Sagar(F&V),Pear(Marasebu),23-08-2025,1500,3000,2000
Madhya Pradesh,Sagar,Sagar(F&V),Sponge gourd,23-08-2025,1000,1200,1100
Madhya Pradesh,Sagar,Sagar(F&V),Tomato,23-08-2025,2000,3000,2500
NCT of Delhi,Delhi,Azadpur,Apple,23-08-2025,2000,3600,3000
NCT of Delhi,Delhi,Azadpur,Garlic,23-08-2025,2000,10000,3500
NCT of Delhi,Delhi,Azadpur,Guar,23-08-2025,1500,3000,2300
NCT of Delhi,Delhi,Azadpur,Guava,23-08-2025,500,6000,2813
NCT of Delhi,Delhi,Azadpur,Pomegranate,23-08-2025,1000,16000,5100
NCT of Delhi,Delhi,Azadpur,Raddish,23-08-2025,400,1800,1067
NCT of Delhi,Delhi,"Fish,Poultry & Egg Market, Gazipur",Cock,23-08-2025,54,80,67
NCT of Delhi,Delhi,"Fish,Poultry & Egg Market, Gazipur",Cock,23-08-2025,200,280,240
NCT of Delhi,Delhi,"Fish,Poultry & Egg Market, Gazipur",Fish,23-08-2025,35000,50000,46000
NCT of Delhi,Delhi,"Fish,Poultry & Egg Market, Gazipur",Fish,23-08-2025,35000,45000,40000
NCT of Delhi,Delhi,"Fish,Poultry & Egg Market, Gazipur",Fish,23-08-2025,13500,20000,17000
NCT of Delhi,Delhi,"Fish,Poultry & Egg Market, Gazipur",Hen,23-08-2025,24,30,27
Odisha,Boudh,Boudh,Banana - Green,23-08-2025,2000,4000,3000
Odisha,Boudh,Boudh,Cauliflower,23-08-2025,4000,6000,5000
Odisha,Boudh,Boudh,Green Chilli,23-08-2025,7000,9000,8000
Odisha,Boudh,Boudh,Potato,23-08-2025,1000,1500,1200
Odisha,Boudh,Khunthabandha,Cucumbar(Kheera),23-08-2025,2500,4000,3000
Odisha,Boudh,Khunthabandha,Drumstick,23-08-2025,5500,7000,6000
Odisha,Boudh,Khunthabandha,Potato,23-08-2025,1800,3000,2000
Odisha,Dhenkanal,Hindol,Bitter gourd,23-08-2025,4500,5000,4800
Odisha,Dhenkanal,Hindol,Ridgeguard(Tori),23-08-2025,5800,6000,5900
Odisha,Gajapati,Parlakhemundi,Cock,23-08-2025,750,800,800
Odisha,Gajapati,Parlakhemundi,Ridgeguard(Tori),23-08-2025,1800,2000,1900
Punjab,Amritsar,Rayya,Brinjal,23-08-2025,2000,2000,2000
Punjab,Bhatinda,Bhagta Bhai Ka,Pumpkin,23-08-2025,2400,2400,2400
Punjab,Ferozpur,Zira,Capsicum,23-08-2025,4000,5000,4500
Punjab,Ferozpur,Zira,Onion,23-08-2025,1600,2000,1800
Punjab,Hoshiarpur,Mukerian(Talwara),Tomato,23-08-2025,5000,7000,6000
Punjab,Jalandhar,Bhogpur,Brinjal,23-08-2025,2000,2000,2000
Punjab,Ludhiana,Khanna,Apple,23-08-2025,4000,10000,8000
Punjab,Ludhiana,Khanna,Cabbage,23-08-2025,1000,2000,1500
Punjab,Ludhiana,Khanna,Ginger(Green),23-08-2025,3000,6000,4000
Punjab,Ludhiana,Khanna,Mousambi(Sweet Lime),23-08-2025,3000,4000,3500
Punjab,Ludhiana,Khanna,Onion,23-08-2025,1200,1700,1400
Punjab,Ludhiana,Ludhiana,Ashgourd,23-08-2025,700,1700,1000
Punjab,Ludhiana,Ludhiana,Bhindi(Ladies Finger),23-08-2025,1500,2000,1800
Punjab,Ludhiana,Ludhiana,Garlic,23-08-2025,2200,6000,4500
Punjab,Ludhiana,Ludhiana,Guava,23-08-2025,1000,2500,1500
Punjab,Ludhiana,Ludhiana,Lemon,23-08-2025,2000,2800,2500
Punjab,Ludhiana,Sahnewal,Brinjal,23-08-2025,1500,1500,1500
Punjab,Ludhiana,Sahnewal,Colacasia,23-08-2025,2000,2000,2000
Punjab,Sangrur,Ahmedgarh,Apple,23-08-2025,5000,5300,5000
Punjab,Tarntaran,Harike,Pumpkin,23-08-2025,700,800,800
Punjab,Tarntaran,Harike,Ridgeguard(Tori),23-08-2025,600,700,700
Punjab,Tarntaran,Patti,Pumpkin,23-08-2025,2000,2500,2200
Punjab,Tarntaran,Patti,Round gourd,23-08-2025,3000,4000,3500
Punjab,Tarntaran,Patti,Tomato,23-08-2025,3000,4000,3500
Punjab,Tarntaran,Tarantaran,Bhindi(Ladies Finger),23-08-2025,2000,2600,2500
Punjab,Tarntaran,Tarantaran,Brinjal,23-08-2025,2000,2500,2400
Punjab,Tarntaran,Tarantaran,Cucumbar(Kheera),23-08-2025,2000,2600,2500
Punjab,Tarntaran,Tarantaran,Onion,23-08-2025,1300,1500,1400
Punjab,Tarntaran,Tarantaran,Pumpkin,23-08-2025,2000,2400,2200
Rajasthan,Baran,Anta,Soyabean,23-08-2025,4500,4500,4500
Rajasthan,Baran,Baran,Bengal Gram(Gram)(Whole),23-08-2025,5400,5400,5400
Rajasthan,Baran,Baran,Soyabean,23-08-2025,4201,4612,4475
Rajasthan,Ganganagar,Sriganganagar (F&V),Banana,23-08-2025,2500,2900,2700
Rajasthan,Ganganagar,Sriganganagar (F&V),Bhindi(Ladies Finger),23-08-2025,1900,2300,2100
Rajasthan,Ganganagar,Sriganganagar (F&V),Cauliflower,23-08-2025,3800,4200,4000
Rajasthan,Ganganagar,Sriganganagar (F&V),Cucumbar(Kheera),23-08-2025,900,1300,1100
Rajasthan,Ganganagar,Sriganganagar (F&V),Guava,23-08-2025,3300,3700,3500
Rajasthan,Ganganagar,Sriganganagar (F&V),Pomegranate,23-08-2025,9800,10200,10000
Rajasthan,Ganganagar,Sriganganagar (F&V),Tinda,23-08-2025,1900,2300,2100
Rajasthan,Ganganagar,Suratgarh,Guar,23-08-2025,4400,4930,4900
Rajasthan,Ganganagar,Suratgarh,Wheat,23-08-2025,2611,2800,2622
Rajasthan,Hanumangarh,Bhadara,Onion,23-08-2025,1800,2000,1875
Rajasthan,Hanumangarh,Bhadara,Tomato,23-08-2025,4000,5000,4250
Rajasthan,Hanumangarh,Rawatsar,Potato,23-08-2025,1100,1100,1100
Rajasthan,Jhalawar,Khanpur,Bengal Gram(Gram)(Whole),23-08-2025,5001,5742,5565
Rajasthan,Sanchore,Raniwara,Bajra(Pearl Millet/Cumbu),23-08-2025,2500,2500,2500
Telangana,Adilabad,Bhainsa,"Sesamum(Sesame,Gingelly,Til)",23-08-2025,9975,9975,9975
Telangana,Hyderabad,Gudimalkapur,Kankambra,23-08-2025,400,600,500
Telangana,Hyderabad,Gudimalkapur,Marigold(loose),23-08-2025,25,45,30
Telangana,Karimnagar,Gangadhara,Paddy(Dhan)(Common),23-08-2025,2300,2300,2300
Telangana,Ranga Reddy,Chevella,Tomato,23-08-2025,2500,2500,2500
Telangana,Warangal,Warangal,Beetroot,23-08-2025,3000,3200,3100
Telangana,Warangal,Warangal,Brinjal,23-08-2025,1600,2000,1800
Telangana,Warangal,Warangal,Colacasia,23-08-2025,3500,4000,3750
Telangana,Warangal,Warangal,French Beans (Frasbean),23-08-2025,9500,10000,9750
Telangana,Warangal,Warangal,Pomegranate,23-08-2025,13000,13000,13000
Telangana,Warangal,Warangal,Potato,23-08-2025,2200,2600,2400
Telangana,Warangal,Warangal,Yam (Ratalu),23-08-2025,3500,4000,3750
Tripura,North Tripura,Dasda,Brinjal,23-08-2025,1500,2000,1750
Tripura,South District,Barpathari,Brinjal,23-08-2025,3900,4100,4000
Tripura,South District,Barpathari,Ridgeguard(Tori),23-08-2025,3900,4100,4000
Uttar Pradesh,Agra,Achnera,Cabbage,23-08-2025,1860,1940,1900
Uttar Pradesh,Agra,Achnera,Green Chilli,23-08-2025,4500,4600,4550
Uttar Pradesh,Agra,Achnera,Sponge gourd,23-08-2025,1660,1740,1700
Uttar Pradesh,Agra,Agra,Banana,23-08-2025,2500,2750,2620
Uttar Pradesh,Agra,Agra,Banana - Green,23-08-2025,1700,1880,1800
Uttar Pradesh,Agra,Agra,Capsicum,23-08-2025,5750,6000,5850
Uttar Pradesh,Agra,Agra,Lemon,23-08-2025,2700,3000,2900
Uttar Pradesh,Agra,Agra,Papaya,23-08-2025,2950,3200,3040
Uttar Pradesh,Agra,Agra,Potato,23-08-2025,800,1150,970
Uttar Pradesh,Agra,Agra,Rice,23-08-2025,3340,3480,3420
Uttar Pradesh,Agra,Agra,White Peas,23-08-2025,3920,4100,4010
Uttar Pradesh,Aligarh,Aligarh,Cabbage,23-08-2025,1240,1350,1300
Uttar Pradesh,Aligarh,Aligarh,Cucumbar(Kheera),23-08-2025,1400,1550,1470
Uttar Pradesh,Aligarh,Aligarh,Ghee,23-08-2025,53660,53750,53700
Uttar Pradesh,Aligarh,Aligarh,Green Chilli,23-08-2025,3940,4060,4000
Uttar Pradesh,Aligarh,Aligarh,Lemon,23-08-2025,4200,4300,4250
Uttar Pradesh,Aligarh,Aligarh,Mousambi(Sweet Lime),23-08-2025,3430,3520,3480
Uttar Pradesh,Aligarh,Aligarh,Potato,23-08-2025,900,1000,950
Uttar Pradesh,Aligarh,Atrauli,Bottle gourd,23-08-2025,1000,1100,1050
Uttar Pradesh,Aligarh,Atrauli,Brinjal,23-08-2025,1200,1300,1250
Uttar Pradesh,Aligarh,Charra,Cabbage,23-08-2025,2600,2800,2700
Uttar Pradesh,Aligarh,Charra,Green Chilli,23-08-2025,4800,5000,4900
Uttar Pradesh,Aligarh,Charra,Potato,23-08-2025,1000,1200,1100
Uttar Pradesh,Aligarh,Khair,Bajra(Pearl Millet/Cumbu),23-08-2025,1750,2000,1850
Uttar Pradesh,Ambedkarnagar,Akbarpur,Capsicum,23-08-2025,5100,5250,5200
Uttar Pradesh,Ambedkarnagar,Akbarpur,Cucumbar(Kheera),23-08-2025,2050,2250,2100
Uttar Pradesh,Ambedkarnagar,Akbarpur,Ginger(Green),23-08-2025,4200,4350,4250
Uttar Pradesh,Ambedkarnagar,Akbarpur,Green Chilli,23-08-2025,4800,5050,4950
Uttar Pradesh,Ambedkarnagar,Akbarpur,Lemon,23-08-2025,4400,4550,4480
Uttar Pradesh,Ambedkarnagar,Akbarpur,Onion,23-08-2025,1300,1450,1385
Uttar Pradesh,Ambedkarnagar,Akbarpur,Sponge gourd,23-08-2025,1850,1980,1950
Uttar Pradesh,Ambedkarnagar,Akbarpur,Tomato,23-08-2025,4000,4250,4200
Uttar Pradesh,Amethi,Sultanpur,Arhar Dal(Tur Dal),23-08-2025,10285,10335,10300
Uttar Pradesh,Amethi,Sultanpur,Bhindi(Ladies Finger),23-08-2025,1580,1635,1600
Uttar Pradesh,Amethi,Sultanpur,Brinjal,23-08-2025,1750,1820,1780
Uttar Pradesh,Amethi,Sultanpur,Pomegranate,23-08-2025,6900,7060,7000
Uttar Pradesh,Amroha,Amroha,Arhar Dal(Tur Dal),23-08-2025,10020,10120,10070
Uttar Pradesh,Amroha,Amroha,Bottle gourd,23-08-2025,1220,1320,1280
Uttar Pradesh,Amroha,Amroha,Pomegranate,23-08-2025,6200,6300,6250
Uttar Pradesh,Amroha,Dhanaura,Potato,23-08-2025,1000,1500,1200
Uttar Pradesh,Amroha,Hasanpur,Apple,23-08-2025,4210,5000,4520
Uttar Pradesh,Amroha,Hasanpur,Cabbage,23-08-2025,1410,1500,1450
Uttar Pradesh,Amroha,Hasanpur,Capsicum,23-08-2025,1410,1500,1450
Uttar Pradesh,Amroha,Hasanpur,Cauliflower,23-08-2025,2100,3000,2520
Uttar Pradesh,Amroha,Hasanpur,Papaya,23-08-2025,1410,1500,1450
Uttar Pradesh,Amroha,Hasanpur,Spinach,23-08-2025,1410,1500,1450
Uttar Pradesh,Auraiya,Achalda,Bengal Gram(Gram)(Whole),23-08-2025,5900,6050,5940
Uttar Pradesh,Auraiya,Achalda,Bottle gourd,23-08-2025,1250,1350,1300
Uttar Pradesh,Auraiya,Achalda,Cabbage,23-08-2025,2100,2200,2150
Uttar Pradesh,Auraiya,Achalda,Pumpkin,23-08-2025,1400,1500,1460
Uttar Pradesh,Auraiya,Auraiya,Apple,23-08-2025,7015,7400,7250
Uttar Pradesh,Auraiya,Auraiya,Bhindi(Ladies Finger),23-08-2025,1155,1375,1280
Uttar Pradesh,Auraiya,Auraiya,Garlic,23-08-2025,5925,6280,6100
Uttar Pradesh,Auraiya,Auraiya,Green Chilli,23-08-2025,4510,4750,4630
Uttar Pradesh,Auraiya,Dibiapur,Brinjal,23-08-2025,1300,1475,1400
Uttar Pradesh,Auraiya,Dibiapur,Colacasia,23-08-2025,1500,1675,1600
Uttar Pradesh,Ayodhya,Faizabad,Lentil (Masur)(Whole),23-08-2025,7200,7380,7320
Uttar Pradesh,Ayodhya,Faizabad,Pomegranate,23-08-2025,7000,7200,7100
Uttar Pradesh,Ayodhya,Faizabad,Potato,23-08-2025,1120,1230,1160
Uttar Pradesh,Ayodhya,Rudauli,Bhindi(Ladies Finger),23-08-2025,1950,2050,2000
Uttar Pradesh,Ayodhya,Rudauli,Potato,23-08-2025,1050,1175,1100
Uttar Pradesh,Azamgarh,Azamgarh,Apple,23-08-2025,9025,9175,9100
Uttar Pradesh,Azamgarh,Azamgarh,Barley (Jau),23-08-2025,2300,2400,2340
Uttar Pradesh,Azamgarh,Azamgarh,Ginger(Green),23-08-2025,3625,3775,3700
Uttar Pradesh,Azamgarh,Azamgarh,Pumpkin,23-08-2025,1275,1425,1350
Uttar Pradesh,Azamgarh,Azamgarh,Rice,23-08-2025,3335,3435,3385
Uttar Pradesh,Azamgarh,Azamgarh,Ridgeguard(Tori),23-08-2025,2025,2175,2100
Uttar Pradesh,Badaun,Badayoun,Brinjal,23-08-2025,1660,1780,1725
Uttar Pradesh,Badaun,Badayoun,Papaya,23-08-2025,2700,2830,2765
Uttar Pradesh,Badaun,Badayoun,Pumpkin,23-08-2025,1310,1420,1360
Uttar Pradesh,Badaun,Badayoun,Raddish,23-08-2025,2050,2200,2125
Uttar Pradesh,Badaun,Badayoun,Tomato,23-08-2025,4000,4180,4100
Uttar Pradesh,Badaun,Shahaswan,Banana,23-08-2025,2000,2200,2100
Uttar Pradesh,Badaun,Shahaswan,Cauliflower,23-08-2025,2800,3200,3000
Uttar Pradesh,Badaun,Shahaswan,Green Chilli,23-08-2025,3800,4200,4000
Uttar Pradesh,Badaun,Shahaswan,Onion,23-08-2025,1400,1600,1500
Uttar Pradesh,Badaun,Wazirganj,Green Chilli,23-08-2025,4425,4500,4450
Uttar Pradesh,Badaun,Wazirganj,Onion,23-08-2025,1300,1325,1315
Uttar Pradesh,Badaun,Wazirganj,Tomato,23-08-2025,4000,4050,4025
Uttar Pradesh,Baghpat,Bagpat,Sponge gourd,23-08-2025,1400,1600,1500
Uttar Pradesh,Baghpat,Bagpat,Tomato,23-08-2025,3800,4200,4000
Uttar Pradesh,Baghpat,Baraut,Cabbage,23-08-2025,1650,1750,1700
Uttar Pradesh,Baghpat,Baraut,Mousambi(Sweet Lime),23-08-2025,3400,3600,3500
Uttar Pradesh,Baghpat,Baraut,Pumpkin,23-08-2025,1370,1500,1425
Uttar Pradesh,Baghpat,Baraut,Raddish,23-08-2025,2100,2200,2150
Uttar Pradesh,Bahraich,Bahraich,Bhindi(Ladies Finger),23-08-2025,1600,1800,1700
Uttar Pradesh,Bahraich,Bahraich,Bottle gourd,23-08-2025,1725,1880,1800
Uttar Pradesh,Bahraich,Bahraich,Capsicum,23-08-2025,6050,6300,6175
Uttar Pradesh,Bahraich,Bahraich,Green Chilli,23-08-2025,4800,5000,4900
Uttar Pradesh,Bahraich,Bahraich,Gur(Jaggery),23-08-2025,4600,4750,4675
Uttar Pradesh,Bahraich,Bahraich,Maize,23-08-2025,2100,2300,2240
Uttar Pradesh,Bahraich,Bahraich,Mousambi(Sweet Lime),23-08-2025,3700,3900,3800
Uttar Pradesh,Bahraich,Naanpara,Banana - Green,23-08-2025,600,680,640
Uttar Pradesh,Bahraich,Naanpara,Paddy(Dhan)(Common),23-08-2025,2200,2300,2250
Uttar Pradesh,Bahraich,Naanpara,Ridgeguard(Tori),23-08-2025,900,960,925
Uttar Pradesh,Ballia,Ballia,Apple,23-08-2025,9060,9230,9140
Uttar Pradesh,Ballia,Ballia,Bengal Gram(Gram)(Whole),23-08-2025,6600,6650,6625
Uttar Pradesh,Ballia,Ballia,Bhindi(Ladies Finger),23-08-2025,1740,1810,1775
Uttar Pradesh,Ballia,Ballia,Potato,23-08-2025,1050,1100,1075
Uttar Pradesh,Ballia,Rasda,Bhindi(Ladies Finger),23-08-2025,1680,1825,1740
Uttar Pradesh,Ballia,Vilthararoad,Gur(Jaggery),23-08-2025,4000,4200,4100
Uttar Pradesh,Ballia,Vilthararoad,Rice,23-08-2025,2000,2200,2100
Uttar Pradesh,Balrampur,Balrampur,Apple,23-08-2025,7400,7600,7500
Uttar Pradesh,Balrampur,Balrampur,Bengal Gram(Gram)(Whole),23-08-2025,6700,6900,6800
Uttar Pradesh,Balrampur,Balrampur,Bhindi(Ladies Finger),23-08-2025,1700,1900,1800
Uttar Pradesh,Balrampur,Balrampur,Bottle gourd,23-08-2025,1750,1950,1840
Uttar Pradesh,Balrampur,Balrampur,Gur(Jaggery),23-08-2025,4550,4750,4650
Uttar Pradesh,Balrampur,Balrampur,Onion,23-08-2025,1500,1700,1600
Uttar Pradesh,Balrampur,Tulsipur,Onion,23-08-2025,1425,1480,1450
Uttar Pradesh,Balrampur,Tulsipur,Wheat,23-08-2025,2430,2470,2450
Uttar Pradesh,Banda,Banda,Bhindi(Ladies Finger),23-08-2025,1570,1695,1630
Uttar Pradesh,Banda,Banda,Garlic,23-08-2025,5750,5950,5850
Uttar Pradesh,Banda,Banda,Onion,23-08-2025,1360,1510,1435
Uttar Pradesh,Banda,Banda,Potato,23-08-2025,1060,1195,1125
Uttar Pradesh,Barabanki,Barabanki,Garlic,23-08-2025,6360,6460,6410
Uttar Pradesh,Barabanki,Barabanki,Peas(Dry),23-08-2025,4080,4140,4110
Uttar Pradesh,Barabanki,Barabanki,Pointed gourd (Parval),23-08-2025,3350,3450,3400
Uttar Pradesh,Barabanki,Barabanki,Pumpkin,23-08-2025,1500,1600,1550
Uttar Pradesh,Barabanki,Barabanki,Wheat,23-08-2025,2500,2580,2540
Uttar Pradesh,Barabanki,Safdarganj,Apple,23-08-2025,7900,7980,7950
Uttar Pradesh,Barabanki,Safdarganj,Arhar Dal(Tur Dal),23-08-2025,10100,10300,10200
Uttar Pradesh,Barabanki,Safdarganj,Mustard,23-08-2025,6400,6500,6450
Uttar Pradesh,Bareilly,Bareilly,Bhindi(Ladies Finger),23-08-2025,1720,1785,1755
Uttar Pradesh,Bareilly,Bareilly,Brinjal,23-08-2025,1700,1755,1725
Uttar Pradesh,Bareilly,Bareilly,Garlic,23-08-2025,6400,6475,6435
Uttar Pradesh,Bareilly,Bareilly,Masur Dal,23-08-2025,7700,7800,7750
Uttar Pradesh,Basti,Basti,Bengal Gram(Gram)(Whole),23-08-2025,6560,6660,6610
Uttar Pradesh,Basti,Basti,Brinjal,23-08-2025,1690,1890,1790
Uttar Pradesh,Basti,Basti,Garlic,23-08-2025,6330,6530,6430
Uttar Pradesh,Basti,Basti,Ginger(Green),23-08-2025,3650,3850,3750
Uttar Pradesh,Basti,Basti,Green Chilli,23-08-2025,4400,4600,4500
Uttar Pradesh,Basti,Basti,Mousambi(Sweet Lime),23-08-2025,3470,3670,3570
Uttar Pradesh,Basti,Basti,Onion,23-08-2025,1425,1525,1475
Uttar Pradesh,Basti,Basti,Potato,23-08-2025,1020,1120,1070
Uttar Pradesh,Bijnor,Bijnaur,Potato,23-08-2025,1040,1100,1060
Uttar Pradesh,Bijnor,Bijnaur,Rice,23-08-2025,3240,3300,3260
Uttar Pradesh,Bijnor,Kiratpur,Green Chilli,23-08-2025,2100,2200,2150
Uttar Pradesh,Bulandshahar,Buland Shahr,Banana - Green,23-08-2025,1700,1950,1820
Uttar Pradesh,Bulandshahar,Buland Shahr,Brinjal,23-08-2025,1500,1750,1685
Uttar Pradesh,Bulandshahar,Buland Shahr,Cucumbar(Kheera),23-08-2025,1800,2200,2000
Uttar Pradesh,Bulandshahar,Buland Shahr,Gur(Jaggery),23-08-2025,4100,4350,4285
Uttar Pradesh,Bulandshahar,Buland Shahr,Maize,23-08-2025,2250,2320,2300
Uttar Pradesh,Bulandshahar,Divai,Cauliflower,23-08-2025,1100,1250,1200
Uttar Pradesh,Bulandshahar,Gulavati,Cauliflower,23-08-2025,1100,1300,1200
Uttar Pradesh,Bulandshahar,Gulavati,Lemon,23-08-2025,7100,7300,7200
Uttar Pradesh,Bulandshahar,Gulavati,Pumpkin,23-08-2025,750,850,800
Uttar Pradesh,Bulandshahar,Jahangirabad,Brinjal,23-08-2025,1715,1890,1800
Uttar Pradesh,Bulandshahar,Jahangirabad,Green Gram Dal (Moong Dal),23-08-2025,9585,9825,9705
Uttar Pradesh,Bulandshahar,Jahangirabad,Onion,23-08-2025,1328,1532,1430
Uttar Pradesh,Bulandshahar,Jahangirabad,Paddy(Dhan)(Basmati),23-08-2025,2801,2851,2831
Uttar Pradesh,Bulandshahar,Jahangirabad,Tomato,23-08-2025,3910,4100,4000
Uttar Pradesh,Bulandshahar,Jahangirabad,Wheat,23-08-2025,2545,2575,2560
Uttar Pradesh,Bulandshahar,Khurja,Papaya,23-08-2025,2660,2860,2760
Uttar Pradesh,Bulandshahar,Khurja,Sponge gourd,23-08-2025,1900,2100,2000
Uttar Pradesh,Bulandshahar,Sikarpur,Brinjal,23-08-2025,1400,1500,1450
Uttar Pradesh,Chandauli,Chandoli,Bengal Gram(Gram)(Whole),23-08-2025,6560,6650,6610
Uttar Pradesh,Chandauli,Chandoli,Mousambi(Sweet Lime),23-08-2025,3475,3575,3525
Uttar Pradesh,Chandauli,Chandoli,Pointed gourd (Parval),23-08-2025,3180,3280,3230
Uttar Pradesh,Chandauli,Chandoli,Wheat,23-08-2025,2545,2585,2565
Uttar Pradesh,Deoria,Devariya,Banana,23-08-2025,1750,1785,1760
Uttar Pradesh,Deoria,Devariya,Bitter gourd,23-08-2025,2180,2215,2200
Uttar Pradesh,Deoria,Devariya,Garlic,23-08-2025,6540,6560,6550
Uttar Pradesh,Deoria,Devariya,Onion,23-08-2025,1430,1450,1440
Uttar Pradesh,Deoria,Devariya,Potato,23-08-2025,1010,1030,1025
Uttar Pradesh,Etah,Aliganj,Bajra(Pearl Millet/Cumbu),23-08-2025,2100,2115,2110
Uttar Pradesh,Etah,Aliganj,Maize,23-08-2025,1950,1956,1955
Uttar Pradesh,Etah,Aliganj,Wheat,23-08-2025,2450,2455,2451
Uttar Pradesh,Etah,Etah,Cabbage,23-08-2025,1200,1500,1475
Uttar Pradesh,Etah,Etah,Ginger(Green),23-08-2025,3500,3800,3595
Uttar Pradesh,Etah,Etah,Green Chilli,23-08-2025,4000,4500,4105
Uttar Pradesh,Etah,Etah,Groundnut,23-08-2025,5500,6783,5800
Uttar Pradesh,Etah,Etah,Maize,23-08-2025,1900,2250,2100
Uttar Pradesh,Etah,Etah,Potato,23-08-2025,900,1200,955
Uttar Pradesh,Etah,Etah,Wheat,23-08-2025,2425,2600,2500
Uttar Pradesh,Etawah,Bharthna,Bottle gourd,23-08-2025,960,1160,1060
Uttar Pradesh,Etawah,Bharthna,Gur(Jaggery),23-08-2025,4260,4460,4360
Uttar Pradesh,Etawah,Bharthna,Tomato,23-08-2025,3520,3720,3620
Uttar Pradesh,Etawah,Etawah,Black Gram Dal (Urd Dal),23-08-2025,11400,11700,11600
Uttar Pradesh,Etawah,Etawah,Ginger(Green),23-08-2025,3300,3600,3500
Uttar Pradesh,Etawah,Etawah,Gur(Jaggery),23-08-2025,4150,4400,4350
Uttar Pradesh,Etawah,Etawah,Potato,23-08-2025,800,1200,1130
Uttar Pradesh,Etawah,Etawah,Wheat,23-08-2025,2475,2520,2510
Uttar Pradesh,Etawah,Jasvantnagar,Apple,23-08-2025,7070,7170,7120
Uttar Pradesh,Etawah,Jasvantnagar,Brinjal,23-08-2025,1460,1560,1510
Uttar Pradesh,Etawah,Jasvantnagar,Green Chilli,23-08-2025,4270,4370,4320
Uttar Pradesh,Etawah,Jasvantnagar,Pomegranate,23-08-2025,4965,5065,5015
Uttar Pradesh,Etawah,Jasvantnagar,Potato,23-08-2025,1000,1200,1100
Uttar Pradesh,Farukhabad,Farukhabad,Colacasia,23-08-2025,1400,1600,1500
Uttar Pradesh,Farukhabad,Farukhabad,Cucumbar(Kheera),23-08-2025,1900,2100,2000
Uttar Pradesh,Farukhabad,Farukhabad,Rice,23-08-2025,2950,3100,3025
Uttar Pradesh,Farukhabad,Kamlaganj,Apple,23-08-2025,7000,7015,7010
Uttar Pradesh,Farukhabad,Kayamganj,Brinjal,23-08-2025,1500,1625,1575
Uttar Pradesh,Farukhabad,Kayamganj,Cucumbar(Kheera),23-08-2025,1900,2000,1950
Uttar Pradesh,Farukhabad,Mohamadabad,Brinjal,23-08-2025,1550,1750,1650
Uttar Pradesh,Farukhabad,Mohamadabad,Cucumbar(Kheera),23-08-2025,1900,2100,2000
Uttar Pradesh,Farukhabad,Mohamadabad,Gur(Jaggery),23-08-2025,4050,4250,4150
Uttar Pradesh,Farukhabad,Mohamadabad,Sponge gourd,23-08-2025,1700,1900,1800
Uttar Pradesh,Fatehpur,Fatehpur,Green Chilli,23-08-2025,4600,4820,4730
Uttar Pradesh,Fatehpur,Fatehpur,Papaya,23-08-2025,2700,2900,2820
Uttar Pradesh,Fatehpur,Fatehpur,Pointed gourd (Parval),23-08-2025,3580,3720,3650
Uttar Pradesh,Fatehpur,Fatehpur,Sponge gourd,23-08-2025,1700,1915,1815
Uttar Pradesh,Fatehpur,Jahanabad,Wheat,23-08-2025,2500,2520,2510
Uttar Pradesh,Fatehpur,Jahanabad,Wood,23-08-2025,400,420,410
Uttar Pradesh,Fatehpur,Khaga,Bitter gourd,23-08-2025,2600,2735,2650
Uttar Pradesh,Fatehpur,Khaga,Brinjal,23-08-2025,1620,1745,1680
Uttar Pradesh,Fatehpur,Khaga,Garlic,23-08-2025,6300,6465,6400
Uttar Pradesh,Fatehpur,Khaga,Rice,23-08-2025,2960,3080,3025
Uttar Pradesh,Firozabad,Firozabad,Banana,23-08-2025,2525,2760,2640
Uttar Pradesh,Firozabad,Firozabad,Cauliflower,23-08-2025,3000,3250,3130
Uttar Pradesh,Firozabad,Firozabad,Colacasia,23-08-2025,1650,1900,1780
Uttar Pradesh,Firozabad,Firozabad,Garlic,23-08-2025,5600,6050,5830
Uttar Pradesh,Firozabad,Firozabad,Wheat,23-08-2025,2560,2590,2575
Uttar Pradesh,Firozabad,Tundla,Apple,23-08-2025,8150,8250,8200
Uttar Pradesh,Firozabad,Tundla,Bajra(Pearl Millet/Cumbu),23-08-2025,2325,2365,2340
Uttar Pradesh,Firozabad,Tundla,Bhindi(Ladies Finger),23-08-2025,1340,1370,1350
Uttar Pradesh,Firozabad,Tundla,Maize,23-08-2025,2210,2250,2235
Uttar Pradesh,Firozabad,Tundla,Onion,23-08-2025,1450,1500,1480
Uttar Pradesh,Firozabad,Tundla,Pomegranate,23-08-2025,6250,6325,6300
Uttar Pradesh,Firozabad,Tundla,Potato,23-08-2025,965,1015,990
Uttar Pradesh,Gautam Budh Nagar,Dadri,Banana - Green,23-08-2025,1700,1880,1780
Uttar Pradesh,Gautam Budh Nagar,Dadri,Bitter gourd,23-08-2025,2350,2550,2450
Uttar Pradesh,Gautam Budh Nagar,Dadri,Black Gram Dal (Urd Dal),23-08-2025,9800,10220,10000
Uttar Pradesh,Gautam Budh Nagar,Dadri,Capsicum,23-08-2025,4850,5100,4950
Uttar Pradesh,Gautam Budh Nagar,Dadri,Mustard Oil,23-08-2025,14700,15100,14900
Uttar Pradesh,Gautam Budh Nagar,Dadri,Sugar,23-08-2025,4120,4340,4220
Uttar Pradesh,Ghaziabad,Ghaziabad,Black Gram Dal (Urd Dal),23-08-2025,10050,10150,10100
Uttar Pradesh,Ghaziabad,Ghaziabad,Bottle gourd,23-08-2025,1490,1570,1530
Uttar Pradesh,Ghaziabad,Ghaziabad,Sugar,23-08-2025,4240,4260,4250
Uttar Pradesh,Ghaziabad,Ghaziabad,Tomato,23-08-2025,3960,4060,4010
Uttar Pradesh,Ghaziabad,Ghaziabad,Tomato,23-08-2025,3800,3900,3850
Uttar Pradesh,Ghaziabad,Ghaziabad,Wheat,23-08-2025,2425,2445,2435
Uttar Pradesh,Ghaziabad,Hapur,Bitter gourd,23-08-2025,2400,2500,2450
Uttar Pradesh,Ghaziabad,Hapur,Colacasia,23-08-2025,2040,2160,2100
Uttar Pradesh,Ghazipur,Gazipur,Barley (Jau),23-08-2025,2320,2350,2338
Uttar Pradesh,Ghazipur,Gazipur,Cucumbar(Kheera),23-08-2025,2130,2190,2160
Uttar Pradesh,Ghazipur,Gazipur,Mustard,23-08-2025,6970,7030,7000
Uttar Pradesh,Ghazipur,Gazipur,Mustard Oil,23-08-2025,14750,14800,14780
Uttar Pradesh,Ghazipur,Gazipur,Onion,23-08-2025,1400,1460,1430
Uttar Pradesh,Gonda,Gonda,Bottle gourd,23-08-2025,1875,2000,1900
Uttar Pradesh,Gonda,Gonda,Green Gram Dal (Moong Dal),23-08-2025,9950,10100,10000
Uttar Pradesh,Gonda,Gonda,Lentil (Masur)(Whole),23-08-2025,7490,7525,7500
Uttar Pradesh,Gonda,Gonda,Mustard Oil,23-08-2025,15700,16000,15900
Uttar Pradesh,Gonda,Gonda,Papaya,23-08-2025,3100,3400,3250
Uttar Pradesh,Gonda,Gonda,Sponge gourd,23-08-2025,2275,2350,2300
Uttar Pradesh,Gonda,Nawabganj,Apple,23-08-2025,6900,7100,7000
Uttar Pradesh,Gonda,Nawabganj,Bhindi(Ladies Finger),23-08-2025,1800,1880,1840
Uttar Pradesh,Gonda,Nawabganj,Green Chilli,23-08-2025,4950,5150,5050
Uttar Pradesh,Gonda,Nawabganj,Mousambi(Sweet Lime),23-08-2025,3850,3950,3900
Uttar Pradesh,Gonda,Nawabganj,Onion,23-08-2025,1500,1600,1550
Uttar Pradesh,Gonda,Nawabganj,Potato,23-08-2025,1090,1140,1110
Uttar Pradesh,Gorakhpur,Chorichora,Arhar Dal(Tur Dal),23-08-2025,9500,9800,9600
Uttar Pradesh,Gorakhpur,Chorichora,Bengal Gram(Gram)(Whole),23-08-2025,5650,5680,5660
Uttar Pradesh,Gorakhpur,Chorichora,Paddy(Dhan)(Common),23-08-2025,2300,2500,2400
Uttar Pradesh,Gorakhpur,Chorichora,Rice,23-08-2025,2450,2650,2550
Uttar Pradesh,Gorakhpur,Gorakhpur,Banana - Green,23-08-2025,1725,1975,1825
Uttar Pradesh,Gorakhpur,Gorakhpur,Bhindi(Ladies Finger),23-08-2025,1725,1925,1825
Uttar Pradesh,Gorakhpur,Gorakhpur,Papaya,23-08-2025,2800,3050,2900
Uttar Pradesh,Gorakhpur,Gorakhpur,Tomato,23-08-2025,3975,4200,4075
Uttar Pradesh,Gorakhpur,Gorakhpur,Wheat,23-08-2025,2490,2540,2515
Uttar Pradesh,Hardoi,Hardoi,Bottle gourd,23-08-2025,1560,1640,1620
Uttar Pradesh,Hardoi,Hardoi,Garlic,23-08-2025,6200,6290,6250
Uttar Pradesh,Hardoi,Hardoi,Onion,23-08-2025,1400,1450,1430
Uttar Pradesh,Hardoi,Hardoi,Paddy(Dhan)(Common),23-08-2025,2270,2330,2300
Uttar Pradesh,Hardoi,Hardoi,Potato,23-08-2025,1100,1150,1125
Uttar Pradesh,Hardoi,Hardoi,Rice,23-08-2025,3140,3220,3185
Uttar Pradesh,Hardoi,Sandi,Pomegranate,23-08-2025,6700,6800,6740
Uttar Pradesh,Hardoi,Sandila,Green Chilli,23-08-2025,4530,4610,4570
Uttar Pradesh,Hardoi,Sandila,Gur(Jaggery),23-08-2025,3980,4060,4020
Uttar Pradesh,Hardoi,Sandila,Onion,23-08-2025,1380,1460,1420
Uttar Pradesh,Hardoi,Sandila,Pomegranate,23-08-2025,6700,6800,6750
Uttar Pradesh,Hardoi,Sandila,Potato,23-08-2025,1080,1170,1130
Uttar Pradesh,Hathras,Haathras,Arhar (Tur/Red Gram)(Whole),23-08-2025,7600,7700,7640
Uttar Pradesh,Hathras,Haathras,Papaya,23-08-2025,2550,2750,2660
Uttar Pradesh,Hathras,Shadabad,Onion,23-08-2025,1100,1200,1150
Uttar Pradesh,Jalaun (Orai),Madhogarh,Wheat,23-08-2025,2450,2500,2475
Uttar Pradesh,Jalaun (Orai),Orai,Apple,23-08-2025,7400,7900,7650
Uttar Pradesh,Jalaun (Orai),Orai,Bengal Gram(Gram)(Whole),23-08-2025,5600,5780,5710
Uttar Pradesh,Jalaun (Orai),Orai,Cabbage,23-08-2025,1600,1900,1750
Uttar Pradesh,Jalaun (Orai),Orai,Cucumbar(Kheera),23-08-2025,1300,1725,1500
Uttar Pradesh,Jalaun (Orai),Orai,Green Chilli,23-08-2025,3600,4100,3850
Uttar Pradesh,Jalaun (Orai),Orai,Mousambi(Sweet Lime),23-08-2025,3100,3550,3380
Uttar Pradesh,Jalaun (Orai),Orai,Pomegranate,23-08-2025,5500,5925,5700
Uttar Pradesh,Jalaun (Orai),Orai,Ridgeguard(Tori),23-08-2025,2175,2650,2400
Uttar Pradesh,Jaunpur,Jaunpur,Bottle gourd,23-08-2025,1555,1640,1600
Uttar Pradesh,Jaunpur,Jaunpur,Colacasia,23-08-2025,2040,2155,2100
Uttar Pradesh,Jaunpur,Jaunpur,Ginger(Green),23-08-2025,3600,3700,3650
Uttar Pradesh,Jaunpur,Jaunpur,Onion,23-08-2025,1000,1080,1040
Uttar Pradesh,Jaunpur,Jaunpur,Peas(Dry),23-08-2025,4130,4210,4170
Uttar Pradesh,Jaunpur,Jaunpur,Pointed gourd (Parval),23-08-2025,3225,3330,3275
Uttar Pradesh,Jaunpur,Jaunpur,Pomegranate,23-08-2025,6350,6450,6400
Uttar Pradesh,Jaunpur,Jaunpur,Potato,23-08-2025,1025,1125,1075
Uttar Pradesh,Jaunpur,Jaunpur,Tomato,23-08-2025,3940,4060,4000
Uttar Pradesh,Jaunpur,Jaunpur,Wheat,23-08-2025,2530,2585,2560
Uttar Pradesh,Jaunpur,Mugrabaadshahpur,Bengal Gram Dal (Chana Dal),23-08-2025,7380,7580,7480
Uttar Pradesh,Jaunpur,Mugrabaadshahpur,Bitter gourd,23-08-2025,2320,2520,2420
Uttar Pradesh,Jaunpur,Mugrabaadshahpur,Bottle gourd,23-08-2025,1435,1635,1535
Uttar Pradesh,Jaunpur,Mugrabaadshahpur,Pomegranate,23-08-2025,6370,6570,6470
Uttar Pradesh,Jaunpur,Mugrabaadshahpur,Potato,23-08-2025,985,1185,1085
Uttar Pradesh,Jaunpur,Mugrabaadshahpur,Ridgeguard(Tori),23-08-2025,1970,2170,2070
Uttar Pradesh,Jaunpur,Mugrabaadshahpur,Tomato,23-08-2025,3980,4180,4080
Uttar Pradesh,Jaunpur,Shahganj,Cowpea(Veg),23-08-2025,2840,2955,2900
Uttar Pradesh,Jaunpur,Shahganj,Cucumbar(Kheera),23-08-2025,2140,2215,2180
Uttar Pradesh,Jhansi,Chirgaon,White Peas,23-08-2025,3300,3400,3350
Uttar Pradesh,Jhansi,Jhansi,Banana,23-08-2025,1900,2100,1950
Uttar Pradesh,Jhansi,Jhansi,Brinjal,23-08-2025,1650,1750,1700
Uttar Pradesh,Jhansi,Jhansi,Cucumbar(Kheera),23-08-2025,1700,1950,1790
Uttar Pradesh,Jhansi,Jhansi,Lemon,23-08-2025,2600,2780,2650
Uttar Pradesh,Jhansi,Jhansi,Tomato,23-08-2025,4100,4400,4120
Uttar Pradesh,Jhansi,Jhansi (Grain),Barley (Jau),23-08-2025,2000,2100,2060
Uttar Pradesh,Jhansi,Mauranipur,Apple,23-08-2025,7700,8000,7800
Uttar Pradesh,Jhansi,Moth,Potato,23-08-2025,1150,1300,1230
Uttar Pradesh,Jhansi,Moth,Rice,23-08-2025,3470,3540,3500
Uttar Pradesh,Kannuj,Chhibramau,Apple,23-08-2025,8050,8250,8150
Uttar Pradesh,Kannuj,Chhibramau,Ginger(Green),23-08-2025,3850,4050,3950
Uttar Pradesh,Kannuj,Chhibramau,Green Chilli,23-08-2025,4450,4650,4550
Uttar Pradesh,Kannuj,Chhibramau,Groundnut,23-08-2025,5700,6000,5850
Uttar Pradesh,Kannuj,Chhibramau,Pomegranate,23-08-2025,5500,5700,5600
Uttar Pradesh,Kannuj,Chhibramau,Wheat,23-08-2025,2500,2550,2525
Uttar Pradesh,Kannuj,Kannauj,Apple,23-08-2025,8050,8150,8100
Uttar Pradesh,Kannuj,Kannauj,Bhindi(Ladies Finger),23-08-2025,1400,1510,1460
Uttar Pradesh,Kannuj,Kannauj,Gur(Jaggery),23-08-2025,4100,4200,4160
Uttar Pradesh,Kannuj,Kannauj,Lemon,23-08-2025,3750,3850,3800
Uttar Pradesh,Kanpur,Choubepur,Bajra(Pearl Millet/Cumbu),23-08-2025,2230,2330,2280
Uttar Pradesh,Kanpur,Choubepur,Bhindi(Ladies Finger),23-08-2025,1350,1550,1450
Uttar Pradesh,Kanpur,Choubepur,Maize,23-08-2025,2175,2270,2225
Uttar Pradesh,Kanpur,Choubepur,Raddish,23-08-2025,1800,2000,1900
Uttar Pradesh,Kanpur,Kanpur(Grain),Apple,23-08-2025,7900,8100,8000
Uttar Pradesh,Kanpur,Kanpur(Grain),Barley (Jau),23-08-2025,2295,2394,2345
Uttar Pradesh,Kanpur,Kanpur(Grain),Lentil (Masur)(Whole),23-08-2025,6750,6850,6800
Uttar Pradesh,Kanpur,Uttaripura,Bengal Gram(Gram)(Whole),23-08-2025,6330,6430,6380
Uttar Pradesh,Kanpur,Uttaripura,Bhindi(Ladies Finger),23-08-2025,1300,1500,1400
Uttar Pradesh,Kanpur,Uttaripura,Brinjal,23-08-2025,1500,1700,1600
Uttar Pradesh,Kanpur Dehat,Pukharayan,Arhar Dal(Tur Dal),23-08-2025,10880,10910,10900
Uttar Pradesh,Kanpur Dehat,Pukharayan,Bottle gourd,23-08-2025,1650,1670,1660
Uttar Pradesh,Kanpur Dehat,Pukharayan,Brinjal,23-08-2025,1640,1660,1650
Uttar Pradesh,Kanpur Dehat,Pukharayan,Onion,23-08-2025,1390,1410,1400
Uttar Pradesh,Kanpur Dehat,Pukharayan,Potato,23-08-2025,1110,1135,1125
Uttar Pradesh,Kanpur Dehat,Pukharayan,Potato,23-08-2025,1030,1050,1040
Uttar Pradesh,Kanpur Dehat,Pukharayan,Pumpkin,23-08-2025,1400,1425,1410
Uttar Pradesh,Kanpur Dehat,Pukharayan,Wheat,23-08-2025,2490,2510,2500
Uttar Pradesh,Kanpur Dehat,Pukharayan,Wheat,23-08-2025,2430,2450,2440
Uttar Pradesh,Kasganj,Kasganj,Apple,23-08-2025,8200,8400,8300
Uttar Pradesh,Kasganj,Kasganj,Arhar Dal(Tur Dal),23-08-2025,10300,10400,10350
Uttar Pradesh,Kasganj,Kasganj,Potato,23-08-2025,900,1060,950
Uttar Pradesh,Kasganj,Kasganj,Raddish,23-08-2025,1850,2000,1900
Uttar Pradesh,Kaushambi,Manjhanpur,Bitter gourd,23-08-2025,2550,2760,2655
Uttar Pradesh,Kaushambi,Manjhanpur,Pomegranate,23-08-2025,7830,8130,7980
Uttar Pradesh,Kaushambi,Manjhanpur,Rice,23-08-2025,3000,3135,3060
Uttar Pradesh,Khiri (Lakhimpur),Maigalganj,Apple,23-08-2025,8100,8200,8150
Uttar Pradesh,Khiri (Lakhimpur),Maigalganj,Onion,23-08-2025,2400,2460,2430
Uttar Pradesh,Khiri (Lakhimpur),Maigalganj,Potato,23-08-2025,1800,1880,1840
Uttar Pradesh,Khiri (Lakhimpur),Maigalganj,Tomato,23-08-2025,2400,2460,2430
Uttar Pradesh,Kushinagar,Tamkuhi road,Green Chilli,23-08-2025,2450,2500,2475
Uttar Pradesh,Kushinagar,Tamkuhi road,Gur(Jaggery),23-08-2025,3550,3600,3575
Uttar Pradesh,Kushinagar,Tamkuhi road,Onion,23-08-2025,1750,1800,1775
Uttar Pradesh,Kushinagar,Tamkuhi road,Pomegranate,23-08-2025,7350,7400,7375
Uttar Pradesh,Kushinagar,Tamkuhi road,Tomato,23-08-2025,1450,1500,1475
Uttar Pradesh,Lakhimpur,Golagokarnath,Arhar Dal(Tur Dal),23-08-2025,9850,9960,9920
Uttar Pradesh,Lakhimpur,Golagokarnath,Green Chilli,23-08-2025,4550,4650,4600
Uttar Pradesh,Lakhimpur,Golagokarnath,Gur(Jaggery),23-08-2025,3850,3950,3900
Uttar Pradesh,Lakhimpur,Golagokarnath,Lentil (Masur)(Whole),23-08-2025,6450,6550,6510
Uttar Pradesh,Lakhimpur,Golagokarnath,Maize,23-08-2025,2200,2300,2230
Uttar Pradesh,Lakhimpur,Golagokarnath,Maize,23-08-2025,1960,2050,2020
Uttar Pradesh,Lakhimpur,Golagokarnath,Onion,23-08-2025,1200,1300,1240
Uttar Pradesh,Lakhimpur,Golagokarnath,Paddy(Dhan)(Common),23-08-2025,2000,2100,2040
Uttar Pradesh,Lakhimpur,Golagokarnath,Tomato,23-08-2025,3760,3900,3820
Uttar Pradesh,Lakhimpur,Golagokarnath,Tomato,23-08-2025,3550,3650,3610
Uttar Pradesh,Lakhimpur,Golagokarnath,Wheat,23-08-2025,2425,2550,2510
Uttar Pradesh,Lakhimpur,Lakhimpur,Bengal Gram(Gram)(Whole),23-08-2025,6650,6750,6715
Uttar Pradesh,Lakhimpur,Lakhimpur,Bengal Gram(Gram)(Whole),23-08-2025,6150,6320,6260
Uttar Pradesh,Lakhimpur,Lakhimpur,Green Chilli,23-08-2025,4400,4700,4620
Uttar Pradesh,Lakhimpur,Lakhimpur,Mustard Oil,23-08-2025,14800,15600,15300
Uttar Pradesh,Lakhimpur,Lakhimpur,Sugar,23-08-2025,4120,4250,4180
Uttar Pradesh,Lakhimpur,Lakhimpur,Wheat,23-08-2025,2460,2550,2535
Uttar Pradesh,Lalitpur,Lalitpur,Cucumbar(Kheera),23-08-2025,1740,1800,1775
Uttar Pradesh,Lalitpur,Lalitpur,Gur(Jaggery),23-08-2025,4120,4180,4150
Uttar Pradesh,Lalitpur,Lalitpur,Mousambi(Sweet Lime),23-08-2025,3570,3630,3600
Uttar Pradesh,Lalitpur,Lalitpur,Papaya,23-08-2025,2070,2130,2100
Uttar Pradesh,Lalitpur,Mehrauni,Lentil (Masur)(Whole),23-08-2025,6000,6500,6300
Uttar Pradesh,Lalitpur,Mehrauni,Wheat,23-08-2025,2400,2500,2450
Uttar Pradesh,Lucknow,Lucknow,Apple,23-08-2025,8600,8800,8700
Uttar Pradesh,Lucknow,Lucknow,Capsicum,23-08-2025,5350,5450,5400
Uttar Pradesh,Lucknow,Lucknow,Cucumbar(Kheera),23-08-2025,2100,2200,2150
Uttar Pradesh,Lucknow,Lucknow,Garlic,23-08-2025,6400,6600,6500
Uttar Pradesh,Lucknow,Lucknow,Mustard,23-08-2025,6600,6800,6700
Uttar Pradesh,Lucknow,Lucknow,Rice,23-08-2025,3380,3480,3430
Uttar Pradesh,Maharajganj,Anandnagar,Onion,23-08-2025,1500,1800,1700
Uttar Pradesh,Maharajganj,Gadaura,Bitter gourd,23-08-2025,1300,1500,1400
Uttar Pradesh,Maharajganj,Gadaura,Sponge gourd,23-08-2025,1200,1350,1300
Uttar Pradesh,Mahoba,Mahoba,Arhar Dal(Tur Dal),23-08-2025,10000,10150,10100
Uttar Pradesh,Mahoba,Mahoba,Green Chilli,23-08-2025,4800,4900,4850
Uttar Pradesh,Mahoba,Mahoba,Gur(Jaggery),23-08-2025,4300,4400,4330
Uttar Pradesh,Mahoba,Mahoba,Mustard,23-08-2025,6600,6700,6650
Uttar Pradesh,Mahoba,Mahoba,Pomegranate,23-08-2025,6350,6450,6400
Uttar Pradesh,Mainpuri,Bewar,Potato,23-08-2025,800,900,850
Uttar Pradesh,Mainpuri,Ghiraur,Potato,23-08-2025,860,1060,960
Uttar Pradesh,Mainpuri,Ghiraur,Tomato,23-08-2025,3800,4000,3900
Uttar Pradesh,Mainpuri,Mainpuri,Apple,23-08-2025,7900,8200,8000
Uttar Pradesh,Mainpuri,Mainpuri,Bengal Gram(Gram)(Whole),23-08-2025,6600,6800,6690
Uttar Pradesh,Mainpuri,Mainpuri,Bhindi(Ladies Finger),23-08-2025,1400,1600,1500
Uttar Pradesh,Mainpuri,Mainpuri,Cucumbar(Kheera),23-08-2025,1500,1700,1600
Uttar Pradesh,Mathura,Kosikalan,Bottle gourd,23-08-2025,1300,1385,1345
Uttar Pradesh,Mathura,Kosikalan,Brinjal,23-08-2025,1400,1500,1450
Uttar Pradesh,Mathura,Kosikalan,Green Gram (Moong)(Whole),23-08-2025,8600,8700,8650
Uttar Pradesh,Mathura,Kosikalan,Onion,23-08-2025,1450,1600,1500
Uttar Pradesh,Mathura,Kosikalan,Pumpkin,23-08-2025,900,1050,1000
Uttar Pradesh,Mathura,Mathura,Bajra(Pearl Millet/Cumbu),23-08-2025,2100,2200,2160
Uttar Pradesh,Mathura,Mathura,Black Gram Dal (Urd Dal),23-08-2025,9640,10000,9800
Uttar Pradesh,Mathura,Mathura,Bottle gourd,23-08-2025,1100,1400,1300
Uttar Pradesh,Mathura,Mathura,Green Chilli,23-08-2025,4800,5180,5000
Uttar Pradesh,Mathura,Mathura,Mustard,23-08-2025,6800,7200,7000
Uttar Pradesh,Mathura,Mathura,Raddish,23-08-2025,1800,2200,2000
Uttar Pradesh,Mau(Maunathbhanjan),Doharighat,Gur(Jaggery),23-08-2025,5400,5500,5445
Uttar Pradesh,Mau(Maunathbhanjan),Doharighat,Lemon,23-08-2025,3700,3800,3750
Uttar Pradesh,Mau(Maunathbhanjan),Doharighat,Masur Dal,23-08-2025,9000,9100,9045
Uttar Pradesh,Mau(Maunathbhanjan),Doharighat,Tomato,23-08-2025,1900,2000,1960
Uttar Pradesh,Mau(Maunathbhanjan),Kopaganj,Green Chilli,23-08-2025,1900,2200,2100
Uttar Pradesh,Mau(Maunathbhanjan),Kopaganj,Potato,23-08-2025,800,1000,900
Uttar Pradesh,Meerut,Meerut,Apple,23-08-2025,8350,8550,8450
Uttar Pradesh,Meerut,Meerut,Bengal Gram Dal (Chana Dal),23-08-2025,7250,7350,7300
Uttar Pradesh,Meerut,Meerut,Bottle gourd,23-08-2025,1300,1500,1400
Uttar Pradesh,Meerut,Meerut,Cabbage,23-08-2025,1600,1800,1700
Uttar Pradesh,Meerut,Meerut,Cucumbar(Kheera),23-08-2025,1600,1800,1700
Uttar Pradesh,Meerut,Meerut,Green Gram (Moong)(Whole),23-08-2025,8750,8850,8800
Uttar Pradesh,Meerut,Meerut,Tomato,23-08-2025,3890,4090,3990
Uttar Pradesh,Mirzapur,Ahirora,Pointed gourd (Parval),23-08-2025,3800,4000,3900
Uttar Pradesh,Mirzapur,Ahirora,Potato,23-08-2025,800,1000,900
Uttar Pradesh,Mirzapur,Ahirora,Pumpkin,23-08-2025,800,1000,900
Uttar Pradesh,Mirzapur,Mirzapur,Bhindi(Ladies Finger),23-08-2025,1650,1745,1700
Uttar Pradesh,Mirzapur,Mirzapur,Brinjal,23-08-2025,1575,1650,1600
Uttar Pradesh,Mirzapur,Mirzapur,Papaya,23-08-2025,2725,2825,2790
Uttar Pradesh,Mirzapur,Mirzapur,Peas(Dry),23-08-2025,4100,4200,4165
Uttar Pradesh,Mirzapur,Mirzapur,Pumpkin,23-08-2025,1400,1475,1425
Uttar Pradesh,Muzaffarnagar,Shahpur,Bottle gourd,23-08-2025,670,725,715
Uttar Pradesh,Pillibhit,Pilibhit,Apple,23-08-2025,7530,7620,7570
Uttar Pradesh,Pillibhit,Pilibhit,Brinjal,23-08-2025,1680,1760,1720
Uttar Pradesh,Pillibhit,Pilibhit,Papaya,23-08-2025,2740,2820,2785
Uttar Pradesh,Pillibhit,Pilibhit,Potato,23-08-2025,1045,1125,1085
Uttar Pradesh,Pillibhit,Pilibhit,Tomato,23-08-2025,4095,4175,4135
Uttar Pradesh,Pillibhit,Puranpur,Bottle gourd,23-08-2025,1350,1430,1390
Uttar Pradesh,Pillibhit,Puranpur,Green Chilli,23-08-2025,4350,4430,4390
Uttar Pradesh,Pillibhit,Puranpur,Potato,23-08-2025,1040,1120,1080
Uttar Pradesh,Pillibhit,Puranpur,Tomato,23-08-2025,4090,4170,4130
Uttar Pradesh,Pratapgarh,Pratapgarh,Banana - Green,23-08-2025,1500,1685,1585
Uttar Pradesh,Pratapgarh,Pratapgarh,Bengal Gram Dal (Chana Dal),23-08-2025,7650,7850,7720
Uttar Pradesh,Pratapgarh,Pratapgarh,Bottle gourd,23-08-2025,1600,1750,1650
Uttar Pradesh,Pratapgarh,Pratapgarh,Brinjal,23-08-2025,1700,1850,1725
Uttar Pradesh,Pratapgarh,Pratapgarh,Lemon,23-08-2025,4900,5200,5020
Uttar Pradesh,Pratapgarh,Pratapgarh,Potato,23-08-2025,950,1150,990
Uttar Pradesh,Pratapgarh,Pratapgarh,Wheat,23-08-2025,2500,2650,2560
Uttar Pradesh,Prayagraj,Ajuha,Green Chilli,23-08-2025,4630,4770,4700
Uttar Pradesh,Prayagraj,Ajuha,Potato,23-08-2025,960,1100,1030
Uttar Pradesh,Prayagraj,Ajuha,Pumpkin,23-08-2025,1500,1600,1550
Uttar Pradesh,Prayagraj,Allahabad,Brinjal,23-08-2025,1670,1770,1710
Uttar Pradesh,Prayagraj,Allahabad,Colacasia,23-08-2025,1840,1920,1860
Uttar Pradesh,Prayagraj,Allahabad,Cucumbar(Kheera),23-08-2025,2075,2140,2110
Uttar Pradesh,Prayagraj,Allahabad,Mousambi(Sweet Lime),23-08-2025,3470,3580,3520
Uttar Pradesh,Prayagraj,Allahabad,Pear(Marasebu),23-08-2025,3475,3580,3525
Uttar Pradesh,Prayagraj,Allahabad,Pomegranate,23-08-2025,6970,7080,7025
Uttar Pradesh,Prayagraj,Allahabad,Potato,23-08-2025,950,1070,1020
Uttar Pradesh,Prayagraj,Lediyari,Wood,23-08-2025,400,500,450
Uttar Pradesh,Raebarelli,Bachranwa,Bengal Gram Dal (Chana Dal),23-08-2025,7500,7515,7510
Uttar Pradesh,Raebarelli,Bachranwa,Bottle gourd,23-08-2025,1500,1600,1550
Uttar Pradesh,Raebarelli,Bachranwa,Paddy(Dhan)(Common),23-08-2025,2275,2300,2290
Uttar Pradesh,Raebarelli,Jayas,Brinjal,23-08-2025,1525,1560,1540
Uttar Pradesh,Raebarelli,Jayas,Ginger(Green),23-08-2025,4000,4080,4050
Uttar Pradesh,Raebarelli,Jayas,Potato,23-08-2025,1125,1150,1140
Uttar Pradesh,Raebarelli,Jayas,Pumpkin,23-08-2025,1500,1550,1520
Uttar Pradesh,Raebarelli,Jayas,Tomato,23-08-2025,4100,4175,4150
Uttar Pradesh,Raebarelli,Jayas,Wheat,23-08-2025,2560,2575,2565
Uttar Pradesh,Raebarelli,Lalganj,Onion,23-08-2025,1150,1250,1200
Uttar Pradesh,Raebarelli,Raibareilly,Banana,23-08-2025,2800,2900,2850
Uttar Pradesh,Raebarelli,Raibareilly,Brinjal,23-08-2025,1660,1750,1700
Uttar Pradesh,Raebarelli,Raibareilly,Lemon,23-08-2025,2700,2800,2760
Uttar Pradesh,Raebarelli,Raibareilly,Papaya,23-08-2025,2700,2800,2750
Uttar Pradesh,Raebarelli,Raibareilly,Pumpkin,23-08-2025,1650,1700,1675
Uttar Pradesh,Raebarelli,Salon,Onion,23-08-2025,1400,1415,1410
Uttar Pradesh,Rampur,Rampur,Mousambi(Sweet Lime),23-08-2025,3400,3500,3450
Uttar Pradesh,Rampur,Rampur,Pomegranate,23-08-2025,6250,6350,6300
Uttar Pradesh,Rampur,Rampur,Potato,23-08-2025,1020,1110,1060
Uttar Pradesh,Rampur,Shahabad,Wood,23-08-2025,500,900,700
Uttar Pradesh,Saharanpur,Deoband,Cauliflower,23-08-2025,2000,3000,2500
Uttar Pradesh,Saharanpur,Deoband,Ginger(Green),23-08-2025,3000,3800,3500
Uttar Pradesh,Saharanpur,Deoband,Lemon,23-08-2025,3000,3800,3400
Uttar Pradesh,Saharanpur,Deoband,Wheat,23-08-2025,2500,2800,2600
Uttar Pradesh,Sambhal,Bhehjoi,Wood,23-08-2025,500,510,505
Uttar Pradesh,Sambhal,Sambhal,Apple,23-08-2025,7500,8500,8000
Uttar Pradesh,Sambhal,Sambhal,Cauliflower,23-08-2025,1000,1500,1200
Uttar Pradesh,Sant Kabir Nagar,Khalilabad,Bitter gourd,23-08-2025,1600,1800,1700
Uttar Pradesh,Sant Kabir Nagar,Khalilabad,Bottle gourd,23-08-2025,1200,1400,1300
Uttar Pradesh,Sant Kabir Nagar,Khalilabad,Cauliflower,23-08-2025,1800,2000,1900
Uttar Pradesh,Sant Kabir Nagar,Khalilabad,Onion,23-08-2025,1500,1600,1550
Uttar Pradesh,Shahjahanpur,Puwaha,Banana - Green,23-08-2025,1750,1850,1780
Uttar Pradesh,Shahjahanpur,Puwaha,Bhindi(Ladies Finger),23-08-2025,1700,1800,1750
Uttar Pradesh,Shahjahanpur,Puwaha,Green Chilli,23-08-2025,4300,4450,4350
Uttar Pradesh,Shahjahanpur,Shahjahanpur,Mustard Oil,23-08-2025,14410,14520,14460
Uttar Pradesh,Shahjahanpur,Shahjahanpur,Pumpkin,23-08-2025,1300,1400,1350
Uttar Pradesh,Shahjahanpur,Tilhar,Banana,23-08-2025,2720,2820,2770
Uttar Pradesh,Shahjahanpur,Tilhar,Cauliflower,23-08-2025,3290,3390,3340
Uttar Pradesh,Shahjahanpur,Tilhar,Jack Fruit,23-08-2025,1610,1690,1640
Uttar Pradesh,Shahjahanpur,Tilhar,Raddish,23-08-2025,2000,2100,2050
Uttar Pradesh,Shahjahanpur,Tilhar,Tomato,23-08-2025,4060,4160,4110
Uttar Pradesh,Shahjahanpur,Tilhar,Wheat,23-08-2025,2480,2530,2500
Uttar Pradesh,Shamli,Kairana,Cabbage,23-08-2025,1900,2000,1950
Uttar Pradesh,Shamli,Kairana,Ginger(Green),23-08-2025,4700,4800,4750
Uttar Pradesh,Shamli,Kairana,Guava,23-08-2025,1400,1500,1450
Uttar Pradesh,Shamli,Kairana,Lemon,23-08-2025,3700,3800,3750
Uttar Pradesh,Shamli,Kairana,Tomato,23-08-2025,3100,3200,3150
Uttar Pradesh,Shamli,Khandhla,Apple,23-08-2025,4800,4900,4850
Uttar Pradesh,Shamli,Khandhla,Green Chilli,23-08-2025,4400,4500,4450
Uttar Pradesh,Shamli,Khandhla,Lemon,23-08-2025,4800,4900,4850
Uttar Pradesh,Shamli,Shamli,Apple,23-08-2025,7650,7850,7750
Uttar Pradesh,Shamli,Shamli,Arhar Dal(Tur Dal),23-08-2025,10350,10450,10400
Uttar Pradesh,Shamli,Shamli,Banana - Green,23-08-2025,1800,1890,1840
Uttar Pradesh,Shamli,Shamli,Maize,23-08-2025,2360,2440,2400
Uttar Pradesh,Shamli,Shamli,Masur Dal,23-08-2025,7760,7840,7800
Uttar Pradesh,Shamli,Shamli,Mousambi(Sweet Lime),23-08-2025,3325,3425,3375
Uttar Pradesh,Shamli,Shamli,Pomegranate,23-08-2025,6900,7100,7000
Uttar Pradesh,Shamli,Shamli,Potato,23-08-2025,900,1000,950
Uttar Pradesh,Siddharth Nagar,Naugarh,Brinjal,23-08-2025,1720,1790,1780
Uttar Pradesh,Siddharth Nagar,Naugarh,Green Chilli,23-08-2025,4520,4600,4550
Uttar Pradesh,Siddharth Nagar,Naugarh,Pomegranate,23-08-2025,6870,6895,6890
Uttar Pradesh,Siddharth Nagar,Sahiyapur,Green Chilli,23-08-2025,1600,1890,1680
Uttar Pradesh,Siddharth Nagar,Sahiyapur,Tomato,23-08-2025,1900,2050,1980
Uttar Pradesh,Sitapur,Hargaon (Laharpur),Firewood,23-08-2025,300,340,320
Uttar Pradesh,Sitapur,Mehmoodabad,Bottle gourd,23-08-2025,1590,1650,1620
Uttar Pradesh,Sitapur,Mehmoodabad,Brinjal,23-08-2025,1650,1710,1680
Uttar Pradesh,Sitapur,Mehmoodabad,Garlic,23-08-2025,6210,6270,6240
Uttar Pradesh,Sitapur,Sitapur,Bottle gourd,23-08-2025,1450,1700,1630
Uttar Pradesh,Sitapur,Sitapur,Gur(Jaggery),23-08-2025,3800,4200,4015
Uttar Pradesh,Sitapur,Sitapur,Papaya,23-08-2025,2500,2880,2765
Uttar Pradesh,Sitapur,Sitapur,Rice,23-08-2025,2550,3250,3185
Uttar Pradesh,Sitapur,Viswan,Green Chilli,23-08-2025,4525,4575,4550
Uttar Pradesh,Sitapur,Viswan,Onion,23-08-2025,1410,1450,1430
Uttar Pradesh,Sitapur,Viswan,Potato,23-08-2025,1110,1150,1130
Uttar Pradesh,Sitapur,Viswan,Ridgeguard(Tori),23-08-2025,1630,1670,1650
Uttar Pradesh,Unnao,Bangarmau,Bhindi(Ladies Finger),23-08-2025,1670,1770,1720
Uttar Pradesh,Unnao,Bangarmau,Bottle gourd,23-08-2025,1550,1650,1600
Uttar Pradesh,Unnao,Bangarmau,Ginger(Green),23-08-2025,3830,3930,3880
Uttar Pradesh,Unnao,Bangarmau,Pomegranate,23-08-2025,6730,6830,6780
Uttar Pradesh,Unnao,Unnao,Mustard,23-08-2025,6650,6750,6685
Uttrakhand,Champawat,Tanakpur,Brinjal,23-08-2025,800,820,810
Uttrakhand,Dehradoon,Rishikesh,Bottle gourd,23-08-2025,1050,1800,1400
Uttrakhand,Dehradoon,Rishikesh,Pomegranate,23-08-2025,8500,12600,11500
Uttrakhand,Garhwal (Pauri),Kotadwara,Bitter gourd,23-08-2025,900,1100,1000
Uttrakhand,Garhwal (Pauri),Kotadwara,Cabbage,23-08-2025,1500,1800,1700
Uttrakhand,Garhwal (Pauri),Kotadwara,Capsicum,23-08-2025,1100,1300,1200
Uttrakhand,Garhwal (Pauri),Kotadwara,Onion,23-08-2025,1800,2000,1900
Uttrakhand,Garhwal (Pauri),Kotadwara,Pear(Marasebu),23-08-2025,1700,2500,2200
Uttrakhand,Haridwar,Haridwar Union,Apple,23-08-2025,2200,4500,3500
Uttrakhand,Haridwar,Haridwar Union,Bitter gourd,23-08-2025,1500,2200,1800
Uttrakhand,Haridwar,Haridwar Union,Brinjal,23-08-2025,1500,1800,1600
Uttrakhand,Haridwar,Haridwar Union,Onion,23-08-2025,1200,1700,1500
Uttrakhand,Haridwar,Lakshar,Wheat,23-08-2025,2475,2500,2490
Uttrakhand,Haridwar,Manglaur,Potato,23-08-2025,850,1200,1000
Uttrakhand,UdhamSinghNagar,Bazpur,Onion,23-08-2025,2000,2000,2000
Uttrakhand,UdhamSinghNagar,Jaspur(UC),Guava,23-08-2025,3000,3000,3000
Uttrakhand,UdhamSinghNagar,Kashipur,Apple,23-08-2025,5600,5800,5700
Uttrakhand,UdhamSinghNagar,Kashipur,Banana,23-08-2025,1800,2400,2100
Uttrakhand,UdhamSinghNagar,Kashipur,Cauliflower,23-08-2025,2600,3400,3000
Uttrakhand,UdhamSinghNagar,Kashipur,Colacasia,23-08-2025,1200,1200,1200
Uttrakhand,UdhamSinghNagar,Kashipur,Cucumbar(Kheera),23-08-2025,1000,1200,1100
Uttrakhand,UdhamSinghNagar,Kashipur,Garlic,23-08-2025,3400,4000,3700
Uttrakhand,UdhamSinghNagar,Kashipur,Lemon,23-08-2025,3200,3200,3200
Uttrakhand,UdhamSinghNagar,Kashipur,Pomegranate,23-08-2025,5800,5800,5800
Uttrakhand,UdhamSinghNagar,Kashipur,Pumpkin,23-08-2025,800,800,800
Uttrakhand,UdhamSinghNagar,Kashipur,Tinda,23-08-2025,1200,1600,1400
Uttrakhand,UdhamSinghNagar,Khateema,Tinda,23-08-2025,1300,1500,1400
Uttrakhand,UdhamSinghNagar,Kicchha,Bottle gourd,23-08-2025,600,800,700
Uttrakhand,UdhamSinghNagar,Rudrapur,Apple,23-08-2025,6000,8000,7000
Uttrakhand,UdhamSinghNagar,Rudrapur,Bottle gourd,23-08-2025,1200,2000,1800
Uttrakhand,UdhamSinghNagar,Rudrapur,Capsicum,23-08-2025,7000,10000,8000
Uttrakhand,UdhamSinghNagar,Rudrapur,Colacasia,23-08-2025,2000,3000,2500
Uttrakhand,UdhamSinghNagar,Rudrapur,Lemon,23-08-2025,4000,6000,5000
Uttrakhand,UdhamSinghNagar,Rudrapur,Pomegranate,23-08-2025,7000,8000,7500
Uttrakhand,UdhamSinghNagar,Sitarganj,Bhindi(Ladies Finger),23-08-2025,1000,1500,1200
Uttrakhand,UdhamSinghNagar,Sitarganj,Onion,23-08-2025,1000,1500,1200
Uttrakhand,UdhamSinghNagar,Sitarganj,Pointed gourd (Parval),23-08-2025,2000,2500,2200
West Bengal,Bankura,Bishnupur(Bankura),Mustard,23-08-2025,5800,6200,6000
West Bengal,Bankura,Bishnupur(Bankura),Rice,23-08-2025,3500,3700,3600
West Bengal,Bankura,Khatra,Sweet Pumpkin,23-08-2025,1800,2700,2500
West Bengal,Bankura,Khatra,Tomato,23-08-2025,5000,6400,6000
West Bengal,Darjeeling,Darjeeling,Ginger(Green),23-08-2025,7400,7600,7500
West Bengal,Darjeeling,Karsiyang(Matigara),Potato,23-08-2025,1900,2100,2000
West Bengal,Darjeeling,Siliguri,Arhar Dal(Tur Dal),23-08-2025,10900,11100,11000
West Bengal,Darjeeling,Siliguri,Green Chilli,23-08-2025,6000,7000,6500
West Bengal,Darjeeling,Siliguri,Green Gram Dal (Moong Dal),23-08-2025,9600,9800,9700
West Bengal,Darjeeling,Siliguri,Potato,23-08-2025,1140,1180,1160
West Bengal,Howrah,Ramkrishanpur(Howrah),Green Chilli,23-08-2025,9500,11000,10000
West Bengal,Howrah,Ramkrishanpur(Howrah),Onion,23-08-2025,2500,3200,2800
West Bengal,Howrah,Ramkrishanpur(Howrah),Rice,23-08-2025,3350,3450,3400
West Bengal,Howrah,Ramkrishanpur(Howrah),Tomato,23-08-2025,5000,6000,5500
West Bengal,Kolkata,Mechua,Apple,23-08-2025,17000,19000,18000
West Bengal,Medinipur(E),Egra/contai,Rice,23-08-2025,4600,4800,4700
West Bengal,Medinipur(W),Ghatal,Bitter gourd,23-08-2025,6100,6300,6200
West Bengal,Medinipur(W),Ghatal,Jute,23-08-2025,6800,7000,6900
West Bengal,Medinipur(W),Ghatal,Sweet Pumpkin,23-08-2025,2400,2600,2500
West Bengal,North 24 Parganas,Barasat,Bitter gourd,23-08-2025,5000,5000,5000
West Bengal,North 24 Parganas,Habra,Potato,23-08-2025,1450,1500,1500
West Bengal,North 24 Parganas,Habra,Pumpkin,23-08-2025,1500,1600,1600
West Bengal,North 24 Parganas,Habra,Tomato,23-08-2025,4900,5000,5000
West Bengal,Paschim Bardhaman,Asansol,Ginger(Dry),23-08-2025,6250,6550,6450
West Bengal,Paschim Bardhaman,Asansol,Green Gram Dal (Moong Dal),23-08-2025,11250,11500,11400
West Bengal,Paschim Bardhaman,Asansol,Masur Dal,23-08-2025,9350,9560,9400
West Bengal,Paschim Bardhaman,Asansol,Mustard,23-08-2025,6875,7250,7050
West Bengal,Paschim Bardhaman,Asansol,Onion,23-08-2025,1600,1750,1700
West Bengal,Paschim Bardhaman,Asansol,Sweet Pumpkin,23-08-2025,1250,1400,1300
West Bengal,Paschim Bardhaman,Durgapur,Onion,23-08-2025,1950,2200,2100
West Bengal,Paschim Bardhaman,Durgapur,Tomato,23-08-2025,4500,4800,4650
West Bengal,Purba Bardhaman,Guskara,Potato,23-08-2025,1180,1250,1200
Andhra Pradesh,Chittor,Palamaner,Cauliflower,23-08-2025,800,1200,1000
Andhra Pradesh,Chittor,Tirupati,Banana,23-08-2025,7500,10000,8500
Andhra Pradesh,East Godavari,Ravulapelem,Banana,23-08-2025,2200,3200,2800
Andhra Pradesh,East Godavari,Ravulapelem,Banana,23-08-2025,2100,2600,2400
Andhra Pradesh,East Godavari,Ravulapelem,Banana,23-08-2025,2800,4200,3900
Andhra Pradesh,Guntur,Tenali,Black Gram (Urd Beans)(Whole),23-08-2025,6400,6800,6600
Andhra Pradesh,Krishna,Tiruvuru,Rice,23-08-2025,4500,4900,4700
Andhra Pradesh,Krishna,Tiruvuru,Rice,23-08-2025,4300,4500,4400
Chandigarh,Chandigarh,Chandigarh(Grain/Fruit),Ginger(Green),23-08-2025,3500,4500,4000
Chandigarh,Chandigarh,Chandigarh(Grain/Fruit),Lemon,23-08-2025,2000,4000,3200
Chandigarh,Chandigarh,Chandigarh(Grain/Fruit),Potato,23-08-2025,300,1600,1200
Gujarat,Ahmedabad,Ahmedabad,Cabbage,23-08-2025,800,2000,1500
Gujarat,Ahmedabad,Ahmedabad,Green Chilli,23-08-2025,800,2000,1650
Gujarat,Ahmedabad,Ahmedabad,Lemon,23-08-2025,2000,3500,3000
Gujarat,Ahmedabad,Ahmedabad,Tomato,23-08-2025,2000,4000,3500
Gujarat,Amreli,Rajula,Jowar(Sorghum),23-08-2025,2505,2505,2505
Gujarat,Amreli,Rajula,"Sesamum(Sesame,Gingelly,Til)",23-08-2025,7200,9000,8125
Gujarat,Amreli,Savarkundla,"Sesamum(Sesame,Gingelly,Til)",23-08-2025,7000,10060,8500
Gujarat,Banaskanth,Deesa,Groundnut,23-08-2025,4000,5680,5000
Gujarat,Banaskanth,Deesa(Deesa Veg Yard),Banana,23-08-2025,2000,2500,2250
Gujarat,Banaskanth,Deesa(Deesa Veg Yard),Coriander(Leaves),23-08-2025,4000,4500,4250
Gujarat,Banaskanth,Deesa(Deesa Veg Yard),Gram Raw(Chholia),23-08-2025,2500,3000,2750
Gujarat,Banaskanth,Deesa(Deesa Veg Yard),Guava,23-08-2025,1500,3500,2500
Gujarat,Banaskanth,Deesa(Deesa Veg Yard),Lemon,23-08-2025,1000,1500,1250
Gujarat,Banaskanth,Deesa(Deesa Veg Yard),Papaya,23-08-2025,2500,3000,2750
Gujarat,Banaskanth,Deesa(Deesa Veg Yard),Pointed gourd (Parval),23-08-2025,2500,3000,2750
Gujarat,Banaskanth,Deesa(Deesa Veg Yard),Tomato,23-08-2025,4000,4500,4250
Gujarat,Banaskanth,Dhanera,Castor Seed,23-08-2025,6400,6545,6485
Gujarat,Banaskanth,Dhanera,Cummin Seed(Jeera),23-08-2025,17805,17805,17805
Gujarat,Banaskanth,Dhanera,Mustard,23-08-2025,6260,6605,6445
Gujarat,Banaskanth,Palanpur,Wheat,23-08-2025,2575,2720,2647
Gujarat,Banaskanth,Tharad(Rah),Castor Seed,23-08-2025,6400,6500,6450
Gujarat,Botad,Botad,Cummin Seed(Jeera),23-08-2025,15000,18225,16615
Gujarat,Botad,Botad,"Sesamum(Sesame,Gingelly,Til)",23-08-2025,8500,10200,9400
Gujarat,Botad,Botad,Soanf,23-08-2025,6725,7525,7250
Gujarat,Chhota Udaipur,Bodeliu,Cotton,23-08-2025,6905,6941,6920
Gujarat,Dahod,Dahod,Black Gram (Urd Beans)(Whole),23-08-2025,6000,6500,6200
Gujarat,Dahod,Dahod,Castor Seed,23-08-2025,6100,6200,6140
Gujarat,Dahod,Dahod,Maize,23-08-2025,2175,2380,2350
Gujarat,Dahod,Dahod,Paddy(Dhan)(Common),23-08-2025,1900,1950,1940
Gujarat,Dahod,Dahod,Soyabean,23-08-2025,4550,4700,4625
Gujarat,Dahod,Dahod,Wheat,23-08-2025,2875,2925,2900
Gujarat,Dahod,Dahod(Veg. Market),Coriander(Leaves),23-08-2025,500,4000,2250
Gujarat,Dahod,Dahod(Veg. Market),Drumstick,23-08-2025,3000,6000,4500
Gujarat,Dahod,Dahod(Veg. Market),Garlic,23-08-2025,4000,10000,7000
Gujarat,Dahod,Dahod(Veg. Market),Onion,23-08-2025,1000,1800,1400
Gujarat,Dahod,Zalod(Zalod),Soyabean,23-08-2025,5000,5250,5125
Gujarat,Gandhinagar,Dehgam,Guar,23-08-2025,4300,4650,4475
Gujarat,Gandhinagar,Dehgam,Paddy(Dhan)(Common),23-08-2025,1800,2200,2000
Gujarat,Gandhinagar,Dehgam(Rekhiyal),Wheat,23-08-2025,2605,2675,2640
Gujarat,Gandhinagar,Kalol,Castor Seed,23-08-2025,6515,6555,6535
Gujarat,Gandhinagar,Mansa,Castor Seed,23-08-2025,6450,6570,6525
Gujarat,Gir Somnath,Talalagir,Green Chilli,23-08-2025,2000,4500,3000
Gujarat,Gir Somnath,Veraval,Black Gram (Urd Beans)(Whole),23-08-2025,6505,7765,7700
Gujarat,Kachchh,Bachau,Castor Seed,23-08-2025,6410,6465,6435
Gujarat,Kheda,Kapadvanj,Bottle gourd,23-08-2025,500,800,600
Gujarat,Kheda,Kapadvanj,Potato,23-08-2025,800,1350,1000
Gujarat,Kheda,Nadiad,Tomato,23-08-2025,2200,2500,2300
Gujarat,Kheda,Nadiyad(Chaklasi),Bhindi(Ladies Finger),23-08-2025,1200,1400,1250
Gujarat,Kheda,Nadiyad(Piplag),Peas cod,23-08-2025,7500,8000,7800
Gujarat,Mehsana,Kadi,Bajra(Pearl Millet/Cumbu),23-08-2025,1920,2420,2300
Gujarat,Mehsana,Mehsana,Castor Seed,23-08-2025,6530,6625,6560
Gujarat,Mehsana,Mehsana,Wheat,23-08-2025,2550,2755,2675
Gujarat,Mehsana,Mehsana(Mehsana Veg),Cabbage,23-08-2025,1200,2000,1700
Gujarat,Mehsana,Mehsana(Mehsana Veg),Cauliflower,23-08-2025,500,4000,2750
Gujarat,Mehsana,Mehsana(Mehsana Veg),Green Chilli,23-08-2025,500,2000,1250
Gujarat,Mehsana,Mehsana(Mehsana Veg),Lemon,23-08-2025,1000,3000,2250
Gujarat,Mehsana,Unjha,Suva (Dill Seed),23-08-2025,6885,7000,6900
Gujarat,Mehsana,Vijapur(veg),Bottle gourd,23-08-2025,550,1200,875
Gujarat,Mehsana,Vijapur(veg),Guar,23-08-2025,2500,2500,2500
Gujarat,Mehsana,Visnagar,Mustard,23-08-2025,5850,6445,6147
Gujarat,Morbi,Halvad,Ajwan,23-08-2025,4500,6505,5500
Gujarat,Morbi,Halvad,Soanf,23-08-2025,5250,7875,6750
Gujarat,Morbi,Morbi,Arhar Dal(Tur Dal),23-08-2025,6215,6215,6215
Gujarat,Morbi,Morbi,Bengal Gram(Gram)(Whole),23-08-2025,4865,5565,5215
Gujarat,Morbi,Morbi,Bhindi(Ladies Finger),23-08-2025,1000,1500,1250
Gujarat,Morbi,Morbi,Cabbage,23-08-2025,1500,2000,1750
Gujarat,Morbi,Morbi,Cucumbar(Kheera),23-08-2025,500,1000,750
Gujarat,Narmada,Rajpipla,Banana,23-08-2025,1600,2600,2100
Gujarat,Navsari,Bilimora,Brinjal,23-08-2025,750,1750,1200
Gujarat,Navsari,Bilimora,Cabbage,23-08-2025,1000,1250,1100
Gujarat,Navsari,Bilimora,Cauliflower,23-08-2025,1500,2250,1800
Gujarat,Navsari,Bilimora,Onion,23-08-2025,800,2000,1400
Gujarat,Navsari,Navsari,Banana,23-08-2025,1000,2000,1500
Gujarat,Navsari,Navsari,Cabbage,23-08-2025,1500,2000,1750
Gujarat,Navsari,Navsari,Capsicum,23-08-2025,3500,4000,3750
Gujarat,Navsari,Navsari,Tomato,23-08-2025,2500,4500,3500
Gujarat,Panchmahals,Morva Hafad,Wheat,23-08-2025,2400,2500,2450
Gujarat,Patan,Siddhpur,Bajra(Pearl Millet/Cumbu),23-08-2025,1605,2750,2177
Gujarat,Patan,Siddhpur,Castor Seed,23-08-2025,6325,6570,6447
Gujarat,Porbandar,Porbandar,Banana,23-08-2025,2500,3500,3000
Gujarat,Porbandar,Porbandar,Guava,23-08-2025,3000,4000,3500
Gujarat,Rajkot,Gondal(Veg.market Gondal),Apple,23-08-2025,7000,13000,10000
Gujarat,Sabarkantha,Himatnagar,Wheat,23-08-2025,2680,2885,2800
Gujarat,Sabarkantha,Modasa,Maize,23-08-2025,2300,2450,2450
Gujarat,Sabarkantha,Modasa(Tintoi),Bajra(Pearl Millet/Cumbu),23-08-2025,2150,2225,2225
Gujarat,Sabarkantha,Modasa(Tintoi),Wheat,23-08-2025,2550,2700,2700
Gujarat,Sabarkantha,Talod,Castor Seed,23-08-2025,6400,6510,6455
Gujarat,Surat,Bardoli(Katod),Bhindi(Ladies Finger),23-08-2025,1250,2500,1900
Gujarat,Surat,Bardoli(Katod),Brinjal,23-08-2025,1500,2800,2200
Gujarat,Surat,Nizar,Wheat,23-08-2025,2400,2475,2415
Gujarat,Surendranagar,Dasada Patadi,Cummin Seed(Jeera),23-08-2025,16700,18740,18250
Gujarat,Surendranagar,Dhragradhra,Cummin Seed(Jeera),23-08-2025,15000,18275,16750
Gujarat,Surendranagar,Dhragradhra,Guar Seed(Cluster Beans Seed),23-08-2025,4695,4695,4695
Gujarat,Surendranagar,Vadhvan,Banana,23-08-2025,2500,3000,2750
Gujarat,Surendranagar,Vadhvan,Coriander(Leaves),23-08-2025,1000,1500,1250
Gujarat,Surendranagar,Vadhvan,Elephant Yam (Suran),23-08-2025,3500,4000,3750
Gujarat,Surendranagar,Vadhvan,Peas Wet,23-08-2025,12500,13000,12750
Gujarat,Surendranagar,Vadhvan,Potato,23-08-2025,1500,2000,1750
Gujarat,Vadodara(Baroda),Padra,Onion,23-08-2025,1500,2200,1850
Gujarat,Vadodara(Baroda),Padra,Pumpkin,23-08-2025,600,1000,800
Gujarat,Vadodara(Baroda),Padra,Tomato,23-08-2025,2500,4500,3500
Haryana,Ambala,Ambala Cantt.,Banana,23-08-2025,1800,2500,2200
Haryana,Ambala,Ambala Cantt.,Cabbage,23-08-2025,1000,1200,1100
Haryana,Ambala,Ambala Cantt.,Carrot,23-08-2025,1000,1200,1200
Haryana,Ambala,Ambala Cantt.,Green Chilli,23-08-2025,1500,3000,2500
Haryana,Ambala,Ambala Cantt.,Guava,23-08-2025,1500,3500,2500
Haryana,Ambala,Ambala Cantt.,Mango,23-08-2025,7000,8200,7500
Haryana,Ambala,Ambala Cantt.,Mint(Pudina),23-08-2025,4000,5000,4500
Haryana,Ambala,Ambala Cantt.,Peas Wet,23-08-2025,5000,6200,5800
Haryana,Ambala,Naraingarh,Bitter gourd,23-08-2025,1500,2500,2000
Haryana,Ambala,Naraingarh,Lemon,23-08-2025,3000,4500,3500
Haryana,Ambala,Shahzadpur,Bottle gourd,23-08-2025,1500,2000,2000
Haryana,Bhiwani,Bhiwani,Cauliflower,23-08-2025,3520,4544,4210
Haryana,Bhiwani,Bhiwani,Guava,23-08-2025,2410,3250,2780
Haryana,Bhiwani,Siwani,Cotton,23-08-2025,7000,7690,7450
Haryana,Faridabad,Ballabhgarh,Cucumbar(Kheera),23-08-2025,1500,2000,1800
Haryana,Faridabad,Ballabhgarh,Ginger(Dry),23-08-2025,2500,3500,3000
Haryana,Faridabad,Ballabhgarh,Green Chilli,23-08-2025,2000,3000,2500
Haryana,Faridabad,Ballabhgarh,Pumpkin,23-08-2025,1200,1800,1500
Haryana,Faridabad,Faridabad,Raddish,23-08-2025,1000,2000,1500
Haryana,Gurgaon,Gurgaon,Onion,23-08-2025,1000,2000,1500
Haryana,Hissar,Adampur,Cotton,23-08-2025,4500,7701,7400
Haryana,Hissar,Barwala(Hisar),Banana,23-08-2025,3800,4000,3900
Haryana,Hissar,Barwala(Hisar),Guava,23-08-2025,1500,1600,1550
Haryana,Hissar,Barwala(Hisar),Long Melon(Kakri),23-08-2025,800,1000,900
Haryana,Hissar,Barwala(Hisar),Ridgeguard(Tori),23-08-2025,2000,2500,2300
Haryana,Hissar,Barwala(Hisar),Tomato,23-08-2025,3500,4000,3800
Haryana,Hissar,Hansi,Guava,23-08-2025,2000,3000,2500
Haryana,Hissar,Hansi,Ridgeguard(Tori),23-08-2025,3000,3500,3300
Haryana,Hissar,Hansi,Tomato,23-08-2025,5000,6000,5500
Haryana,Hissar,Hissar,Guar,23-08-2025,3911,3911,3911
Haryana,Jind,Safidon,Cabbage,23-08-2025,4000,4000,4000
Haryana,Jind,Safidon,Mousambi(Sweet Lime),23-08-2025,3000,3000,3000
Haryana,Kaithal,Kaithal,Orange,23-08-2025,13000,13000,13000
Haryana,Kaithal,Kaithal,Tomato,23-08-2025,3300,4200,3750
Haryana,Karnal,Indri,Paddy(Dhan)(Basmati),23-08-2025,2600,3100,2800
Haryana,Karnal,Tarori,Apple,23-08-2025,5000,6000,5500
Haryana,Karnal,Tarori,Banana,23-08-2025,2000,2500,2200
Haryana,Kurukshetra,Ladwa,Tomato,23-08-2025,3000,3500,3200
Haryana,Kurukshetra,Shahabad,Cabbage,23-08-2025,1800,2000,1900
Haryana,Kurukshetra,Shahabad,Onion,23-08-2025,1400,2200,1600
Haryana,Kurukshetra,Shahabad,Potato,23-08-2025,460,900,600
Haryana,Mahendragarh-Narnaul,Narnaul,Bhindi(Ladies Finger),23-08-2025,1000,3000,2500
Haryana,Mahendragarh-Narnaul,Narnaul,Bitter gourd,23-08-2025,3000,3500,3500
Haryana,Mahendragarh-Narnaul,Narnaul,Lemon,23-08-2025,3000,4000,4000
Haryana,Mahendragarh-Narnaul,Narnaul,Potato,23-08-2025,1000,1000,1000
Haryana,Mewat,Hathin,Cotton,23-08-2025,5600,6200,5700
Haryana,Palwal,Hassanpur,Onion,23-08-2025,1500,1500,1500
Haryana,Panchkula,Panchkul(Kalka),Apple,23-08-2025,8500,9500,9000
Haryana,Panchkula,Raipur Rai,Bhindi(Ladies Finger),23-08-2025,2000,2200,2000
Haryana,Panchkula,Raipur Rai,Bitter gourd,23-08-2025,1800,2000,1800
Haryana,Panchkula,Raipur Rai,Capsicum,23-08-2025,2000,2200,2000
Haryana,Panchkula,Raipur Rai,Peas Wet,23-08-2025,4000,4200,4000
Haryana,Panipat,Panipat,Apple,23-08-2025,4000,12000,8000
Haryana,Panipat,Panipat,Cucumbar(Kheera),23-08-2025,1000,2000,1500
Haryana,Panipat,Samalkha,Carrot,23-08-2025,4000,4000,4000
Haryana,Panipat,Samalkha,Colacasia,23-08-2025,2200,2200,2200
Haryana,Panipat,Samalkha,Lemon,23-08-2025,6000,6000,6000
Haryana,Panipat,Samalkha,Raddish,23-08-2025,1500,1500,1500
Haryana,Panipat,Samalkha,Ridgeguard(Tori),23-08-2025,1500,1500,1500
Haryana,Rewari,Kosli,Banana,23-08-2025,2000,2000,2000
Haryana,Rewari,Kosli,Pumpkin,23-08-2025,1000,1000,1000
Haryana,Rewari,Rewari,Banana,23-08-2025,2500,3500,3000
Haryana,Rewari,Rewari,Onion,23-08-2025,1000,2200,1600
Haryana,Rewari,Rewari,Tomato,23-08-2025,2000,4000,3000
Haryana,Rohtak,Sampla,Onion,23-08-2025,2000,2200,2000
Haryana,Rohtak,Sampla,Potato,23-08-2025,1200,1200,1200
Haryana,Sirsa,Ellanabad,Guar,23-08-2025,3800,4850,4779
Haryana,Sirsa,Sirsa,Grapes,23-08-2025,10000,16600,12000
Haryana,Sirsa,Sirsa,Mango,23-08-2025,1500,1500,1500
Haryana,Sonipat,Ganaur,Banana,23-08-2025,2800,3000,2800
Haryana,Sonipat,Ganaur,Bottle gourd,23-08-2025,1500,1600,1500
Haryana,Sonipat,Ganaur,Guava,23-08-2025,1400,1500,1400
Haryana,Sonipat,Ganaur,Onion,23-08-2025,1800,2000,1800
Haryana,Sonipat,Ganaur,Potato,23-08-2025,1300,1400,1300
Haryana,Sonipat,Ganaur,Tomato,23-08-2025,3800,4000,3800
Haryana,Sonipat,Ganaur,Yam (Ratalu),23-08-2025,2500,2600,2500
Haryana,Sonipat,Gohana,Banana - Green,23-08-2025,2000,2500,2200
Haryana,Sonipat,Gohana,Cucumbar(Kheera),23-08-2025,1500,4000,2000
Haryana,Sonipat,Gohana,Green Chilli,23-08-2025,5000,8000,6000
Haryana,Sonipat,Gohana,Water Melon,23-08-2025,2000,3000,2500
Haryana,Sonipat,Sonepat,Bottle gourd,23-08-2025,1600,2400,1600
Haryana,Sonipat,Sonepat,Green Chilli,23-08-2025,2800,6200,2800
Haryana,Sonipat,Sonepat,Tomato,23-08-2025,3100,4200,3100
Haryana,Sonipat,Sonepat(Kharkhoda),Onion,23-08-2025,1300,2000,1600
Haryana,Yamuna Nagar,Mustafabad,Bottle gourd,23-08-2025,1800,2000,1800
Haryana,Yamuna Nagar,Mustafabad,Potato,23-08-2025,1200,1400,1200
Haryana,Yamuna Nagar,Radaur,Banana,23-08-2025,2600,3000,2800
Haryana,Yamuna Nagar,Radaur,Lemon,23-08-2025,4000,4500,4200
Haryana,Yamuna Nagar,Radaur,Onion,23-08-2025,1500,1700,1600
Haryana,Yamuna Nagar,Sadhaura,Apple,23-08-2025,2000,7000,3000
Haryana,Yamuna Nagar,Sadhaura,Bottle gourd,23-08-2025,2000,2000,2000
Haryana,Yamuna Nagar,Sadhaura,Capsicum,23-08-2025,4000,6000,5000
Haryana,Yamuna Nagar,Sadhaura,Onion,23-08-2025,1700,2100,1800
Haryana,Yamuna Nagar,Sadhaura,Pomegranate,23-08-2025,9000,9000,9000
Himachal Pradesh,Bilaspur,Bilaspur,Apple,23-08-2025,4000,8000,6000
Himachal Pradesh,Bilaspur,Bilaspur,Green Chilli,23-08-2025,5000,6500,6000
Himachal Pradesh,Bilaspur,Bilaspur,Onion,23-08-2025,2200,2600,2400
Himachal Pradesh,Bilaspur,Bilaspur,Spinach,23-08-2025,3000,5000,4000
Himachal Pradesh,Chamba,Chamba,Bottle gourd,23-08-2025,2500,3000,2750
Himachal Pradesh,Chamba,Chamba,Cucumbar(Kheera),23-08-2025,2000,2500,2250
Himachal Pradesh,Hamirpur,Hamirpur,Bhindi(Ladies Finger),23-08-2025,3000,3500,3200
Himachal Pradesh,Hamirpur,Hamirpur,Cabbage,23-08-2025,3000,3500,3200
Himachal Pradesh,Hamirpur,Hamirpur,Capsicum,23-08-2025,8500,10000,9200
Himachal Pradesh,Hamirpur,Hamirpur,Colacasia,23-08-2025,3500,3600,3500
Himachal Pradesh,Hamirpur,Hamirpur,Ginger(Green),23-08-2025,10000,12000,11000
Himachal Pradesh,Hamirpur,Hamirpur,Onion,23-08-2025,2400,2600,2500
Himachal Pradesh,Hamirpur,Hamirpur,Tomato,23-08-2025,6500,7000,6700
Himachal Pradesh,Hamirpur,Hamirpur(Nadaun),Capsicum,23-08-2025,8500,10000,9200
Himachal Pradesh,Hamirpur,Hamirpur(Nadaun),Onion,23-08-2025,2400,2600,2500
Himachal Pradesh,Kangra,Dharamshala,Onion,23-08-2025,2500,2800,2650
Himachal Pradesh,Kangra,Dharamshala,Papaya,23-08-2025,3500,4000,3750
Himachal Pradesh,Kangra,Kangra,Apple,23-08-2025,3000,10000,8000
Himachal Pradesh,Kangra,Kangra,Cucumbar(Kheera),23-08-2025,3000,3500,3200
Himachal Pradesh,Kangra,Kangra,Guava,23-08-2025,4500,6000,5500
Himachal Pradesh,Kangra,Kangra,Lemon,23-08-2025,6000,7000,6500
Himachal Pradesh,Kangra,Kangra,Pineapple,23-08-2025,4000,4500,4200
Himachal Pradesh,Kangra,Kangra,Tinda,23-08-2025,5000,5500,5200
Himachal Pradesh,Kangra,Kangra,Tomato,23-08-2025,4000,5200,4500
Himachal Pradesh,Kangra,Kangra(Baijnath),Banana,23-08-2025,3200,3500,3400
Himachal Pradesh,Kangra,Kangra(Baijnath),Bottle gourd,23-08-2025,3500,5500,4500
Himachal Pradesh,Kangra,Kangra(Baijnath),French Beans (Frasbean),23-08-2025,7000,7200,7000
Himachal Pradesh,Kangra,Kangra(Baijnath),Green Chilli,23-08-2025,5500,5500,5500
Himachal Pradesh,Kangra,Kangra(Baijnath),Onion,23-08-2025,2400,2500,2500
Himachal Pradesh,Kangra,Kangra(Baijnath),Peas Wet,23-08-2025,12000,12000,12000
Himachal Pradesh,Kangra,Kangra(Jaisinghpur),Bitter gourd,23-08-2025,4000,4200,4100
Himachal Pradesh,Kangra,Kangra(Jaisinghpur),Brinjal,23-08-2025,4200,4600,4400
Himachal Pradesh,Kangra,Kangra(Jaisinghpur),Cabbage,23-08-2025,3000,3200,3100
Himachal Pradesh,Kangra,Kangra(Jaisinghpur),Cauliflower,23-08-2025,5800,6500,6100
Himachal Pradesh,Kangra,Kangra(Jaisinghpur),Colacasia,23-08-2025,3000,3500,3200
Himachal Pradesh,Kangra,Kangra(Jaisinghpur),Ginger(Green),23-08-2025,9000,9500,9200
Himachal Pradesh,Kangra,Kangra(Jaisinghpur),Green Chilli,23-08-2025,5500,6500,6000
Himachal Pradesh,Kangra,Kangra(Jaisinghpur),Lemon,23-08-2025,6500,7000,6700
Himachal Pradesh,Kangra,Kangra(Jaisinghpur),Onion,23-08-2025,2600,2800,2700
Himachal Pradesh,Kangra,Kangra(Jaisinghpur),Tomato,23-08-2025,4700,5500,5100
Himachal Pradesh,Kangra,Kangra(Jassour),Papaya,23-08-2025,4000,5000,4500
Himachal Pradesh,Kangra,Kangra(Jassour),Potato,23-08-2025,1500,2000,1800
Himachal Pradesh,Kangra,Kangra(Jassour),Raddish,23-08-2025,1500,2000,1800
Himachal Pradesh,Kangra,Kangra(Nagrota Bagwan),Bottle gourd,23-08-2025,2800,5500,3500
Himachal Pradesh,Kangra,Kangra(Nagrota Bagwan),Cabbage,23-08-2025,2000,2800,2400
Himachal Pradesh,Kangra,Kangra(Nagrota Bagwan),Carrot,23-08-2025,2000,2500,2200
Himachal Pradesh,Kangra,Kangra(Nagrota Bagwan),Cucumbar(Kheera),23-08-2025,2800,3200,3000
Himachal Pradesh,Kangra,Kangra(Nagrota Bagwan),Pineapple,23-08-2025,3500,4000,3700
Himachal Pradesh,Kangra,Kangra(Nagrota Bagwan),Pomegranate,23-08-2025,10000,12000,11000
Himachal Pradesh,Kangra,Palampur,Apple,23-08-2025,4000,10000,6000
Himachal Pradesh,Kangra,Palampur,Coriander(Leaves),23-08-2025,25000,28000,26500
Himachal Pradesh,Kangra,Palampur,Pear(Marasebu),23-08-2025,6500,7000,6700
Himachal Pradesh,Kangra,Palampur,Raddish,23-08-2025,2000,2500,2200
Himachal Pradesh,Kullu,Kullu,Capsicum,23-08-2025,3000,5000,4000
Himachal Pradesh,Kullu,Kullu,Cucumbar(Kheera),23-08-2025,1500,3000,2300
Himachal Pradesh,Kullu,Kullu,Mango,23-08-2025,10000,15000,13000
Himachal Pradesh,Kullu,Kullu,Raddish,23-08-2025,1500,2000,1800
Himachal Pradesh,Kullu,Kullu,Water Melon,23-08-2025,3500,4000,3800
Himachal Pradesh,Mandi,Chail Chowk ,Potato,23-08-2025,2000,2000,2000
Himachal Pradesh,Mandi,Dhanotu (Mandi),Apple,23-08-2025,2000,8000,5000
Himachal Pradesh,Mandi,Dhanotu (Mandi),Bottle gourd,23-08-2025,2000,3000,2500
Himachal Pradesh,Mandi,Dhanotu (Mandi),Brinjal,23-08-2025,2000,3000,2500
Himachal Pradesh,Mandi,Dhanotu (Mandi),Capsicum,23-08-2025,4000,5000,4500
Himachal Pradesh,Mandi,Dhanotu (Mandi),Garlic,23-08-2025,7000,9000,8000
Himachal Pradesh,Mandi,Dhanotu (Mandi),Green Chilli,23-08-2025,5000,6000,5500
Himachal Pradesh,Mandi,Dhanotu (Mandi),Lemon,23-08-2025,6000,7000,6500
Himachal Pradesh,Mandi,Dhanotu (Mandi),Tomato,23-08-2025,4000,4500,4250
Himachal Pradesh,Mandi,Mandi(Mandi),Coriander(Leaves),23-08-2025,15000,19000,18000
Himachal Pradesh,Mandi,Mandi(Mandi),French Beans (Frasbean),23-08-2025,5000,7000,6000
Himachal Pradesh,Mandi,Mandi(Mandi),Guava,23-08-2025,2000,5000,3000
Himachal Pradesh,Mandi,Mandi(Mandi),Mousambi(Sweet Lime),23-08-2025,4000,5000,5000
Himachal Pradesh,Mandi,Mandi(Mandi),Orange,23-08-2025,20000,20000,20000
Himachal Pradesh,Mandi,Mandi(Mandi),Pumpkin,23-08-2025,1100,1500,1500
Himachal Pradesh,Mandi,Mandi(Mandi),Sponge gourd,23-08-2025,1500,4000,3000
Himachal Pradesh,Sirmore,Nahan,Brinjal,23-08-2025,2800,3000,2900
Himachal Pradesh,Sirmore,Nahan,Tomato,23-08-2025,4500,5000,4800
Himachal Pradesh,Sirmore,Paonta Sahib,Bottle gourd,23-08-2025,2500,3000,2800
Himachal Pradesh,Sirmore,Paonta Sahib,Cauliflower,23-08-2025,4500,5000,4800
Himachal Pradesh,Sirmore,Paonta Sahib,Cucumbar(Kheera),23-08-2025,2500,3000,2800
Himachal Pradesh,Sirmore,Paonta Sahib,Green Chilli,23-08-2025,4000,6000,5000
Himachal Pradesh,Sirmore,Paonta Sahib,Guava,23-08-2025,4400,5000,4600
Himachal Pradesh,Solan,Solan,Cucumbar(Kheera),23-08-2025,1500,4000,2500
Himachal Pradesh,Solan,Solan,French Beans (Frasbean),23-08-2025,2000,7500,5500
Himachal Pradesh,Solan,Solan,Ginger(Green),23-08-2025,4500,7000,6000
Himachal Pradesh,Solan,Solan,Onion,23-08-2025,2200,2300,2200
Himachal Pradesh,Solan,Solan,Peas cod,23-08-2025,4000,9000,8000
Himachal Pradesh,Solan,Solan(Nalagarh),Tomato,23-08-2025,3500,4000,3700
Himachal Pradesh,Una,Santoshgarh,Apple,23-08-2025,3200,8200,5700
Himachal Pradesh,Una,Santoshgarh,Bottle gourd,23-08-2025,2000,2600,2300
Himachal Pradesh,Una,Santoshgarh,Potato,23-08-2025,1000,1200,1100
Himachal Pradesh,Una,Santoshgarh,Pumpkin,23-08-2025,1200,1300,1250
Himachal Pradesh,Una,Una,Cabbage,23-08-2025,2500,3500,3000
Himachal Pradesh,Una,Una,Coriander(Leaves),23-08-2025,10000,15000,12500
Himachal Pradesh,Una,Una,Garlic,23-08-2025,8000,12000,10000
Himachal Pradesh,Una,Una,Pear(Marasebu),23-08-2025,4000,7000,5500
Himachal Pradesh,Una,Una,Peas Wet,23-08-2025,10000,11000,10500
Himachal Pradesh,Una,Una,Tomato,23-08-2025,5000,7000,6000
Jammu and Kashmir,Anantnag,Kulgam,Apple,23-08-2025,2352.94,3529.41,2941.18
Jammu and Kashmir,Jammu,Batote,Apple,23-08-2025,4500,5000,4750
Jammu and Kashmir,Jammu,Batote,Brinjal,23-08-2025,1900,2100,2000
Jammu and Kashmir,Jammu,Batote,Knool Khol,23-08-2025,1400,1600,1500
Jammu and Kashmir,Jammu,Narwal Jammu (F&V),Apple,23-08-2025,4000,8000,6000
Jammu and Kashmir,Jammu,Narwal Jammu (F&V),Apple,23-08-2025,3000,3500,3250
Jammu and Kashmir,Kathua,Kathua,Capsicum,23-08-2025,3000,3500,3250
Jammu and Kashmir,Kathua,Kathua,Cucumbar(Kheera),23-08-2025,2000,2500,2250
Jammu and Kashmir,Kathua,Kathua,Pear(Marasebu),23-08-2025,4000,5000,4500
Jammu and Kashmir,Kathua,Kathua,Pineapple,23-08-2025,3500,4000,3750
Jammu and Kashmir,Kathua,Kathua,Pomegranate,23-08-2025,10000,11000,10500
Jammu and Kashmir,Rajouri,Rajouri (F&V),Bitter gourd,23-08-2025,4500,4700,4600
Jammu and Kashmir,Rajouri,Rajouri (F&V),Ginger(Green),23-08-2025,10000,11000,10500
Jammu and Kashmir,Rajouri,Rajouri (F&V),Pineapple,23-08-2025,5000,5200,5100
Jammu and Kashmir,Srinagar,Ganderbal,Apple,23-08-2025,6500,7500,7000
Jammu and Kashmir,Srinagar,Parimpore,Apple,23-08-2025,3500,4500,4000
Jammu and Kashmir,Srinagar,Parimpore,Banana,23-08-2025,2965,3487,3152
Jammu and Kashmir,Srinagar,Parimpore,Bhindi(Ladies Finger),23-08-2025,3500,4500,4000
Jammu and Kashmir,Srinagar,Parimpore,Coriander(Leaves),23-08-2025,2600,3000,2800
Jammu and Kashmir,Srinagar,Parimpore,Grapes,23-08-2025,5000,10000,7500
Jammu and Kashmir,Srinagar,Parimpore,Grapes,23-08-2025,3000,5000,4000
Jammu and Kashmir,Srinagar,Parimpore,Onion,23-08-2025,2000,3000,2500
Jammu and Kashmir,Srinagar,Parimpore,Pineapple,23-08-2025,2900,3400,3150
Jammu and Kashmir,Srinagar,Parimpore,Raddish,23-08-2025,3000,3500,3250
Jammu and Kashmir,Udhampur,Udhampur,Onion,23-08-2025,2000,2500,2250
Kerala,Alappuzha,Aroor,Beetroot,23-08-2025,5000,5200,5100
Kerala,Alappuzha,Aroor,Green Chilli,23-08-2025,6000,6200,6100
Kerala,Alappuzha,Aroor,Onion,23-08-2025,2400,2600,2500
Kerala,Alappuzha,Aroor,Pumpkin,23-08-2025,2800,3000,2900
Kerala,Alappuzha,Aroor,Snakeguard,23-08-2025,4000,4200,4100
Kerala,Alappuzha,Chengannur,Ashgourd,23-08-2025,2900,3200,3000
Kerala,Alappuzha,Chengannur,Bottle gourd,23-08-2025,1900,2200,2000
Kerala,Alappuzha,Chengannur,Coconut,23-08-2025,6300,6600,6500
Kerala,Alappuzha,Chengannur,Lemon,23-08-2025,0,0,6000
Kerala,Alappuzha,Chengannur,Mango (Raw-Ripe),23-08-2025,0,0,8000
Kerala,Alappuzha,Chengannur,Pumpkin,23-08-2025,2800,3100,3000
Kerala,Alappuzha,Cherthala,Amaranthus,23-08-2025,6000,6200,6100
Kerala,Alappuzha,Cherthala,Little gourd (Kundru),23-08-2025,3200,3400,3300
Kerala,Alappuzha,Cherthala,Snakeguard,23-08-2025,3400,3600,3500
Kerala,Alappuzha,Harippad,Banana - Green,23-08-2025,5000,5500,5000
Kerala,Alappuzha,Harippad,Beetroot,23-08-2025,4000,4500,4000
Kerala,Alappuzha,Harippad,Bitter gourd,23-08-2025,5000,5500,5000
Kerala,Alappuzha,Harippad,Cabbage,23-08-2025,4000,4500,4000
Kerala,Alappuzha,Harippad,Carrot,23-08-2025,6000,6500,6000
Kerala,Alappuzha,Harippad,Cauliflower,23-08-2025,4000,4500,4000
Kerala,Alappuzha,Harippad,Ginger(Green),23-08-2025,5000,5500,5000
Kerala,Alappuzha,Kayamkulam,Amaranthus,23-08-2025,3100,3300,3200
Kerala,Alappuzha,Kayamkulam,Banana - Green,23-08-2025,2200,2400,2300
Kerala,Alappuzha,Kayamkulam,Bitter gourd,23-08-2025,4800,5000,4900
Kerala,Alappuzha,Kayamkulam,Brinjal,23-08-2025,2300,2500,2400
Kerala,Alappuzha,Kayamkulam,Cabbage,23-08-2025,1400,1600,1500
Kerala,Alappuzha,Kayamkulam,Cucumbar(Kheera),23-08-2025,2400,2600,2500
Kerala,Alappuzha,Kayamkulam,Tomato,23-08-2025,3100,3300,3200
Kerala,Alappuzha,Mannar,Bhindi(Ladies Finger),23-08-2025,4000,4200,4100
Kerala,Ernakulam,Aluva,Amaranthus,23-08-2025,3000,6000,4500
Kerala,Ernakulam,Aluva,Ashgourd,23-08-2025,2700,4000,3400
Kerala,Ernakulam,Edackattuvayal  VFPCK,Tapioca,23-08-2025,1945,1955,1950
Kerala,Ernakulam,Ernakulam,Ashgourd,23-08-2025,2500,3200,2900
Kerala,Ernakulam,Ernakulam,Banana,23-08-2025,4100,5000,4500
Kerala,Ernakulam,Ernakulam,Tomato,23-08-2025,5000,5800,5500
Kerala,Ernakulam,KURUMASSERY VFPCK,Banana,23-08-2025,3500,4200,3900
Kerala,Ernakulam,Mazhuvannur VFPCK,Banana,23-08-2025,2500,4800,3700
Kerala,Ernakulam,Mookkannur  VFPCK,Banana,23-08-2025,1000,2200,1800
Kerala,Ernakulam,North Paravur,Amphophalus,23-08-2025,4500,5000,4800
Kerala,Ernakulam,North Paravur,Black pepper,23-08-2025,75000,95000,80000
Kerala,Ernakulam,North Paravur,Cabbage,23-08-2025,2200,2800,2400
Kerala,Ernakulam,North Paravur,Coriander(Leaves),23-08-2025,7000,8000,7500
Kerala,Ernakulam,North Paravur,Lemon,23-08-2025,8000,9000,8500
Kerala,Ernakulam,North Paravur,Little gourd (Kundru),23-08-2025,5800,6500,6000
Kerala,Ernakulam,North Paravur,Mango (Raw-Ripe),23-08-2025,9000,10000,9500
Kerala,Ernakulam,North Paravur,Pumpkin,23-08-2025,2800,3400,3000
Kerala,Ernakulam,Perumbavoor,Amaranthus,23-08-2025,2000,3000,2500
Kerala,Ernakulam,Perumbavoor,Bhindi(Ladies Finger),23-08-2025,2800,3800,3200
Kerala,Ernakulam,Perumbavoor,Bottle gourd,23-08-2025,1600,2600,2000
Kerala,Ernakulam,Perumbavoor,Cabbage,23-08-2025,2000,3000,2500
Kerala,Ernakulam,Perumbavoor,Coconut Seed,23-08-2025,7000,8000,7500
Kerala,Ernakulam,Perumbavoor,Drumstick,23-08-2025,3000,4000,3500
Kerala,Ernakulam,Perumbavoor,Pineapple,23-08-2025,2700,3700,3000
Kerala,Ernakulam,Perumbavoor,Tomato,23-08-2025,4300,5300,4700
Kerala,Ernakulam,Thrippunithura,Banana,23-08-2025,3400,5000,3600
Kerala,Ernakulam,Thrippunithura,Banana,23-08-2025,8200,9000,8400
Kerala,Ernakulam,Thrippunithura,Carrot,23-08-2025,8000,9000,8200
Kerala,Ernakulam,Thrippunithura,Cowpea(Veg),23-08-2025,5000,6000,5200
Kerala,Ernakulam,Thrippunithura,Ginger(Green),23-08-2025,9000,14000,10000
Kerala,Ernakulam,Thrippunithura,Lemon,23-08-2025,7000,8000,7200
Kerala,Ernakulam,Thrippunithura,Pumpkin,23-08-2025,3200,4000,3400
Kerala,Ernakulam,Thrippunithura,Tomato,23-08-2025,6000,6500,6200
Kerala,Idukki,Adimali,Brinjal,23-08-2025,6000,6000,6000
Kerala,Idukki,Adimali,Carrot,23-08-2025,9000,9000,9000
Kerala,Idukki,Adimali,Drumstick,23-08-2025,6000,6000,6000
Kerala,Idukki,Adimali,Mango,23-08-2025,9000,9000,9000
Kerala,Idukki,Adimali,Pumpkin,23-08-2025,4000,4000,4000
Kerala,Idukki,Vandiperiyar,Capsicum,23-08-2025,6500,6800,6800
Kerala,Idukki,Vandiperiyar,Cucumbar(Kheera),23-08-2025,3800,4000,4000
Kerala,Idukki,Vandiperiyar,French Beans (Frasbean),23-08-2025,7400,7500,7500
Kerala,Idukki,Vandiperiyar,Potato,23-08-2025,3600,3700,3700
Kerala,Idukki,Vandiperiyar,Tapioca,23-08-2025,3800,3800,3800
Kerala,Kannur,Kannur,Bhindi(Ladies Finger),23-08-2025,5500,5700,5600
Kerala,Kannur,Kannur,Onion,23-08-2025,2400,2600,2500
Kerala,Kannur,Pattiyam  VFPCK,Banana - Green,23-08-2025,5900,5900,5900
Kerala,Kannur,Payyannur,Arecanut(Betelnut/Supari),23-08-2025,36500,38500,37500
Kerala,Kannur,Payyannur,Banana,23-08-2025,3900,4100,4000
Kerala,Kannur,Taliparamba,Potato,23-08-2025,3100,3300,3200
Kerala,Kollam,Anchal,Banana,23-08-2025,6500,6700,6600
Kerala,Kollam,Anchal,Bhindi(Ladies Finger),23-08-2025,4500,4700,4600
Kerala,Kollam,Anchal,Pumpkin,23-08-2025,2600,2800,2700
Kerala,Kollam,Anchal,Tomato,23-08-2025,3700,3900,3800
Kerala,Kottayam,Ettumanoor,Cluster beans,23-08-2025,5500,6500,6000
Kerala,Kottayam,Kottayam,Bitter gourd,23-08-2025,6500,6900,6700
Kerala,Kottayam,Kottayam,Black Gram (Urd Beans)(Whole),23-08-2025,11000,11800,11400
Kerala,Kottayam,Kottayam,Cowpea(Veg),23-08-2025,7000,7400,7200
Kerala,Kottayam,Kottayam,Cucumbar(Kheera),23-08-2025,3200,3600,3400
Kerala,Kottayam,Kottayam,Green Chilli,23-08-2025,4800,5200,5000
Kerala,Kottayam,Kottayam,Pineapple,23-08-2025,3200,3600,3400
Kerala,Kottayam,Kottayam,Tomato,23-08-2025,5200,5600,5400
Kerala,Kottayam,Kuruppanthura,Beetroot,23-08-2025,6000,6000,6000
Kerala,Kottayam,Kuruppanthura,Bhindi(Ladies Finger),23-08-2025,5000,6000,5500
Kerala,Kottayam,Pampady,Amaranthus,23-08-2025,3000,4500,3500
Kerala,Kottayam,Pampady,Ashgourd,23-08-2025,2500,4500,3000
Kerala,Kottayam,Pampady,Cabbage,23-08-2025,2900,4000,3000
Kerala,Kottayam,Pampady,Potato,23-08-2025,3100,4600,4000
Kerala,Kozhikode(Calicut),Kallachi,Banana,23-08-2025,3600,4000,3800
Kerala,Kozhikode(Calicut),Kallachi,Tomato,23-08-2025,4600,5000,4800
Kerala,Kozhikode(Calicut),Mukkom,Amaranthus,23-08-2025,3400,3600,3500
Kerala,Kozhikode(Calicut),Mukkom,Banana - Green,23-08-2025,3600,4000,3800
Kerala,Kozhikode(Calicut),Mukkom,Carrot,23-08-2025,5700,6000,5900
Kerala,Kozhikode(Calicut),Mukkom,Drumstick,23-08-2025,3400,3600,3500
Kerala,Kozhikode(Calicut),Mukkom,Pineapple,23-08-2025,6500,7500,7000
Kerala,Kozhikode(Calicut),Mukkom,Pumpkin,23-08-2025,2500,2800,2600
Kerala,Kozhikode(Calicut),Mukkom,Snakeguard,23-08-2025,4000,4300,4100
Kerala,Kozhikode(Calicut),Palayam,Amphophalus,23-08-2025,3900,4000,3900
Kerala,Kozhikode(Calicut),Palayam,Bhindi(Ladies Finger),23-08-2025,4000,4000,4000
Kerala,Kozhikode(Calicut),Palayam,Bitter gourd,23-08-2025,3500,3500,3500
Kerala,Kozhikode(Calicut),Palayam,Onion,23-08-2025,2100,2200,2100
Kerala,Kozhikode(Calicut),Perambra,Amaranthus,23-08-2025,3000,4000,3500
Kerala,Kozhikode(Calicut),Perambra,Bhindi(Ladies Finger),23-08-2025,4500,5500,5000
Kerala,Kozhikode(Calicut),Perambra,Cabbage,23-08-2025,2500,3000,2800
Kerala,Kozhikode(Calicut),Perambra,Cauliflower,23-08-2025,3500,4000,4000
Kerala,Kozhikode(Calicut),Perambra,Cowpea(Veg),23-08-2025,4500,5500,5000
Kerala,Kozhikode(Calicut),Perambra,Potato,23-08-2025,2600,3000,2700
Kerala,Kozhikode(Calicut),Perambra,Pumpkin,23-08-2025,2500,3000,2700
Kerala,Kozhikode(Calicut),Quilandy,Amaranthus,23-08-2025,3400,3500,3400
Kerala,Kozhikode(Calicut),Quilandy,Bhindi(Ladies Finger),23-08-2025,4800,5200,5000
Kerala,Kozhikode(Calicut),Quilandy,Drumstick,23-08-2025,3800,4000,4000
Kerala,Kozhikode(Calicut),Quilandy,Snakeguard,23-08-2025,4000,4200,4000
Kerala,Malappuram,Kondotty,Ashgourd,23-08-2025,2800,3000,2900
Kerala,Malappuram,Kondotty,Bitter gourd,23-08-2025,3800,4000,3900
Kerala,Malappuram,Kondotty,Cluster beans,23-08-2025,5400,5600,5500
Kerala,Malappuram,Kondotty,French Beans (Frasbean),23-08-2025,5400,5600,5500
Kerala,Malappuram,Kondotty,Onion,23-08-2025,2400,2600,2500
Kerala,Malappuram,Kondotty,Raddish,23-08-2025,3400,3600,3500
Kerala,Malappuram,Perinthalmanna,Amphophalus,23-08-2025,3500,5000,4000
Kerala,Malappuram,Perinthalmanna,Banana,23-08-2025,4000,4500,4200
Kerala,Malappuram,Perinthalmanna,Banana - Green,23-08-2025,2500,3000,2800
Kerala,Malappuram,Perinthalmanna,Colacasia,23-08-2025,4000,5600,4500
Kerala,Malappuram,Perinthalmanna,Garlic,23-08-2025,12000,14500,13000
Kerala,Malappuram,Perinthalmanna,Ginger(Green),23-08-2025,5000,5600,5200
Kerala,Malappuram,Perinthalmanna,Green Chilli,23-08-2025,6000,6500,6200
Kerala,Malappuram,Perinthalmanna,Potato,23-08-2025,2500,3000,2800
Kerala,Palakad,Palakkad,Banana,23-08-2025,2700,4000,3400
Kerala,Palakad,Palakkad,Banana,23-08-2025,7500,8500,8100
Kerala,Palakad,Palakkad,Bhindi(Ladies Finger),23-08-2025,4500,5500,5100
Kerala,Palakad,Palakkad,Bottle gourd,23-08-2025,4000,5000,4600
Kerala,Palakad,Palakkad,Brinjal,23-08-2025,4000,5000,4600
Kerala,Palakad,Palakkad,Mango (Raw-Ripe),23-08-2025,8000,9000,8600
Kerala,Palakad,Palakkad,Onion,23-08-2025,2800,3500,3200
Kerala,Palakad,Palakkad,Pineapple,23-08-2025,4000,5000,4600
Kerala,Palakad,Palakkad,Potato,23-08-2025,3200,4000,3700
Kerala,Palakad,Vadakkenchery,Ashgourd,23-08-2025,3000,4000,3500
Kerala,Pathanamthitta,EZHAMKULAM VFPCK,Ginger(Green),23-08-2025,9000,9800,9400
Kerala,Pathanamthitta,KODUMON VFPCK,Ginger(Green),23-08-2025,7000,8000,7500
Kerala,Pathanamthitta,Pallikkal  VFPCK,Bitter gourd,23-08-2025,6400,7600,7000
Kerala,Pathanamthitta,Pallikkal  VFPCK,Brinjal,23-08-2025,4200,4500,4300
Kerala,Pathanamthitta,PANDALAM VFPCK,Bitter gourd,23-08-2025,5500,6500,6000
Kerala,Pathanamthitta,THENGAMAM VFPCK,Ashgourd,23-08-2025,1000,1600,1400
Kerala,Thirssur,Amballur  VFPCK,Banana,23-08-2025,3500,5500,4800
Kerala,Thirssur,Chavakkad,Cluster beans,23-08-2025,5000,6000,6000
Kerala,Thirssur,Chavakkad,Pineapple,23-08-2025,5000,6000,6000
Kerala,Thirssur,MALA VFPCK,Banana,23-08-2025,1500,3000,2500
Kerala,Thiruvananthapuram,Attingal,Amaranthus,23-08-2025,5500,6000,6000
Kerala,Thiruvananthapuram,Kallara  VFPCK,Banana,23-08-2025,7400,7600,7500
Kerala,Thiruvananthapuram,Neyyatinkara,Amphophalus,23-08-2025,5500,6000,5600
Kerala,Thiruvananthapuram,Neyyatinkara,Beetroot,23-08-2025,5400,6000,5700
Kerala,Thiruvananthapuram,Neyyatinkara,Bhindi(Ladies Finger),23-08-2025,3300,4000,3600
Kerala,Thiruvananthapuram,Neyyatinkara,Cabbage,23-08-2025,3500,4000,3600
Kerala,Thiruvananthapuram,Neyyatinkara,Carrot,23-08-2025,5400,6000,5700
Kerala,Thiruvananthapuram,Neyyatinkara,Coriander(Leaves),23-08-2025,5000,12000,7000
Kerala,Thiruvananthapuram,Neyyatinkara,Duster Beans,23-08-2025,5500,6000,5700
Kerala,Thiruvananthapuram,Neyyatinkara,Pumpkin,23-08-2025,3400,4000,3600
Kerala,Thiruvananthapuram,Neyyatinkara,Tomato,23-08-2025,5400,6000,5700
Kerala,Thiruvananthapuram,PAPPANCHANI VFPCK,Cowpea(Veg),23-08-2025,78,80,79
Kerala,Thiruvananthapuram,PAPPANCHANI VFPCK,Snakeguard,23-08-2025,48,50,49
Kerala,Thiruvananthapuram,Parassala,Banana,23-08-2025,2800,3000,2800
Kerala,Thiruvananthapuram,Parassala,Beans,23-08-2025,5800,6000,5800
Kerala,Thiruvananthapuram,Parassala,Bhindi(Ladies Finger),23-08-2025,2800,3000,2800
Kerala,Thiruvananthapuram,Parassala,Carrot,23-08-2025,3800,4000,3800
Kerala,Thiruvananthapuram,Parassala,Green Chilli,23-08-2025,7800,8000,7800
Kerala,Thiruvananthapuram,Parassala,Snakeguard,23-08-2025,3800,4000,3800
Kerala,Wayanad,Kalpetta,Banana - Green,23-08-2025,2600,2700,2700
Kerala,Wayanad,Kalpetta,Snakeguard,23-08-2025,2200,2300,2300
Kerala,Wayanad,Manathavady,Ashgourd,23-08-2025,900,900,900
Kerala,Wayanad,Manathavady,Pumpkin,23-08-2025,900,1000,1000
Kerala,Wayanad,Pulpally,Rubber,23-08-2025,17800,18000,17900
Madhya Pradesh,Badwani,Badwani(F&V),Cauliflower,23-08-2025,1500,1500,1500
Madhya Pradesh,Badwani,Badwani(F&V),Pumpkin,23-08-2025,1200,1200,1200
Madhya Pradesh,Indore,Indore(F&V),Apple,23-08-2025,3000,9000,6000
Madhya Pradesh,Indore,Indore(F&V),Banana,23-08-2025,600,1200,800
Madhya Pradesh,Indore,Indore(F&V),Bitter gourd,23-08-2025,600,1600,1200
Madhya Pradesh,Indore,Indore(F&V),Bottle gourd,23-08-2025,600,1600,1200
Madhya Pradesh,Indore,Indore(F&V),Chikoos(Sapota),23-08-2025,1000,3000,2000
Madhya Pradesh,Indore,Indore(F&V),Coriander(Leaves),23-08-2025,600,1600,1000
Madhya Pradesh,Indore,Indore(F&V),Tomato,23-08-2025,1200,3600,2400
Madhya Pradesh,Sagar,Sagar(F&V),Apple,23-08-2025,3000,5000,4000
Madhya Pradesh,Sagar,Sagar(F&V),Spinach,23-08-2025,500,700,600
Madhya Pradesh,Shajapur,Kalapipal(F&V),Onion,23-08-2025,250,1500,1130
NCT of Delhi,Delhi,Azadpur,Apple,23-08-2025,8000,12000,10000
NCT of Delhi,Delhi,Azadpur,Apple,23-08-2025,5000,7800,7000
NCT of Delhi,Delhi,Azadpur,Apple,23-08-2025,500,1200,1000
NCT of Delhi,Delhi,Azadpur,Apple,23-08-2025,9000,11000,10000
NCT of Delhi,Delhi,Azadpur,Apple,23-08-2025,7000,8500,8000
NCT of Delhi,Delhi,Azadpur,Bhindi(Ladies Finger),23-08-2025,1000,2500,1600
NCT of Delhi,Delhi,Azadpur,Bitter gourd,23-08-2025,1000,3500,2500
NCT of Delhi,Delhi,Azadpur,Bottle gourd,23-08-2025,1000,1500,1200
NCT of Delhi,Delhi,Azadpur,Cabbage,23-08-2025,400,1200,750
NCT of Delhi,Delhi,Azadpur,Carrot,23-08-2025,1000,2000,1500
NCT of Delhi,Delhi,Azadpur,Cauliflower,23-08-2025,2000,5000,3267
NCT of Delhi,Delhi,Azadpur,Chikoos(Sapota),23-08-2025,1000,3000,2000
NCT of Delhi,Delhi,Azadpur,Ginger(Green),23-08-2025,1500,6000,4000
NCT of Delhi,Delhi,Azadpur,Lemon,23-08-2025,1500,3500,2350
NCT of Delhi,Delhi,Azadpur,Mango,23-08-2025,3333,4667,4167
NCT of Delhi,Delhi,Azadpur,Tomato,23-08-2025,1200,4800,3098
NCT of Delhi,Delhi,"Fish,Poultry & Egg Market, Gazipur",Fish,23-08-2025,10000,14500,13000
NCT of Delhi,Delhi,"Fish,Poultry & Egg Market, Gazipur",Fish,23-08-2025,11000,16000,13500
NCT of Delhi,Delhi,"Fish,Poultry & Egg Market, Gazipur",Fish,23-08-2025,19000,30000,24000
NCT of Delhi,Delhi,"Fish,Poultry & Egg Market, Gazipur",Fish,23-08-2025,14000,24000,18000
NCT of Delhi,Delhi,"Fish,Poultry & Egg Market, Gazipur",Fish,23-08-2025,7000,9000,8000
NCT of Delhi,Delhi,"Fish,Poultry & Egg Market, Gazipur",Fish,23-08-2025,9500,12500,11500
NCT of Delhi,Delhi,"Fish,Poultry & Egg Market, Gazipur",Fish,23-08-2025,14000,24000,19500
NCT of Delhi,Delhi,"Fish,Poultry & Egg Market, Gazipur",Fish,23-08-2025,20000,35000,30000
NCT of Delhi,Delhi,"Fish,Poultry & Egg Market, Gazipur",Fish,23-08-2025,40000,60000,54000
NCT of Delhi,Delhi,"Fish,Poultry & Egg Market, Gazipur",Fish,23-08-2025,18000,27000,22500
NCT of Delhi,Delhi,Keshopur,Cauliflower,23-08-2025,4000,7000,6000
NCT of Delhi,Delhi,Keshopur,Raddish,23-08-2025,2500,3500,3150
Odisha,Boudh,Boudh,Brinjal,23-08-2025,3000,5000,4000
Odisha,Boudh,Boudh,Onion,23-08-2025,2000,4000,3000
Odisha,Boudh,Boudh,Pumpkin,23-08-2025,1200,2000,1500
Odisha,Boudh,Khunthabandha,Bhindi(Ladies Finger),23-08-2025,3000,4000,3500
Odisha,Boudh,Khunthabandha,Cauliflower,23-08-2025,4500,6000,5000
Odisha,Boudh,Khunthabandha,Potato,23-08-2025,1000,1500,1200
Odisha,Dhenkanal,Hindol,Banana - Green,23-08-2025,2700,3000,2800
Odisha,Dhenkanal,Hindol,Brinjal,23-08-2025,3000,4000,3500
Odisha,Dhenkanal,Hindol,Onion,23-08-2025,2000,2500,2200
Odisha,Gajapati,Parlakhemundi,Banana,23-08-2025,1800,2000,1900
Odisha,Gajapati,Parlakhemundi,Bitter gourd,23-08-2025,1300,1500,1400
Odisha,Gajapati,Parlakhemundi,Cabbage,23-08-2025,800,1000,900
Punjab,Amritsar,Rayya,Cauliflower,23-08-2025,2300,2300,2300
Punjab,Amritsar,Rayya,Raddish,23-08-2025,1800,1800,1800
Punjab,Amritsar,Rayya,Tomato,23-08-2025,4000,4000,4000
Punjab,Bhatinda,Bhagta Bhai Ka,Potato,23-08-2025,1400,1400,1400
Punjab,Bhatinda,Bhagta Bhai Ka,Tomato,23-08-2025,4500,4500,4500
Punjab,Bhatinda,Raman,Banana,23-08-2025,1895,2055,1965
Punjab,Ferozpur,Zira,Apple,23-08-2025,5500,5900,5700
Punjab,Ferozpur,Zira,Banana - Green,23-08-2025,1100,1300,1200
Punjab,Ferozpur,Zira,Cucumbar(Kheera),23-08-2025,1500,2500,2000
Punjab,Ferozpur,Zira,Green Chilli,23-08-2025,4600,5000,4800
Punjab,Gurdaspur,Dera Baba Nanak,Bhindi(Ladies Finger),23-08-2025,1600,1800,1700
Punjab,Gurdaspur,Dera Baba Nanak,Pumpkin,23-08-2025,1300,1500,1400
Punjab,Gurdaspur,Kalanaur,Bottle gourd,23-08-2025,500,500,500
Punjab,Gurdaspur,Kalanaur,Pumpkin,23-08-2025,350,350,350
Punjab,Hoshiarpur,Mukerian(Talwara),Bottle gourd,23-08-2025,2000,3000,2500
Punjab,Hoshiarpur,Mukerian(Talwara),Cauliflower,23-08-2025,4500,5500,5000
Punjab,Hoshiarpur,Mukerian(Talwara),Green Chilli,23-08-2025,3000,4000,3500
Punjab,Hoshiarpur,Mukerian(Talwara),Onion,23-08-2025,2000,2400,2200
Punjab,Hoshiarpur,Mukerian(Talwara),Potato,23-08-2025,1000,1400,1200
Punjab,Jalandhar,Bhogpur,Bhindi(Ladies Finger),23-08-2025,1500,1500,1500
Punjab,Jalandhar,Bhogpur,Sweet Pumpkin,23-08-2025,1000,1000,1000
Punjab,Ludhiana,Khanna,Bhindi(Ladies Finger),23-08-2025,1000,2000,1500
Punjab,Ludhiana,Ludhiana,Apple,23-08-2025,2500,8000,3000
Punjab,Ludhiana,Ludhiana,Cabbage,23-08-2025,500,1100,800
Punjab,Ludhiana,Ludhiana,Carrot,23-08-2025,700,1200,900
Punjab,Ludhiana,Ludhiana,Colacasia,23-08-2025,1000,1300,1100
Punjab,Ludhiana,Ludhiana,Ginger(Dry),23-08-2025,2200,3200,2800
Punjab,Ludhiana,Ludhiana,Onion,23-08-2025,500,1400,1000
Punjab,Ludhiana,Ludhiana,Pumpkin,23-08-2025,200,700,300
Punjab,Ludhiana,Ludhiana,Ridgeguard(Tori),23-08-2025,700,1800,1200
Punjab,Ludhiana,Sahnewal,Bhindi(Ladies Finger),23-08-2025,2500,2500,2500
Punjab,Ludhiana,Sahnewal,Round gourd,23-08-2025,1500,1500,1500
Punjab,Ludhiana,Sahnewal,Tomato,23-08-2025,6000,6000,6000
Punjab,Tarntaran,Harike,Bhindi(Ladies Finger),23-08-2025,700,800,800
Punjab,Tarntaran,Harike,Round gourd,23-08-2025,700,800,800
Punjab,Tarntaran,Patti,Green Chilli,23-08-2025,1500,2000,1800
Punjab,Tarntaran,Patti,Potato,23-08-2025,800,1000,900
Punjab,Tarntaran,Tarantaran,Tomato,23-08-2025,3500,4500,4000
Rajasthan,Anupgarh,Rawla,Mustard,23-08-2025,6495,7080,6788
Rajasthan,Baran,Baran,Corriander seed,23-08-2025,6899,7180,7052
Rajasthan,Ganganagar,Sriganganagar (F&V),Brinjal,23-08-2025,1300,1700,1500
Rajasthan,Ganganagar,Sriganganagar (F&V),Capsicum,23-08-2025,2600,3000,2800
Rajasthan,Ganganagar,Sriganganagar (F&V),Ginger(Green),23-08-2025,3800,4200,4000
Rajasthan,Ganganagar,Sriganganagar (F&V),Green Chilli,23-08-2025,2300,2700,2500
Rajasthan,Ganganagar,Sriganganagar (F&V),Mousambi(Sweet Lime),23-08-2025,3800,4200,4000
Rajasthan,Ganganagar,Sriganganagar (F&V),Papaya,23-08-2025,2200,2600,2400
Rajasthan,Ganganagar,Sriganganagar (F&V),Pineapple,23-08-2025,4800,5200,5000
Rajasthan,Ganganagar,Suratgarh,Garlic,23-08-2025,6800,7100,6950
Rajasthan,Ganganagar,Suratgarh,Potato,23-08-2025,1500,1600,1550
Rajasthan,Hanumangarh,Bhadara,Guar,23-08-2025,4940,5030,4985
Rajasthan,Hanumangarh,Rawatsar,Tomato,23-08-2025,3700,3700,3700
Rajasthan,Jaipur Rural,Bassi,Potato,23-08-2025,2000,2400,2200
Rajasthan,Udaipur,Fatehnagar,Wheat,23-08-2025,2610,2690,2662
Telangana,Adilabad,Adilabad(Rythu Bazar),Cabbage,23-08-2025,5000,5200,5000
Telangana,Hyderabad,Gudimalkapur,Gladiolus Cut Flower,23-08-2025,60,80,70
Telangana,Hyderabad,Gudimalkapur,Kakada,23-08-2025,300,400,350
Telangana,Hyderabad,Gudimalkapur,Rose(Loose)),23-08-2025,80,120,100
Telangana,Ranga Reddy,Chevella,Cabbage,23-08-2025,2000,2000,2000
Telangana,Ranga Reddy,Chevella,Cauliflower,23-08-2025,2000,2000,2000
Telangana,Warangal,Warangal,Capsicum,23-08-2025,5500,6000,5750
Telangana,Warangal,Warangal,Pomegranate,23-08-2025,6000,6000,6000
Tripura,North Tripura,Dasda,Bhindi(Ladies Finger),23-08-2025,3000,3500,3250
Tripura,North Tripura,Dasda,Rice,23-08-2025,3300,3500,3400
Tripura,Sepahijala,Jumpuijala,Green Chilli,23-08-2025,19000,21000,20000
Uttar Pradesh,Agra,Achnera,Lemon,23-08-2025,3400,3480,3440
Uttar Pradesh,Agra,Achnera,Pumpkin,23-08-2025,1090,1170,1130
Uttar Pradesh,Agra,Achnera,Rice,23-08-2025,3380,3420,3400
Uttar Pradesh,Agra,Achnera,Tomato,23-08-2025,3850,3950,3900
Uttar Pradesh,Agra,Achnera,Wheat,23-08-2025,2500,2640,2570
Uttar Pradesh,Agra,Agra,Colacasia,23-08-2025,1500,1700,1600
Uttar Pradesh,Agra,Agra,Green Chilli,23-08-2025,4400,4700,4550
Uttar Pradesh,Agra,Agra,Gur(Jaggery),23-08-2025,4270,4400,4320
Uttar Pradesh,Agra,Agra,Mustard,23-08-2025,6950,7250,7000
Uttar Pradesh,Agra,Agra,Onion,23-08-2025,1450,1700,1550
Uttar Pradesh,Aligarh,Aligarh,Bengal Gram(Gram)(Whole),23-08-2025,6700,6800,6750
Uttar Pradesh,Aligarh,Aligarh,Mustard Oil,23-08-2025,14250,24350,24300
Uttar Pradesh,Aligarh,Aligarh,Rice,23-08-2025,3400,3500,3450
Uttar Pradesh,Aligarh,Atrauli,Potato,23-08-2025,900,1000,950
Uttar Pradesh,Aligarh,Atrauli,Sponge gourd,23-08-2025,1700,1800,1750
Uttar Pradesh,Aligarh,Charra,Bottle gourd,23-08-2025,1400,1600,1500
Uttar Pradesh,Aligarh,Charra,Brinjal,23-08-2025,2000,2200,2100
Uttar Pradesh,Aligarh,Khair,Bhindi(Ladies Finger),23-08-2025,1200,1800,1400
Uttar Pradesh,Aligarh,Khair,Brinjal,23-08-2025,1000,1400,1200
Uttar Pradesh,Aligarh,Khair,Maize,23-08-2025,1650,1850,1758
Uttar Pradesh,Aligarh,Khair,Paddy(Dhan)(Basmati),23-08-2025,2650,2950,2850
Uttar Pradesh,Ambedkarnagar,Akbarpur,Apple,23-08-2025,7700,7880,7850
Uttar Pradesh,Ambedkarnagar,Akbarpur,Banana - Green,23-08-2025,1750,1880,1850
Uttar Pradesh,Ambedkarnagar,Akbarpur,Bengal Gram Dal (Chana Dal),23-08-2025,7450,7650,7550
Uttar Pradesh,Ambedkarnagar,Akbarpur,Bottle gourd,23-08-2025,1580,1850,1750
Uttar Pradesh,Ambedkarnagar,Akbarpur,Paddy(Dhan)(Common),23-08-2025,2150,2250,2200
Uttar Pradesh,Ambedkarnagar,Akbarpur,Pointed gourd (Parval),23-08-2025,3500,3650,3520
Uttar Pradesh,Amethi,Sultanpur,Bottle gourd,23-08-2025,1530,1570,1550
Uttar Pradesh,Amethi,Sultanpur,Cucumbar(Kheera),23-08-2025,1900,1945,1930
Uttar Pradesh,Amethi,Sultanpur,Pointed gourd (Parval),23-08-2025,2985,3035,3000
Uttar Pradesh,Amethi,Sultanpur,Potato,23-08-2025,1050,1075,1065
Uttar Pradesh,Amethi,Sultanpur,Tomato,23-08-2025,4080,4125,4100
Uttar Pradesh,Amethi,Sultanpur,Tomato,23-08-2025,3750,3785,3770
Uttar Pradesh,Amroha,Amroha,Apple,23-08-2025,8500,8700,8600
Uttar Pradesh,Amroha,Amroha,Banana - Green,23-08-2025,1730,1800,1770
Uttar Pradesh,Amroha,Amroha,Bhindi(Ladies Finger),23-08-2025,1550,1650,1620
Uttar Pradesh,Amroha,Amroha,Brinjal,23-08-2025,1600,1700,1650
Uttar Pradesh,Amroha,Amroha,Pumpkin,23-08-2025,1200,1300,1250
Uttar Pradesh,Amroha,Amroha,Rice,23-08-2025,3220,3250,3240
Uttar Pradesh,Amroha,Dhanaura,Banana,23-08-2025,1000,1500,1200
Uttar Pradesh,Amroha,Dhanaura,Garlic,23-08-2025,4500,5000,4800
Uttar Pradesh,Amroha,Dhanaura,Green Chilli,23-08-2025,2000,2500,2200
Uttar Pradesh,Amroha,Hasanpur,Pumpkin,23-08-2025,1410,1500,1450
Uttar Pradesh,Amroha,Hasanpur,Raddish,23-08-2025,1410,1500,1450
Uttar Pradesh,Amroha,Hasanpur,Ridgeguard(Tori),23-08-2025,1410,1500,1450
Uttar Pradesh,Auraiya,Achalda,Apple,23-08-2025,7100,7300,7200
Uttar Pradesh,Auraiya,Achalda,Tomato,23-08-2025,3780,4000,3910
Uttar Pradesh,Auraiya,Auraiya,Bengal Gram(Gram)(Whole),23-08-2025,5800,6050,5960
Uttar Pradesh,Auraiya,Auraiya,Bottle gourd,23-08-2025,1225,1440,1350
Uttar Pradesh,Auraiya,Auraiya,Sponge gourd,23-08-2025,1735,1920,1830
Uttar Pradesh,Auraiya,Auraiya,White Peas,23-08-2025,3500,3750,3650
Uttar Pradesh,Auraiya,Dibiapur,Onion,23-08-2025,1300,1475,1400
Uttar Pradesh,Ayodhya,Faizabad,Paddy(Dhan)(Common),23-08-2025,2100,2300,2195
Uttar Pradesh,Ayodhya,Rudauli,Green Chilli,23-08-2025,4250,4450,4330
Uttar Pradesh,Ayodhya,Rudauli,Onion,23-08-2025,1300,1400,1350
Uttar Pradesh,Ayodhya,Rudauli,Pointed gourd (Parval),23-08-2025,2600,2800,2700
Uttar Pradesh,Ayodhya,Rudauli,Pomegranate,23-08-2025,6800,6980,6900
Uttar Pradesh,Ayodhya,Rudauli,Wheat,23-08-2025,2445,2750,2550
Uttar Pradesh,Azamgarh,Azamgarh,Bottle gourd,23-08-2025,1450,1600,1525
Uttar Pradesh,Azamgarh,Azamgarh,Brinjal,23-08-2025,1700,1850,1775
Uttar Pradesh,Azamgarh,Azamgarh,Garlic,23-08-2025,6300,6450,6375
Uttar Pradesh,Azamgarh,Azamgarh,Green Gram Dal (Moong Dal),23-08-2025,9725,9825,9775
Uttar Pradesh,Azamgarh,Azamgarh,Masur Dal,23-08-2025,7650,7750,7700
Uttar Pradesh,Azamgarh,Azamgarh,Mousambi(Sweet Lime),23-08-2025,3500,3650,3570
Uttar Pradesh,Azamgarh,Azamgarh,Pointed gourd (Parval),23-08-2025,3200,3350,3275
Uttar Pradesh,Badaun,Babrala,Maize,23-08-2025,1930,1950,1940
Uttar Pradesh,Badaun,Babrala,Wood,23-08-2025,580,600,590
Uttar Pradesh,Badaun,Badayoun,Capsicum,23-08-2025,5210,5380,5285
Uttar Pradesh,Badaun,Badayoun,Maize,23-08-2025,1870,1960,1900
Uttar Pradesh,Badaun,Badayoun,Potato,23-08-2025,1000,1130,1070
Uttar Pradesh,Badaun,Badayoun,Potato,23-08-2025,900,1000,950
Uttar Pradesh,Badaun,Badayoun,Rice,23-08-2025,3370,3450,3400
Uttar Pradesh,Badaun,Shahaswan,Potato,23-08-2025,950,1100,1000
Uttar Pradesh,Badaun,Shahaswan,Pumpkin,23-08-2025,950,1100,1000
Uttar Pradesh,Badaun,Visoli,Maize,23-08-2025,2000,2005,2000
Uttar Pradesh,Badaun,Wazirganj,Bitter gourd,23-08-2025,2250,2300,2275
Uttar Pradesh,Badaun,Wazirganj,Onion,23-08-2025,1400,1450,1425
Uttar Pradesh,Badaun,Wazirganj,Potato,23-08-2025,975,1025,1000
Uttar Pradesh,Badaun,Wazirganj,Rice,23-08-2025,3400,3425,3410
Uttar Pradesh,Badaun,Wazirganj,Wheat,23-08-2025,2425,2475,2450
Uttar Pradesh,Baghpat,Bagpat,Potato,23-08-2025,1100,1300,1200
Uttar Pradesh,Baghpat,Bagpat,Pumpkin,23-08-2025,500,700,600
Uttar Pradesh,Baghpat,Baraut,Apple,23-08-2025,8650,8850,8750
Uttar Pradesh,Baghpat,Baraut,Banana - Green,23-08-2025,1700,1900,1800
Uttar Pradesh,Baghpat,Baraut,Bengal Gram Dal (Chana Dal),23-08-2025,7470,7670,7585
Uttar Pradesh,Baghpat,Baraut,Masur Dal,23-08-2025,7700,7900,7800
Uttar Pradesh,Baghpat,Khekda,Bottle gourd,23-08-2025,1200,1600,1400
Uttar Pradesh,Baghpat,Khekda,Potato,23-08-2025,1200,1500,1400
Uttar Pradesh,Bahraich,Bahraich,Colacasia,23-08-2025,1850,2050,1950
Uttar Pradesh,Bahraich,Bahraich,Ginger(Green),23-08-2025,3800,4100,3950
Uttar Pradesh,Bahraich,Bahraich,Lemon,23-08-2025,4100,4300,4200
Uttar Pradesh,Bahraich,Bahraich,Masur Dal,23-08-2025,8000,8150,8075
Uttar Pradesh,Bahraich,Bahraich,Onion,23-08-2025,1500,1700,1600
Uttar Pradesh,Bahraich,Bahraich,White Peas,23-08-2025,4100,4300,4200
Uttar Pradesh,Ballia,Ballia,Barley (Jau),23-08-2025,2325,2355,2340
Uttar Pradesh,Ballia,Ballia,Bottle gourd,23-08-2025,1500,1570,1545
Uttar Pradesh,Ballia,Ballia,Green Chilli,23-08-2025,4900,4980,4940
Uttar Pradesh,Ballia,Ballia,Gur(Jaggery),23-08-2025,4580,4650,4615
Uttar Pradesh,Ballia,Ballia,Lemon,23-08-2025,4500,4580,4540
Uttar Pradesh,Ballia,Ballia,Lentil (Masur)(Whole),23-08-2025,6860,6920,6890
Uttar Pradesh,Ballia,Ballia,Onion,23-08-2025,1420,1480,1450
Uttar Pradesh,Ballia,Ballia,Tomato,23-08-2025,4060,4140,4100
Uttar Pradesh,Ballia,Ballia,White Peas,23-08-2025,4150,4210,4180
Uttar Pradesh,Ballia,Rasda,Banana,23-08-2025,2755,2890,2810
Uttar Pradesh,Ballia,Rasda,Brinjal,23-08-2025,1655,1800,1740
Uttar Pradesh,Ballia,Rasda,Ginger(Green),23-08-2025,3650,3790,3725
Uttar Pradesh,Ballia,Rasda,Pointed gourd (Parval),23-08-2025,3175,3300,3250
Uttar Pradesh,Ballia,Rasda,Pumpkin,23-08-2025,1265,1400,1325
Uttar Pradesh,Ballia,Rasda,Raddish,23-08-2025,2175,2300,2240
Uttar Pradesh,Ballia,Vilthararoad,Apple,23-08-2025,8600,8800,8700
Uttar Pradesh,Ballia,Vilthararoad,Bottle gourd,23-08-2025,1500,1600,1550
Uttar Pradesh,Ballia,Vilthararoad,Potato,23-08-2025,1100,1200,1150
Uttar Pradesh,Balrampur,Balrampur,Garlic,23-08-2025,6500,6700,6600
Uttar Pradesh,Balrampur,Balrampur,Ginger(Green),23-08-2025,4000,4200,4100
Uttar Pradesh,Balrampur,Balrampur,Green Chilli,23-08-2025,4950,5150,5050
Uttar Pradesh,Balrampur,Balrampur,Masur Dal,23-08-2025,7950,8160,8050
Uttar Pradesh,Balrampur,Balrampur,Mousambi(Sweet Lime),23-08-2025,3800,4000,3900
Uttar Pradesh,Balrampur,Balrampur,Mustard Oil,23-08-2025,15500,15700,15600
Uttar Pradesh,Balrampur,Balrampur,Tomato,23-08-2025,4200,4400,4300
Uttar Pradesh,Balrampur,Balrampur,Wheat,23-08-2025,2400,2600,2500
Uttar Pradesh,Balrampur,Tulsipur,Apple,23-08-2025,8170,8250,8220
Uttar Pradesh,Balrampur,Tulsipur,Green Chilli,23-08-2025,1570,1670,1620
Uttar Pradesh,Banda,Banda,Cucumbar(Kheera),23-08-2025,1585,1735,1660
Uttar Pradesh,Banda,Banda,Ginger(Green),23-08-2025,3550,3750,3650
Uttar Pradesh,Banda,Banda,Lemon,23-08-2025,3000,3185,3090
Uttar Pradesh,Banda,Banda,Tomato,23-08-2025,3810,4010,3910
Uttar Pradesh,Barabanki,Barabanki,Banana,23-08-2025,2800,2900,2850
Uttar Pradesh,Barabanki,Barabanki,Bengal Gram(Gram)(Whole),23-08-2025,6650,6730,6690
Uttar Pradesh,Barabanki,Barabanki,Bottle gourd,23-08-2025,1610,1710,1660
Uttar Pradesh,Barabanki,Barabanki,Gur(Jaggery),23-08-2025,4530,4600,4570
Uttar Pradesh,Barabanki,Barabanki,Jack Fruit,23-08-2025,1650,1750,1700
Uttar Pradesh,Barabanki,Barabanki,Ridgeguard(Tori),23-08-2025,1850,1950,1900
Uttar Pradesh,Barabanki,Safdarganj,Bitter gourd,23-08-2025,2300,2400,2350
Uttar Pradesh,Barabanki,Safdarganj,Bottle gourd,23-08-2025,1650,1750,1700
Uttar Pradesh,Barabanki,Safdarganj,Ginger(Green),23-08-2025,4100,4200,4150
Uttar Pradesh,Barabanki,Safdarganj,Gur(Jaggery),23-08-2025,4500,4600,4550
Uttar Pradesh,Barabanki,Safdarganj,Lentil (Masur)(Whole),23-08-2025,7200,7300,7250
Uttar Pradesh,Barabanki,Safdarganj,Mousambi(Sweet Lime),23-08-2025,3400,3500,3450
Uttar Pradesh,Barabanki,Safdarganj,Onion,23-08-2025,1300,1400,1350
Uttar Pradesh,Barabanki,Safdarganj,Pomegranate,23-08-2025,7000,7100,7050
Uttar Pradesh,Bareilly,Anwala,Bottle gourd,23-08-2025,800,1200,1000
Uttar Pradesh,Bareilly,Anwala,Colacasia,23-08-2025,1000,1400,1200
Uttar Pradesh,Bareilly,Anwala,Pumpkin,23-08-2025,1000,1200,1100
Uttar Pradesh,Bareilly,Bareilly,Apple,23-08-2025,7800,7875,7845
Uttar Pradesh,Bareilly,Bareilly,Banana - Green,23-08-2025,1760,1825,1790
Uttar Pradesh,Bareilly,Bareilly,Onion,23-08-2025,1430,1480,1450
Uttar Pradesh,Bareilly,Bareilly,Papaya,23-08-2025,2685,2770,2725
Uttar Pradesh,Basti,Basti,Bottle gourd,23-08-2025,1500,1700,1600
Uttar Pradesh,Basti,Basti,Tomato,23-08-2025,3980,4180,4080
Uttar Pradesh,Bijnor,Bijnaur,Bhindi(Ladies Finger),23-08-2025,1600,1650,1630
Uttar Pradesh,Bijnor,Bijnaur,Gur(Jaggery),23-08-2025,4300,4350,4330
Uttar Pradesh,Bijnor,Bijnaur,Tomato,23-08-2025,4010,4060,4030
Uttar Pradesh,Bijnor,Bijnaur,Wheat,23-08-2025,2530,2600,2560
Uttar Pradesh,Bijnor,Chaandpur,Onion,23-08-2025,1000,1200,1100
Uttar Pradesh,Bijnor,Kiratpur,Banana - Green,23-08-2025,1500,1600,1550
Uttar Pradesh,Bulandshahar,Buland Shahr,Green Chilli,23-08-2025,4500,4850,4670
Uttar Pradesh,Bulandshahar,Buland Shahr,Paddy(Dhan)(Basmati),23-08-2025,3051,3121,3100
Uttar Pradesh,Bulandshahar,Buland Shahr,Pumpkin,23-08-2025,1300,1550,1400
Uttar Pradesh,Bulandshahar,Buland Shahr,Spinach,23-08-2025,1325,1650,1525
Uttar Pradesh,Bulandshahar,Divai,Green Chilli,23-08-2025,2000,2200,2100
Uttar Pradesh,Bulandshahar,Divai,Potato,23-08-2025,800,1000,900
Uttar Pradesh,Bulandshahar,Divai,Tomato,23-08-2025,3600,3800,3700
Uttar Pradesh,Bulandshahar,Gulavati,Cucumbar(Kheera),23-08-2025,1300,1500,1400
Uttar Pradesh,Bulandshahar,Gulavati,Ginger(Green),23-08-2025,6100,6300,6200
Uttar Pradesh,Bulandshahar,Jahangirabad,Black Gram Dal (Urd Dal),23-08-2025,9915,10155,10035
Uttar Pradesh,Bulandshahar,Jahangirabad,Papaya,23-08-2025,2700,2895,2790
Uttar Pradesh,Bulandshahar,Jahangirabad,Potato,23-08-2025,970,1150,1060
Uttar Pradesh,Bulandshahar,Jahangirabad,Ridgeguard(Tori),23-08-2025,1910,2100,2005
Uttar Pradesh,Bulandshahar,Khurja,Apple,23-08-2025,8500,8900,8700
Uttar Pradesh,Bulandshahar,Khurja,Banana - Green,23-08-2025,1700,1900,1810
Uttar Pradesh,Bulandshahar,Khurja,Cucumbar(Kheera),23-08-2025,1900,2100,2000
Uttar Pradesh,Bulandshahar,Khurja,Maize,23-08-2025,2240,2340,2290
Uttar Pradesh,Bulandshahar,Khurja,Onion,23-08-2025,1310,1510,1410
Uttar Pradesh,Bulandshahar,Sikarpur,Bhindi(Ladies Finger),23-08-2025,1200,1400,1300
Uttar Pradesh,Bulandshahar,Sikarpur,Bottle gourd,23-08-2025,1800,2000,1900
Uttar Pradesh,Bulandshahar,Sikarpur,Ginger(Green),23-08-2025,4400,4600,4500
Uttar Pradesh,Bulandshahar,Sikarpur,Lemon,23-08-2025,4800,5000,4900
Uttar Pradesh,Chandauli,Chandoli,Bottle gourd,23-08-2025,1500,1600,1550
Uttar Pradesh,Deoria,Devariya,Arhar Dal(Tur Dal),23-08-2025,9950,9975,9960
Uttar Pradesh,Deoria,Devariya,Bengal Gram(Gram)(Whole),23-08-2025,6630,6645,6635
Uttar Pradesh,Deoria,Devariya,Bottle gourd,23-08-2025,1510,1530,1520
Uttar Pradesh,Deoria,Devariya,Gur(Jaggery),23-08-2025,4480,4515,4500
Uttar Pradesh,Deoria,Devariya,Pomegranate,23-08-2025,6840,6860,6850
Uttar Pradesh,Etah,Etah,Barley (Jau),23-08-2025,2300,2400,2360
Uttar Pradesh,Etah,Etah,Bhindi(Ladies Finger),23-08-2025,1200,1500,1500
Uttar Pradesh,Etah,Etah,Black Gram (Urd Beans)(Whole),23-08-2025,7500,9200,8825
Uttar Pradesh,Etah,Etah,Brinjal,23-08-2025,1500,2000,1755
Uttar Pradesh,Etah,Etah,Cauliflower,23-08-2025,3000,3500,3100
Uttar Pradesh,Etah,Etah,Colacasia,23-08-2025,1500,2000,1800
Uttar Pradesh,Etah,Etah,Gur(Jaggery),23-08-2025,4200,4500,4370
Uttar Pradesh,Etah,Etah,Mousambi(Sweet Lime),23-08-2025,3000,3500,3355
Uttar Pradesh,Etah,Etah,Mustard,23-08-2025,6000,6500,6280
Uttar Pradesh,Etah,Etah,Pumpkin,23-08-2025,1000,1250,1075
Uttar Pradesh,Etawah,Bharthna,Bengal Gram(Gram)(Whole),23-08-2025,6450,6650,6550
Uttar Pradesh,Etawah,Bharthna,Green Chilli,23-08-2025,4220,4420,4320
Uttar Pradesh,Etawah,Bharthna,Maize,23-08-2025,2125,2250,2230
Uttar Pradesh,Etawah,Bharthna,Wheat,23-08-2025,2450,2560,2510
Uttar Pradesh,Etawah,Etawah,Apple,23-08-2025,6800,7300,7100
Uttar Pradesh,Etawah,Etawah,Banana,23-08-2025,2600,2900,2800
Uttar Pradesh,Etawah,Etawah,Bengal Gram(Gram)(Whole),23-08-2025,6400,6700,6600
Uttar Pradesh,Etawah,Etawah,Brinjal,23-08-2025,1300,1600,1500
Uttar Pradesh,Etawah,Etawah,Capsicum,23-08-2025,5150,5450,5350
Uttar Pradesh,Etawah,Etawah,Cauliflower,23-08-2025,3900,4200,4100
Uttar Pradesh,Etawah,Etawah,Groundnut,23-08-2025,6750,6950,6850
Uttar Pradesh,Etawah,Etawah,Maize,23-08-2025,2100,2300,2260
Uttar Pradesh,Etawah,Etawah,Papaya,23-08-2025,2800,3100,3000
Uttar Pradesh,Etawah,Etawah,Tomato,23-08-2025,3400,3700,3600
Uttar Pradesh,Etawah,Jasvantnagar,Bhindi(Ladies Finger),23-08-2025,1015,1115,1065
Uttar Pradesh,Etawah,Jasvantnagar,Cucumbar(Kheera),23-08-2025,1610,1710,1660
Uttar Pradesh,Etawah,Jasvantnagar,Ginger(Green),23-08-2025,3470,3570,3520
Uttar Pradesh,Etawah,Jasvantnagar,Lemon,23-08-2025,3560,3660,3610
Uttar Pradesh,Farukhabad,Farukhabad,Banana,23-08-2025,2700,2850,2750
Uttar Pradesh,Farukhabad,Farukhabad,Bhindi(Ladies Finger),23-08-2025,1400,1525,1450
Uttar Pradesh,Farukhabad,Farukhabad,Onion,23-08-2025,1300,1500,1400
Uttar Pradesh,Farukhabad,Farukhabad,Pointed gourd (Parval),23-08-2025,3300,3450,3400
Uttar Pradesh,Farukhabad,Farukhabad,Pumpkin,23-08-2025,1250,1400,1350
Uttar Pradesh,Farukhabad,Farukhabad,Wheat,23-08-2025,2500,2550,2525
Uttar Pradesh,Farukhabad,Kamlaganj,Bhindi(Ladies Finger),23-08-2025,1000,1015,1010
Uttar Pradesh,Farukhabad,Kamlaganj,Potato,23-08-2025,700,800,750
Uttar Pradesh,Farukhabad,Kayamganj,Banana,23-08-2025,2750,2900,2825
Uttar Pradesh,Farukhabad,Kayamganj,Ginger(Green),23-08-2025,3900,4000,3950
Uttar Pradesh,Farukhabad,Kayamganj,Potato,23-08-2025,750,900,850
Uttar Pradesh,Farukhabad,Kayamganj,Pumpkin,23-08-2025,1300,1400,1375
Uttar Pradesh,Farukhabad,Mohamadabad,Apple,23-08-2025,8100,8300,8200
Uttar Pradesh,Farukhabad,Mohamadabad,Mustard Oil,23-08-2025,14600,14800,14700
Uttar Pradesh,Farukhabad,Mohamadabad,Pomegranate,23-08-2025,5550,5750,5650
Uttar Pradesh,Farukhabad,Mohamadabad,Rice,23-08-2025,3000,3200,3100
Uttar Pradesh,Farukhabad,Mohamadabad,Wheat,23-08-2025,2515,2540,2525
Uttar Pradesh,Fatehpur,Fatehpur,Bengal Gram(Gram)(Whole),23-08-2025,6450,6650,6560
Uttar Pradesh,Fatehpur,Fatehpur,Brinjal,23-08-2025,1600,1700,1650
Uttar Pradesh,Fatehpur,Fatehpur,Onion,23-08-2025,1350,1500,1430
Uttar Pradesh,Fatehpur,Fatehpur,Potato,23-08-2025,900,1100,1000
Uttar Pradesh,Fatehpur,Fatehpur,Pumpkin,23-08-2025,1450,1650,1565
Uttar Pradesh,Fatehpur,Fatehpur,Wheat,23-08-2025,2500,2600,2540
Uttar Pradesh,Fatehpur,Khaga,Cucumbar(Kheera),23-08-2025,2000,2130,2075
Uttar Pradesh,Fatehpur,Khaga,Pointed gourd (Parval),23-08-2025,3400,3600,3475
Uttar Pradesh,Fatehpur,Khaga,Pomegranate,23-08-2025,6650,6830,6750
Uttar Pradesh,Fatehpur,Khaga,Tomato,23-08-2025,4050,4250,4140
Uttar Pradesh,Firozabad,Firozabad,Apple,23-08-2025,7700,8275,7950
Uttar Pradesh,Firozabad,Firozabad,Bengal Gram(Gram)(Whole),23-08-2025,6450,6600,6520
Uttar Pradesh,Firozabad,Firozabad,Bottle gourd,23-08-2025,1200,1430,1325
Uttar Pradesh,Firozabad,Firozabad,Cucumbar(Kheera),23-08-2025,1570,1790,1680
Uttar Pradesh,Firozabad,Firozabad,Ginger(Green),23-08-2025,3340,3575,3460
Uttar Pradesh,Firozabad,Firozabad,Green Chilli,23-08-2025,4200,4420,4330
Uttar Pradesh,Firozabad,Firozabad,Lemon,23-08-2025,3100,3350,3220
Uttar Pradesh,Firozabad,Firozabad,Potato,23-08-2025,810,1160,970
Uttar Pradesh,Firozabad,Firozabad,White Peas,23-08-2025,3960,4100,4025
Uttar Pradesh,Firozabad,Tundla,Bottle gourd,23-08-2025,1400,1450,1425
Uttar Pradesh,Firozabad,Tundla,Green Chilli,23-08-2025,4525,4575,4550
Uttar Pradesh,Firozabad,Tundla,Lemon,23-08-2025,3400,3445,3420
Uttar Pradesh,Firozabad,Tundla,Wheat,23-08-2025,2525,2575,2550
Uttar Pradesh,Gautam Budh Nagar,Dadri,Bhindi(Ladies Finger),23-08-2025,1550,1770,1650
Uttar Pradesh,Gautam Budh Nagar,Dadri,Cucumbar(Kheera),23-08-2025,1850,2060,1950
Uttar Pradesh,Gautam Budh Nagar,Dadri,Green Gram Dal (Moong Dal),23-08-2025,9500,9900,9700
Uttar Pradesh,Gautam Budh Nagar,Dadri,Lemon,23-08-2025,4250,4650,4450
Uttar Pradesh,Gautam Budh Nagar,Dadri,Spinach,23-08-2025,1600,1800,1700
Uttar Pradesh,Gautam Budh Nagar,Dadri,Tomato,23-08-2025,3900,4200,4030
Uttar Pradesh,Ghaziabad,Ghaziabad,Bengal Gram(Gram)(Whole),23-08-2025,6650,6750,6700
Uttar Pradesh,Ghaziabad,Ghaziabad,Gur(Jaggery),23-08-2025,4250,4350,4300
Uttar Pradesh,Ghaziabad,Ghaziabad,Onion,23-08-2025,1120,1220,1170
Uttar Pradesh,Ghaziabad,Ghaziabad,Papaya,23-08-2025,2730,2830,2780
Uttar Pradesh,Ghaziabad,Ghaziabad,Potato,23-08-2025,1010,1090,1050
Uttar Pradesh,Ghaziabad,Ghaziabad,Wheat,23-08-2025,2580,2600,2590
Uttar Pradesh,Ghaziabad,Ghaziabad,White Peas,23-08-2025,4270,4370,4320
Uttar Pradesh,Ghaziabad,Hapur,Apple,23-08-2025,8650,8780,8700
Uttar Pradesh,Ghaziabad,Hapur,Banana - Green,23-08-2025,1750,1860,1800
Uttar Pradesh,Ghaziabad,Hapur,Black Gram Dal (Urd Dal),23-08-2025,9940,10600,10000
Uttar Pradesh,Ghaziabad,Hapur,Brinjal,23-08-2025,1700,1800,1735
Uttar Pradesh,Ghaziabad,Hapur,Cucumbar(Kheera),23-08-2025,1900,2000,1960
Uttar Pradesh,Ghaziabad,Hapur,Rice,23-08-2025,3500,3600,3550
Uttar Pradesh,Ghazipur,Gazipur,Bhindi(Ladies Finger),23-08-2025,1670,1730,1700
Uttar Pradesh,Ghazipur,Gazipur,Brinjal,23-08-2025,1570,1630,1600
Uttar Pradesh,Ghazipur,Gazipur,Garlic,23-08-2025,6220,6280,6250
Uttar Pradesh,Ghazipur,Gazipur,Gur(Jaggery),23-08-2025,4600,4640,4610
Uttar Pradesh,Ghazipur,Gazipur,Lemon,23-08-2025,4450,4500,4480
Uttar Pradesh,Ghazipur,Gazipur,Lentil (Masur)(Whole),23-08-2025,6970,7030,7000
Uttar Pradesh,Ghazipur,Gazipur,Papaya,23-08-2025,2720,2780,2750
Uttar Pradesh,Ghazipur,Gazipur,Potato,23-08-2025,1030,1090,1060
Uttar Pradesh,Ghazipur,Yusufpur,Rice,23-08-2025,2400,2500,2450
Uttar Pradesh,Gonda,Gonda,Bengal Gram Dal (Chana Dal),23-08-2025,7700,7800,7725
Uttar Pradesh,Gonda,Gonda,Bhindi(Ladies Finger),23-08-2025,1975,2050,2000
Uttar Pradesh,Gonda,Gonda,Black Gram Dal (Urd Dal),23-08-2025,10500,10650,10600
Uttar Pradesh,Gonda,Gonda,Lemon,23-08-2025,4800,5100,4950
Uttar Pradesh,Gonda,Gonda,Ridgeguard(Tori),23-08-2025,2975,3100,3000
Uttar Pradesh,Gonda,Karnailganj,Wood,23-08-2025,300,450,400
Uttar Pradesh,Gonda,Nawabganj,Bitter gourd,23-08-2025,3050,3150,3100
Uttar Pradesh,Gonda,Nawabganj,Bottle gourd,23-08-2025,1800,1900,1850
Uttar Pradesh,Gonda,Nawabganj,Garlic,23-08-2025,6450,6650,6550
Uttar Pradesh,Gonda,Nawabganj,Paddy(Dhan)(Common),23-08-2025,2150,2250,2200
Uttar Pradesh,Gonda,Nawabganj,Papaya,23-08-2025,3100,3200,3150
Uttar Pradesh,Gonda,Nawabganj,Rice,23-08-2025,3050,3120,3100
Uttar Pradesh,Gorakhpur,Chorichora,Ginger(Green),23-08-2025,8500,9200,8800
Uttar Pradesh,Gorakhpur,Chorichora,Tomato,23-08-2025,4200,4600,4500
Uttar Pradesh,Gorakhpur,Gorakhpur,Bengal Gram(Gram)(Whole),23-08-2025,6600,6650,6625
Uttar Pradesh,Gorakhpur,Gorakhpur,Maize,23-08-2025,2360,2410,2385
Uttar Pradesh,Gorakhpur,Gorakhpur,Mousambi(Sweet Lime),23-08-2025,3500,3850,3650
Uttar Pradesh,Gorakhpur,Gorakhpur,Pointed gourd (Parval),23-08-2025,3200,3350,3250
Uttar Pradesh,Hardoi,Hardoi,Ginger(Green),23-08-2025,3820,3890,3860
Uttar Pradesh,Hardoi,Hardoi,Pumpkin,23-08-2025,1500,1580,1550
Uttar Pradesh,Hardoi,Madhoganj,Onion,23-08-2025,1400,1450,1425
Uttar Pradesh,Hardoi,Madhoganj,Tomato,23-08-2025,3800,3850,3830
Uttar Pradesh,Hardoi,Sandi,Wheat,23-08-2025,2450,2550,2520
Uttar Pradesh,Hardoi,Sandila,Ginger(Green),23-08-2025,3830,3910,3870
Uttar Pradesh,Hardoi,Sandila,Pumpkin,23-08-2025,1500,1600,1550
Uttar Pradesh,Hathras,Haathras,Apple,23-08-2025,10150,10350,10250
Uttar Pradesh,Hathras,Haathras,Bajra(Pearl Millet/Cumbu),23-08-2025,2150,2240,2220
Uttar Pradesh,Hathras,Haathras,Cabbage,23-08-2025,1200,1400,1340
Uttar Pradesh,Hathras,Haathras,Cauliflower,23-08-2025,2700,2900,2850
Uttar Pradesh,Hathras,Haathras,Cucumbar(Kheera),23-08-2025,1350,1550,1480
Uttar Pradesh,Hathras,Haathras,Ginger(Green),23-08-2025,3600,3800,3700
Uttar Pradesh,Hathras,Haathras,Green Gram (Moong)(Whole),23-08-2025,8600,8700,8682
Uttar Pradesh,Hathras,Haathras,Onion,23-08-2025,1250,1450,1350
Uttar Pradesh,Hathras,Haathras,Paddy(Dhan)(Basmati),23-08-2025,2750,2850,2800
Uttar Pradesh,Hathras,Haathras,Potato,23-08-2025,800,1000,940
Uttar Pradesh,Hathras,Haathras,Wheat,23-08-2025,2500,2570,2550
Uttar Pradesh,Jalaun (Orai),Jalaun,Barley (Jau),23-08-2025,2310,2345,2330
Uttar Pradesh,Jalaun (Orai),Jalaun,Green Peas,23-08-2025,10000,10080,10055
Uttar Pradesh,Jalaun (Orai),Orai,Banana,23-08-2025,2210,2650,2400
Uttar Pradesh,Jalaun (Orai),Orai,Barley (Jau),23-08-2025,2280,2325,2310
Uttar Pradesh,Jalaun (Orai),Orai,Green Peas,23-08-2025,10800,11250,11000
Uttar Pradesh,Jalaun (Orai),Orai,Lime,23-08-2025,2350,2850,2625
Uttar Pradesh,Jalaun (Orai),Orai,Onion,23-08-2025,1250,1600,1450
Uttar Pradesh,Jalaun (Orai),Orai,Potato,23-08-2025,1050,1250,1150
Uttar Pradesh,Jalaun (Orai),Orai,Pumpkin,23-08-2025,1000,1450,1250
Uttar Pradesh,Jaunpur,Jaunpur,Apple,23-08-2025,9240,9360,9300
Uttar Pradesh,Jaunpur,Jaunpur,Bengal Gram(Gram)(Whole),23-08-2025,6550,6650,6600
Uttar Pradesh,Jaunpur,Jaunpur,Bhindi(Ladies Finger),23-08-2025,1670,1780,1725
Uttar Pradesh,Jaunpur,Jaunpur,Cucumbar(Kheera),23-08-2025,2115,2235,2175
Uttar Pradesh,Jaunpur,Jaunpur,Green Chilli,23-08-2025,4845,4950,4900
Uttar Pradesh,Jaunpur,Jaunpur,Gur(Jaggery),23-08-2025,4620,4700,4665
Uttar Pradesh,Jaunpur,Jaunpur,Raddish,23-08-2025,2200,2325,2265
Uttar Pradesh,Jaunpur,Jaunpur,Rice,23-08-2025,3390,3440,3415
Uttar Pradesh,Jaunpur,Jaunpur,Sponge gourd,23-08-2025,2050,2150,2100
Uttar Pradesh,Jaunpur,Mugrabaadshahpur,Brinjal,23-08-2025,1520,1720,1620
Uttar Pradesh,Jaunpur,Mugrabaadshahpur,Onion,23-08-2025,1360,1560,1460
Uttar Pradesh,Jaunpur,Mugrabaadshahpur,White Peas,23-08-2025,4080,4280,4180
Uttar Pradesh,Jaunpur,Shahganj,Brinjal,23-08-2025,1600,1700,1650
Uttar Pradesh,Jaunpur,Shahganj,Pointed gourd (Parval),23-08-2025,3240,3320,3280
Uttar Pradesh,Jaunpur,Shahganj,Ridgeguard(Tori),23-08-2025,2650,2745,2700
Uttar Pradesh,Jaunpur,Shahganj,Sponge gourd,23-08-2025,2070,2150,2115
Uttar Pradesh,Jhansi,Chirgaon,Tomato,23-08-2025,4100,4250,4150
Uttar Pradesh,Jhansi,Jhansi,Bhindi(Ladies Finger),23-08-2025,1700,1850,1725
Uttar Pradesh,Jhansi,Jhansi,Bottle gourd,23-08-2025,1800,1950,1825
Uttar Pradesh,Jhansi,Jhansi,Green Chilli,23-08-2025,4000,4260,4150
Uttar Pradesh,Jhansi,Jhansi,Onion,23-08-2025,1300,1450,1320
Uttar Pradesh,Jhansi,Jhansi (Grain),Wheat,23-08-2025,2450,2550,2515
Uttar Pradesh,Jhansi,Mauranipur,Banana,23-08-2025,2000,2250,2100
Uttar Pradesh,Jhansi,Moth,Onion,23-08-2025,1340,1430,1380
Uttar Pradesh,Jhansi,Moth,Onion,23-08-2025,1010,1120,1080
Uttar Pradesh,Jhansi,Moth,Tomato,23-08-2025,4180,4300,4240
Uttar Pradesh,Kannuj,Chhibramau,Bhindi(Ladies Finger),23-08-2025,1400,1500,1450
Uttar Pradesh,Kannuj,Chhibramau,Brinjal,23-08-2025,1600,1700,1650
Uttar Pradesh,Kannuj,Chhibramau,Gur(Jaggery),23-08-2025,4125,4200,4160
Uttar Pradesh,Kannuj,Kannauj,Cucumbar(Kheera),23-08-2025,1800,1900,1850
Uttar Pradesh,Kannuj,Kannauj,Ginger(Green),23-08-2025,3920,4040,3970
Uttar Pradesh,Kannuj,Kannauj,Mustard Oil,23-08-2025,14350,14550,14450
Uttar Pradesh,Kannuj,Kannauj,Pumpkin,23-08-2025,1400,1500,1450
Uttar Pradesh,Kannuj,Kannauj,Tomato,23-08-2025,3800,3900,3850
Uttar Pradesh,Kannuj,Kannauj,Wheat,23-08-2025,2480,2570,2525
Uttar Pradesh,Kanpur,Choubepur,Barley (Jau),23-08-2025,2300,2400,2350
Uttar Pradesh,Kanpur,Choubepur,Bengal Gram(Gram)(Whole),23-08-2025,6300,6500,6400
Uttar Pradesh,Kanpur,Choubepur,Brinjal,23-08-2025,1450,1650,1550
Uttar Pradesh,Kanpur,Choubepur,Cucumbar(Kheera),23-08-2025,1650,1850,1750
Uttar Pradesh,Kanpur,Choubepur,Mustard,23-08-2025,6750,6950,6850
Uttar Pradesh,Kanpur,Choubepur,Rice,23-08-2025,3140,3240,3190
Uttar Pradesh,Kanpur,Choubepur,Ridgeguard(Tori),23-08-2025,1500,1700,1600
Uttar Pradesh,Kanpur,Kanpur(Grain),Arhar (Tur/Red Gram)(Whole),23-08-2025,7560,7660,7610
Uttar Pradesh,Kanpur,Kanpur(Grain),Jowar(Sorghum),23-08-2025,2690,2790,2740
Uttar Pradesh,Kanpur,Kanpur(Grain),Peas(Dry),23-08-2025,3970,4070,4020
Uttar Pradesh,Kanpur,Kanpur(Grain),Pomegranate,23-08-2025,5400,5600,5500
Uttar Pradesh,Kanpur,Kanpur(Grain),Rice,23-08-2025,3110,3210,3160
Uttar Pradesh,Kanpur,Uttaripura,Apple,23-08-2025,8000,8200,8100
Uttar Pradesh,Kanpur,Uttaripura,Barley (Jau),23-08-2025,2300,2400,2360
Uttar Pradesh,Kanpur,Uttaripura,Bottle gourd,23-08-2025,1000,1200,1100
Uttar Pradesh,Kanpur,Uttaripura,Garlic,23-08-2025,5950,6150,6050
Uttar Pradesh,Kanpur,Uttaripura,Mustard,23-08-2025,6850,6950,6900
Uttar Pradesh,Kanpur,Uttaripura,Ridgeguard(Tori),23-08-2025,1540,1740,1640
Uttar Pradesh,Kanpur,Uttaripura,Tomato,23-08-2025,3615,3815,3715
Uttar Pradesh,Kanpur Dehat,Pukharayan,Apple,23-08-2025,8075,8100,8090
Uttar Pradesh,Kanpur Dehat,Pukharayan,Bengal Gram(Gram)(Whole),23-08-2025,6250,6280,6270
Uttar Pradesh,Kanpur Dehat,Pukharayan,Ginger(Green),23-08-2025,4280,4300,4290
Uttar Pradesh,Kanpur Dehat,Pukharayan,Green Chilli,23-08-2025,5050,5070,5060
Uttar Pradesh,Kanpur Dehat,Pukharayan,Green Gram (Moong)(Whole),23-08-2025,8690,8710,8700
Uttar Pradesh,Kanpur Dehat,Pukharayan,Mustard,23-08-2025,6940,6960,6950
Uttar Pradesh,Kanpur Dehat,Pukharayan,Pomegranate,23-08-2025,5050,5070,5060
Uttar Pradesh,Kanpur Dehat,Pukharayan,Sponge gourd,23-08-2025,1920,1940,1930
Uttar Pradesh,Kanpur Dehat,Pukharayan,Tomato,23-08-2025,3520,3540,3530
Uttar Pradesh,Kasganj,Kasganj,Banana - Green,23-08-2025,1700,1830,1750
Uttar Pradesh,Kasganj,Kasganj,Bengal Gram(Gram)(Whole),23-08-2025,6650,6730,6700
Uttar Pradesh,Kasganj,Kasganj,Brinjal,23-08-2025,1800,1930,1850
Uttar Pradesh,Kasganj,Kasganj,Gur(Jaggery),23-08-2025,4450,4530,4500
Uttar Pradesh,Kasganj,Kasganj,Lemon,23-08-2025,8200,8400,8300
Uttar Pradesh,Kasganj,Kasganj,Pumpkin,23-08-2025,1050,1200,1100
Uttar Pradesh,Kasganj,Kasganj,Rice,23-08-2025,3450,3500,3470
Uttar Pradesh,Kaushambi,Bharwari,Wheat,23-08-2025,2450,2550,2500
Uttar Pradesh,Kaushambi,Manjhanpur,Brinjal,23-08-2025,1625,1800,1710
Uttar Pradesh,Khiri (Lakhimpur),Maigalganj,Green Chilli,23-08-2025,5600,5680,5640
Uttar Pradesh,Khiri (Lakhimpur),Maigalganj,Wheat,23-08-2025,2500,2560,2530
Uttar Pradesh,Kushinagar,Tamkuhi road,Apple,23-08-2025,7750,7800,7775
Uttar Pradesh,Kushinagar,Tamkuhi road,Rice,23-08-2025,2850,2900,2875
Uttar Pradesh,Lakhimpur,Golagokarnath,Bengal Gram(Gram)(Whole),23-08-2025,6650,6750,6700
Uttar Pradesh,Lakhimpur,Golagokarnath,Paddy(Dhan)(Common),23-08-2025,1800,1900,1840
Uttar Pradesh,Lakhimpur,Golagokarnath,Potato,23-08-2025,900,1000,950
Uttar Pradesh,Lakhimpur,Golagokarnath,Pumpkin,23-08-2025,1500,1650,1590
Uttar Pradesh,Lakhimpur,Golagokarnath,Wheat,23-08-2025,2360,2420,2410
Uttar Pradesh,Lakhimpur,Lakhimpur,Bottle gourd,23-08-2025,1600,1700,1650
Uttar Pradesh,Lakhimpur,Lakhimpur,Brinjal,23-08-2025,1730,1870,1810
Uttar Pradesh,Lakhimpur,Lakhimpur,Mustard,23-08-2025,6090,6160,6130
Uttar Pradesh,Lakhimpur,Lakhimpur,Ridgeguard(Tori),23-08-2025,1690,1830,1760
Uttar Pradesh,Lakhimpur,Paliakala,Potato,23-08-2025,1000,1100,1050
Uttar Pradesh,Lakhimpur,Paliakala,Wheat,23-08-2025,2450,2500,2475
Uttar Pradesh,Lalitpur,Lalitpur,Apple,23-08-2025,6940,7030,6980
Uttar Pradesh,Lucknow,Lucknow,Bengal Gram(Gram)(Whole),23-08-2025,6600,6800,6700
Uttar Pradesh,Lucknow,Lucknow,Brinjal,23-08-2025,1800,1900,1850
Uttar Pradesh,Lucknow,Lucknow,Colacasia,23-08-2025,2050,2150,2100
Uttar Pradesh,Lucknow,Lucknow,Ginger(Green),23-08-2025,3850,3950,3900
Uttar Pradesh,Lucknow,Lucknow,Gur(Jaggery),23-08-2025,4480,4680,4580
Uttar Pradesh,Lucknow,Lucknow,Potato,23-08-2025,1110,1210,1160
Uttar Pradesh,Maharajganj,Anandnagar,Tomato,23-08-2025,1200,1400,1300
Uttar Pradesh,Maharajganj,Gadaura,Banana - Green,23-08-2025,1300,1500,1400
Uttar Pradesh,Maharajganj,Gadaura,Ginger(Green),23-08-2025,4000,4200,4100
Uttar Pradesh,Maharajganj,Gadaura,Onion,23-08-2025,1250,1400,1300
Uttar Pradesh,Mahoba,Mahoba,Banana,23-08-2025,2100,2200,2170
Uttar Pradesh,Mahoba,Mahoba,Barley (Jau),23-08-2025,2200,2300,2250
Uttar Pradesh,Mahoba,Mahoba,Black Gram Dal (Urd Dal),23-08-2025,9900,10000,9950
Uttar Pradesh,Mahoba,Mahoba,Groundnut,23-08-2025,4500,4600,4550
Uttar Pradesh,Mahoba,Mahoba,Lentil (Masur)(Whole),23-08-2025,6250,6350,6310
Uttar Pradesh,Mahoba,Mahoba,Tomato,23-08-2025,3900,4000,3940
Uttar Pradesh,Mainpuri,Bewar,Green Chilli,23-08-2025,4600,5000,4800
Uttar Pradesh,Mainpuri,Bewar,Groundnut,23-08-2025,4300,4700,4500
Uttar Pradesh,Mainpuri,Bewar,Maize,23-08-2025,2040,2080,2060
Uttar Pradesh,Mainpuri,Mainpuri,Banana,23-08-2025,2600,2800,2700
Uttar Pradesh,Mainpuri,Mainpuri,Black Gram Dal (Urd Dal),23-08-2025,9700,9900,9800
Uttar Pradesh,Mainpuri,Mainpuri,Brinjal,23-08-2025,1400,1600,1500
Uttar Pradesh,Mainpuri,Mainpuri,Gur(Jaggery),23-08-2025,4320,4550,4440
Uttar Pradesh,Mainpuri,Mainpuri,Maize,23-08-2025,2140,2250,2225
Uttar Pradesh,Mainpuri,Mainpuri,Mustard,23-08-2025,7000,7200,7100
Uttar Pradesh,Mainpuri,Mainpuri,Pomegranate,23-08-2025,6000,6400,6300
Uttar Pradesh,Mathura,Kosikalan,Apple,23-08-2025,7700,7800,7750
Uttar Pradesh,Mathura,Kosikalan,Lemon,23-08-2025,3500,3700,3600
Uttar Pradesh,Mathura,Kosikalan,Sponge gourd,23-08-2025,1400,1600,1500
Uttar Pradesh,Mathura,Kosikalan,Wheat,23-08-2025,2500,2580,2540
Uttar Pradesh,Mathura,Mathura,Arhar Dal(Tur Dal),23-08-2025,9500,9800,9600
Uttar Pradesh,Mathura,Mathura,Banana,23-08-2025,2500,2800,2600
Uttar Pradesh,Mathura,Mathura,Cauliflower,23-08-2025,3600,4000,3800
Uttar Pradesh,Mathura,Mathura,Ginger(Green),23-08-2025,3300,3640,3450
Uttar Pradesh,Mathura,Mathura,Mousambi(Sweet Lime),23-08-2025,2600,3000,2800
Uttar Pradesh,Mathura,Mathura,Pomegranate,23-08-2025,5100,5500,5300
Uttar Pradesh,Mathura,Mathura,Pumpkin,23-08-2025,980,1190,1100
Uttar Pradesh,Mau(Maunathbhanjan),Doharighat,Cauliflower,23-08-2025,2400,2500,2450
Uttar Pradesh,Mau(Maunathbhanjan),Kopaganj,Banana,23-08-2025,1000,1200,1100
Uttar Pradesh,Mau(Maunathbhanjan),Kopaganj,Tomato,23-08-2025,2000,2200,2100
Uttar Pradesh,Meerut,Meerut,Capsicum,23-08-2025,4900,5100,5000
Uttar Pradesh,Meerut,Meerut,Green Gram Dal (Moong Dal),23-08-2025,9640,9740,9690
Uttar Pradesh,Meerut,Meerut,Potato,23-08-2025,1010,1210,1110
Uttar Pradesh,Meerut,Meerut,Raddish,23-08-2025,2000,2200,2100
Uttar Pradesh,Mirzapur,Ahirora,Cabbage,23-08-2025,800,1000,900
Uttar Pradesh,Mirzapur,Ahirora,Little gourd (Kundru),23-08-2025,1300,1500,1400
Uttar Pradesh,Mirzapur,Ahirora,Onion,23-08-2025,800,1000,900
Uttar Pradesh,Mirzapur,Mirzapur,Arhar Dal(Tur Dal),23-08-2025,9700,9815,9700
Uttar Pradesh,Mirzapur,Mirzapur,Bengal Gram(Gram)(Whole),23-08-2025,6575,6650,6600
Uttar Pradesh,Mirzapur,Mirzapur,Bottle gourd,23-08-2025,1500,1575,1545
Uttar Pradesh,Mirzapur,Mirzapur,Garlic,23-08-2025,6100,6575,6200
Uttar Pradesh,Mirzapur,Mirzapur,Green Chilli,23-08-2025,4725,4825,4775
Uttar Pradesh,Mirzapur,Mirzapur,Lemon,23-08-2025,4350,4450,4400
Uttar Pradesh,Mirzapur,Mirzapur,Onion,23-08-2025,1400,1500,1445
Uttar Pradesh,Mirzapur,Mirzapur,Wheat,23-08-2025,2515,2615,2570
Uttar Pradesh,Muzaffarnagar,Shahpur,Raddish,23-08-2025,545,610,570
Uttar Pradesh,Muzaffarnagar,Shahpur,Wood,23-08-2025,425,550,490
Uttar Pradesh,Pillibhit,Pilibhit,Onion,23-08-2025,1345,1425,1385
Uttar Pradesh,Pillibhit,Pilibhit,Pumpkin,23-08-2025,1320,1400,1360
Uttar Pradesh,Pillibhit,Pilibhit,Tomato,23-08-2025,3995,4070,4030
Uttar Pradesh,Pillibhit,Puranpur,Bitter gourd,23-08-2025,2165,2250,2205
Uttar Pradesh,Pillibhit,Puranpur,Cucumbar(Kheera),23-08-2025,1930,2010,1970
Uttar Pradesh,Pillibhit,Puranpur,Tomato,23-08-2025,3990,4065,4030
Uttar Pradesh,Pratapgarh,Pratapgarh,Bitter gourd,23-08-2025,2600,2850,2660
Uttar Pradesh,Pratapgarh,Pratapgarh,Gur(Jaggery),23-08-2025,4300,4450,4350
Uttar Pradesh,Pratapgarh,Pratapgarh,Onion,23-08-2025,1350,1550,1400
Uttar Pradesh,Pratapgarh,Pratapgarh,Pomegranate,23-08-2025,6900,7250,7000
Uttar Pradesh,Pratapgarh,Pratapgarh,Pumpkin,23-08-2025,1500,1650,1550
Uttar Pradesh,Pratapgarh,Pratapgarh,Rice,23-08-2025,3200,3350,3250
Uttar Pradesh,Prayagraj,Ajuha,Bitter gourd,23-08-2025,2600,2700,2650
Uttar Pradesh,Prayagraj,Ajuha,Bottle gourd,23-08-2025,1520,1680,1600
Uttar Pradesh,Prayagraj,Ajuha,Rice,23-08-2025,3020,3070,3050
Uttar Pradesh,Prayagraj,Ajuha,Wheat,23-08-2025,2510,2575,2550
Uttar Pradesh,Prayagraj,Allahabad,Cabbage,23-08-2025,1800,1880,1840
Uttar Pradesh,Prayagraj,Allahabad,Raddish,23-08-2025,2080,2140,2100
Uttar Pradesh,Prayagraj,Sirsa,Tomato,23-08-2025,2800,3000,2900
Uttar Pradesh,Raebarelli,Bachranwa,Onion,23-08-2025,1400,1450,1445
Uttar Pradesh,Raebarelli,Jayas,Garlic,23-08-2025,6350,6450,6400
Uttar Pradesh,Raebarelli,Lalganj,Colacasia,23-08-2025,1900,2100,2000
Uttar Pradesh,Raebarelli,Lalganj,Rice,23-08-2025,3100,3200,3150
Uttar Pradesh,Raebarelli,Lalganj,Wheat,23-08-2025,2450,2580,2550
Uttar Pradesh,Raebarelli,Raibareilly,Cucumbar(Kheera),23-08-2025,1800,1900,1860
Uttar Pradesh,Raebarelli,Raibareilly,Pointed gourd (Parval),23-08-2025,3200,3300,3250
Uttar Pradesh,Raebarelli,Raibareilly,Spinach,23-08-2025,1600,1700,1660
Uttar Pradesh,Raebarelli,Salon,Paddy(Dhan)(Common),23-08-2025,2300,2310,2305
Uttar Pradesh,Raebarelli,Salon,Tomato,23-08-2025,3860,3870,3865
Uttar Pradesh,Raebarelli,Salon,Wheat,23-08-2025,2505,2515,2510
Uttar Pradesh,Rampur,Rampur,Gur(Jaggery),23-08-2025,4250,4350,4300
Uttar Pradesh,Rampur,Rampur,Papaya,23-08-2025,2800,2890,2840
Uttar Pradesh,Rampur,Rampur,Rice,23-08-2025,3210,3310,3260
Uttar Pradesh,Rampur,Rampur,Tomato,23-08-2025,4000,4100,4050
Uttar Pradesh,Saharanpur,Deoband,Apple,23-08-2025,5000,7500,6000
Uttar Pradesh,Saharanpur,Deoband,Bitter gourd,23-08-2025,1700,2000,1900
Uttar Pradesh,Saharanpur,Deoband,Brinjal,23-08-2025,800,1500,1000
Uttar Pradesh,Saharanpur,Deoband,Carrot,23-08-2025,2000,2500,2200
Uttar Pradesh,Saharanpur,Deoband,Garlic,23-08-2025,12000,15000,13000
Uttar Pradesh,Saharanpur,Deoband,Green Chilli,23-08-2025,2000,3000,2500
Uttar Pradesh,Saharanpur,Deoband,Mango,23-08-2025,1600,2000,1800
Uttar Pradesh,Saharanpur,Deoband,Onion,23-08-2025,1000,1500,1300
Uttar Pradesh,Saharanpur,Deoband,Potato,23-08-2025,1000,1500,1200
Uttar Pradesh,Sambhal,Bhehjoi,Potato,23-08-2025,600,610,605
Uttar Pradesh,Sambhal,Sambhal,Bottle gourd,23-08-2025,700,1000,850
Uttar Pradesh,Sambhal,Sambhal,Potato,23-08-2025,600,1350,1000
Uttar Pradesh,Sant Kabir Nagar,Khalilabad,Brinjal,23-08-2025,1600,1800,1700
Uttar Pradesh,Shahjahanpur,Puwaha,Bottle gourd,23-08-2025,1300,1400,1350
Uttar Pradesh,Shahjahanpur,Puwaha,Colacasia,23-08-2025,2100,2300,2200
Uttar Pradesh,Shahjahanpur,Puwaha,Potato,23-08-2025,1030,1050,1040
Uttar Pradesh,Shahjahanpur,Puwaha,Tomato,23-08-2025,4050,4200,4100
Uttar Pradesh,Shahjahanpur,Puwaha,Wheat,23-08-2025,2550,2600,2575
Uttar Pradesh,Shahjahanpur,Shahjahanpur,Arhar Dal(Tur Dal),23-08-2025,10200,10300,10250
Uttar Pradesh,Shahjahanpur,Shahjahanpur,Green Chilli,23-08-2025,4315,4420,4370
Uttar Pradesh,Shahjahanpur,Shahjahanpur,Ridgeguard(Tori),23-08-2025,1700,1800,1740
Uttar Pradesh,Shahjahanpur,Shahjahanpur,Wheat,23-08-2025,2450,2540,2500
Uttar Pradesh,Shahjahanpur,Tilhar,Colacasia,23-08-2025,2170,2270,2220
Uttar Pradesh,Shahjahanpur,Tilhar,Ginger(Green),23-08-2025,4175,4275,4225
Uttar Pradesh,Shahjahanpur,Tilhar,Onion,23-08-2025,1335,1420,1375
Uttar Pradesh,Shahjahanpur,Tilhar,Potato,23-08-2025,1005,1090,1045
Uttar Pradesh,Shahjahanpur,Tilhar,Ridgeguard(Tori),23-08-2025,1640,1740,1690
Uttar Pradesh,Shahjahanpur,Tilhar,Wheat,23-08-2025,2460,2475,2470
Uttar Pradesh,Shamli,Kairana,Apple,23-08-2025,1700,1800,1750
Uttar Pradesh,Shamli,Kairana,Bhindi(Ladies Finger),23-08-2025,1000,1100,1050
Uttar Pradesh,Shamli,Kairana,Bottle gourd,23-08-2025,1000,1100,1050
Uttar Pradesh,Shamli,Khandhla,Bottle gourd,23-08-2025,2100,2200,2150
Uttar Pradesh,Shamli,Khandhla,Cucumbar(Kheera),23-08-2025,1400,1500,1450
Uttar Pradesh,Shamli,Khandhla,Ginger(Green),23-08-2025,5400,5500,5450
Uttar Pradesh,Shamli,Khandhla,Guava,23-08-2025,2700,2800,2750
Uttar Pradesh,Shamli,Khandhla,Onion,23-08-2025,1400,1500,1450
Uttar Pradesh,Shamli,Shamli,Black Gram Dal (Urd Dal),23-08-2025,9960,10050,10000
Uttar Pradesh,Shamli,Shamli,Bottle gourd,23-08-2025,1730,1830,1780
Uttar Pradesh,Shamli,Shamli,Cabbage,23-08-2025,1650,1750,1700
Uttar Pradesh,Shamli,Shamli,Cucumbar(Kheera),23-08-2025,1750,1850,1800
Uttar Pradesh,Shamli,Shamli,Green Chilli,23-08-2025,4450,4550,4500
Uttar Pradesh,Shamli,Shamli,Sugar,23-08-2025,4150,4210,4180
Uttar Pradesh,Shamli,Shamli,Tomato,23-08-2025,4200,4400,4300
Uttar Pradesh,Shamli,Shamli,Wheat,23-08-2025,2550,2650,2600
Uttar Pradesh,Siddharth Nagar,Naugarh,Gur(Jaggery),23-08-2025,4240,4290,4250
Uttar Pradesh,Siddharth Nagar,Naugarh,Onion,23-08-2025,1440,1460,1450
Uttar Pradesh,Siddharth Nagar,Naugarh,Potato,23-08-2025,1040,1060,1050
Uttar Pradesh,Siddharth Nagar,Sahiyapur,Arhar Dal(Tur Dal),23-08-2025,9500,9680,9580
Uttar Pradesh,Siddharth Nagar,Sahiyapur,Banana - Green,23-08-2025,1600,1780,1680
Uttar Pradesh,Siddharth Nagar,Sahiyapur,Bitter gourd,23-08-2025,1600,1780,1680
Uttar Pradesh,Siddharth Nagar,Sahiyapur,Onion,23-08-2025,1600,1780,1650
Uttar Pradesh,Sitapur,Mehmoodabad,Green Chilli,23-08-2025,4540,4610,4570
Uttar Pradesh,Sitapur,Mehmoodabad,Potato,23-08-2025,1080,1145,1110
Uttar Pradesh,Sitapur,Sitapur,Banana,23-08-2025,2600,2860,2775
Uttar Pradesh,Sitapur,Sitapur,Ginger(Green),23-08-2025,3700,4000,3865
Uttar Pradesh,Sitapur,Sitapur,Lemon,23-08-2025,2800,3550,3410
Uttar Pradesh,Sitapur,Sitapur,Lentil (Masur)(Whole),23-08-2025,6280,6720,6710
Uttar Pradesh,Sitapur,Sitapur,Onion,23-08-2025,1300,1500,1410
Uttar Pradesh,Sitapur,Sitapur,Potato,23-08-2025,1000,1200,1120
Uttar Pradesh,Sitapur,Sitapur,Wheat,23-08-2025,2480,2530,2510
Uttar Pradesh,Sitapur,Viswan,Apple,23-08-2025,8675,8775,8725
Uttar Pradesh,Sitapur,Viswan,Arhar Dal(Tur Dal),23-08-2025,9880,9980,9930
Uttar Pradesh,Sitapur,Viswan,Bottle gourd,23-08-2025,1600,1640,1620
Uttar Pradesh,Sitapur,Viswan,Brinjal,23-08-2025,1650,1690,1670
Uttar Pradesh,Sitapur,Viswan,Firewood,23-08-2025,260,300,280
Uttar Pradesh,Sitapur,Viswan,Garlic,23-08-2025,6225,6325,6275
Uttar Pradesh,Sitapur,Viswan,Ginger(Green),23-08-2025,3825,3875,3850
Uttar Pradesh,Sitapur,Viswan,Paddy(Dhan)(Common),23-08-2025,1950,2300,2045
Uttar Pradesh,Unnao,Bangarmau,Maize,23-08-2025,2190,2290,2240
Uttar Pradesh,Unnao,Bangarmau,Rice,23-08-2025,3130,3230,3180
Uttar Pradesh,Unnao,Unnao,Cucumbar(Kheera),23-08-2025,1825,1925,1875
Uttar Pradesh,Unnao,Unnao,Garlic,23-08-2025,6225,6325,6275
Uttar Pradesh,Unnao,Unnao,Wheat,23-08-2025,2550,2600,2570
Uttrakhand,Dehradoon,Rishikesh,Bhindi(Ladies Finger),23-08-2025,1000,1500,1200
Uttrakhand,Dehradoon,Rishikesh,Bitter gourd,23-08-2025,1200,2000,1550
Uttrakhand,Dehradoon,Rishikesh,Cucumbar(Kheera),23-08-2025,1850,2500,2000
Uttrakhand,Dehradoon,Rishikesh,Mango,23-08-2025,5000,7500,6500
Uttrakhand,Dehradoon,Rishikesh,Pear(Marasebu),23-08-2025,2200,4100,2850
Uttrakhand,Dehradoon,Rishikesh,Raddish,23-08-2025,850,1500,1000
Uttrakhand,Dehradoon,Rishikesh,Tomato,23-08-2025,2000,4200,2800
Uttrakhand,Garhwal (Pauri),Kotadwara,Bhindi(Ladies Finger),23-08-2025,800,1200,1000
Uttrakhand,Garhwal (Pauri),Kotadwara,Bottle gourd,23-08-2025,800,1000,900
Uttrakhand,Garhwal (Pauri),Kotadwara,Cucumbar(Kheera),23-08-2025,1800,2000,1900
Uttrakhand,Garhwal (Pauri),Kotadwara,Guava,23-08-2025,1800,2200,2000
Uttrakhand,Garhwal (Pauri),Kotadwara,Maize,23-08-2025,1300,1700,1500
Uttrakhand,Garhwal (Pauri),Kotadwara,Pomegranate,23-08-2025,2600,3000,2800
Uttrakhand,Haridwar,Haridwar Union,Tomato,23-08-2025,4200,5000,4500
Uttrakhand,Haridwar,Manglaur,Apple,23-08-2025,2600,3800,3200
Uttrakhand,Haridwar,Manglaur,Mousambi(Sweet Lime),23-08-2025,1500,2400,2000
Uttrakhand,Nanital,Ramnagar,Sponge gourd,23-08-2025,1000,1500,1250
Uttrakhand,UdhamSinghNagar,Bazpur,Pomegranate,23-08-2025,6000,6000,6000
Uttrakhand,UdhamSinghNagar,Bazpur,Rice,23-08-2025,4011,4011,4011
Uttrakhand,UdhamSinghNagar,Gadarpur,Paddy(Dhan)(Common),23-08-2025,1900,2000,1950
Uttrakhand,UdhamSinghNagar,Jaspur(UC),Apple,23-08-2025,4000,4000,4000
Uttrakhand,UdhamSinghNagar,Jaspur(UC),Bottle gourd,23-08-2025,1200,1300,1263
Uttrakhand,UdhamSinghNagar,Jaspur(UC),Raddish,23-08-2025,1100,1100,1100
Uttrakhand,UdhamSinghNagar,Kashipur,Ginger(Green),23-08-2025,3200,3600,3400
Uttrakhand,UdhamSinghNagar,Kashipur,Green Chilli,23-08-2025,1000,1400,1200
Uttrakhand,UdhamSinghNagar,Kashipur,Mango,23-08-2025,2400,2400,2400
Uttrakhand,UdhamSinghNagar,Kashipur,Onion,23-08-2025,1100,1100,1100
Uttrakhand,UdhamSinghNagar,Kashipur,Sponge gourd,23-08-2025,600,600,600
Uttrakhand,UdhamSinghNagar,Kashipur,Tomato,23-08-2025,3000,3200,3100
Uttrakhand,UdhamSinghNagar,Khateema,Banana,23-08-2025,1000,1200,1100
Uttrakhand,UdhamSinghNagar,Khateema,Tomato,23-08-2025,3000,3200,3100
Uttrakhand,UdhamSinghNagar,Kicchha,Bhindi(Ladies Finger),23-08-2025,1000,1200,1100
Uttrakhand,UdhamSinghNagar,Rudrapur,Banana,23-08-2025,3000,5000,4000
Uttrakhand,UdhamSinghNagar,Rudrapur,Brinjal,23-08-2025,1000,1500,1200
Uttrakhand,UdhamSinghNagar,Rudrapur,Cabbage,23-08-2025,5000,8000,7000
Uttrakhand,UdhamSinghNagar,Rudrapur,Cucumbar(Kheera),23-08-2025,2500,4000,3000
Uttrakhand,UdhamSinghNagar,Rudrapur,Garlic,23-08-2025,5000,7000,6000
Uttrakhand,UdhamSinghNagar,Rudrapur,Ginger(Dry),23-08-2025,8000,10000,9000
Uttrakhand,UdhamSinghNagar,Rudrapur,Green Chilli,23-08-2025,5000,7000,6000
Uttrakhand,UdhamSinghNagar,Rudrapur,Raddish,23-08-2025,2000,3000,2500
Uttrakhand,UdhamSinghNagar,Rudrapur,Sponge gourd,23-08-2025,2000,3000,2500
Uttrakhand,UdhamSinghNagar,Rudrapur,Tomato,23-08-2025,3000,4500,4000
Uttrakhand,UdhamSinghNagar,Sitarganj,Potato,23-08-2025,800,1200,1000
West Bengal,Bankura,Bishnupur(Bankura),Bottle gourd,23-08-2025,2300,3500,3000
West Bengal,Bankura,Bishnupur(Bankura),Rice,23-08-2025,4300,4500,4400
West Bengal,Bankura,Bishnupur(Bankura),Wheat,23-08-2025,2800,3200,3000
West Bengal,Bankura,Khatra,Potato,23-08-2025,1100,1200,1120
West Bengal,Darjeeling,Karsiyang(Matigara),Onion,23-08-2025,2800,3000,2900
West Bengal,Darjeeling,Siliguri,Ginger(Green),23-08-2025,5500,6000,5800
West Bengal,Darjeeling,Siliguri,Rice,23-08-2025,4600,4800,4700
West Bengal,Darjeeling,Siliguri,Squash(Chappal Kadoo),23-08-2025,1000,1200,1100
West Bengal,Howrah,Ramkrishanpur(Howrah),Brinjal,23-08-2025,5000,6500,5500
West Bengal,Kolkata,Mechua,Mango,23-08-2025,7000,9000,8000
West Bengal,Kolkata,Mechua,Pomegranate,23-08-2025,18000,20000,19000
West Bengal,Kolkata,Mechua,Pomegranate,23-08-2025,17000,19000,18000
West Bengal,Medinipur(E),Egra/contai,Green Chilli,23-08-2025,8500,8700,8600
West Bengal,Medinipur(E),Egra/contai,Onion,23-08-2025,1750,1900,1800
West Bengal,Medinipur(W),Ghatal,Mustard,23-08-2025,6100,6300,6200
West Bengal,Murshidabad,Kandi,Mustard,23-08-2025,6750,6850,6800
West Bengal,Murshidabad,Kandi,Paddy(Dhan)(Common),23-08-2025,2300,2350,2320
West Bengal,North 24 Parganas,Barasat,Potato,23-08-2025,1460,1460,1460
West Bengal,North 24 Parganas,Barasat,Pumpkin,23-08-2025,1800,1800,1800
West Bengal,North 24 Parganas,Habra,Brinjal,23-08-2025,4000,4200,4100
West Bengal,Paschim Bardhaman,Asansol,Mustard,23-08-2025,6250,6500,6350
West Bengal,Paschim Bardhaman,Asansol,Potato,23-08-2025,1050,1180,1100
West Bengal,Purba Bardhaman,Guskara,Rice,23-08-2025,3300,3320,3300
West Bengal,Purba Bardhaman,Guskara,"Sesamum(Sesame,Gingelly,Til)",23-08-2025,6000,6200,6100
West Bengal,Puruliya,Purulia,Brinjal,23-08-2025,4300,5500,4800
West Bengal,Puruliya,Purulia,Gur(Jaggery),23-08-2025,3440,3600,3550
West Bengal,Puruliya,Purulia,Potato,23-08-2025,1180,1230,1200
West Bengal,Sounth 24 Parganas,Baruipur(Canning),Bitter gourd,23-08-2025,5200,5400,5300
West Bengal,Sounth 24 Parganas,Baruipur(Canning),Brinjal,23-08-2025,6200,6400,6300
West Bengal,Sounth 24 Parganas,Baruipur(Canning),Green Chilli,23-08-2025,8500,8700,8600
West Bengal,Sounth 24 Parganas,Baruipur(Canning),Onion,23-08-2025,2300,2500,2400
